education_required,mean_annual_wage,percent_change,occupation
Not reported,54030.0,4.7543,000000
Not reported,105980.0,7.5476,110000
Bachelor's degree,220200.0,-7.6762,111011
Bachelor's degree,97500.0,6.2438,111021
Bachelor's degree,86070.0,2.407,112011
Bachelor's degree,124670.0,6.5359,112021
Bachelor's degree,125280.0,4.9608,112022
Bachelor's degree,112270.0,4.4968,112032
Bachelor's degree,110740.0,5.2133,112033
Bachelor's degree,108370.0,6.4924,113012
Bachelor's degree,91010.0,5.5833,113013
Bachelor's degree,135610.0,14.192,113021
Bachelor's degree,132350.0,16.568,113031
Bachelor's degree,110400.0,6.0903,113051
Bachelor's degree,118140.0,7.156,113061
High school diploma or equivalent,96200.0,14.477,113071
Bachelor's degree,149340.0,1.3889,113111
Bachelor's degree,117890.0,4.9667,113121
Bachelor's degree,97980.0,11.1111,113131
High school diploma or equivalent,71330.0,1.7063,119013
Bachelor's degree,44880.0,-1.7045,119031
Master's degree,93520.0,1.6298,119032
Master's degree,118510.0,4.1096,119033
Bachelor's degree,89920.0,0.1764,119039
Bachelor's degree,137220.0,7.0884,119041
High school diploma or equivalent,62980.0,5.8134,119051
High school diploma or equivalent,107970.0,0.0,119071
High school diploma or equivalent,58720.0,11.3043,119081
Bachelor's degree,109640.0,28.7918,119111
Bachelor's degree,122570.0,3.3457,119121
High school diploma or equivalent,92750.0,-9.4787,119131
High school diploma or equivalent,53810.0,3.552,119141
Bachelor's degree,68110.0,7.7393,119151
Bachelor's degree,75440.0,4.1322,119161
Associate degree,57500.0,1.2463,119171
Bachelor's degree,120390.0,4.3112,119199
Not reported,73360.0,5.5706,130000
Bachelor's degree,,3.6364,131011
Bachelor's degree,67570.0,-4.9114,131020
High school diploma or equivalent,70790.0,-4.82,131031
Postsecondary nondegree award,73980.0,-4.1475,131032
Bachelor's degree,67970.0,5.0867,131041
Bachelor's degree,70460.0,-1.7292,131051
Bachelor's degree,66160.0,5.4428,131071
Bachelor's degree,55030.0,-1.4815,131075
Bachelor's degree,72010.0,22.4781,131081
Bachelor's degree,87760.0,5.9713,131082
Bachelor's degree,90240.0,9.9492,131111
Bachelor's degree,49190.0,7.2464,131121
Bachelor's degree,58080.0,4.1219,131131
Bachelor's degree,59940.0,12.336,131141
Bachelor's degree,61340.0,7.8702,131151
Bachelor's degree,64600.0,13.9552,131161
Bachelor's degree,75850.0,4.3046,131199
Bachelor's degree,74730.0,4.9128,132011
Bachelor's degree,73220.0,2.3774,132031
Bachelor's degree,82210.0,-3.1683,132041
Bachelor's degree,74340.0,9.0409,132051
Bachelor's degree,133470.0,13.3549,132052
Bachelor's degree,86690.0,8.4416,132054
Bachelor's degree,79370.0,18.8172,132061
Bachelor's degree,46010.0,4.4271,132071
Bachelor's degree,71580.0,4.0526,132072
Bachelor's degree,54730.0,-1.6357,132081
High school diploma or equivalent,44520.0,1.7658,132082
Bachelor's degree,65820.0,3.5851,132099
Not reported,84790.0,12.7325,150000
Bachelor's degree,83040.0,9.1462,151211
Bachelor's degree,96810.0,30.0081,151212
Master's degree,107290.0,23.9544,151221
Associate degree,69320.0,7.3097,151231
"Some college, no degree",54980.0,5.3346,151232
Bachelor's degree,109030.0,3.0928,151241
Bachelor's degree,83570.0,6.3512,151242
Bachelor's degree,99270.0,7.1521,151243
Bachelor's degree,83840.0,3.8269,151244
Bachelor's degree,97450.0,-10.2778,151251
Bachelor's degree,106070.0,24.1431,151252
Bachelor's degree,75120.0,18.8506,151253
Bachelor's degree,75670.0,16.3514,151254
Bachelor's degree,95110.0,13.2353,151255
Bachelor's degree,89750.0,11.3825,151299
Bachelor's degree,81970.0,20.8092,152031
Master's degree,100220.0,30.2326,152041
Bachelor's degree,50610.0,2.0833,152099
Not reported,81240.0,8.0573,170000
Bachelor's degree,93020.0,4.2963,171011
Bachelor's degree,76540.0,2.139,171012
Bachelor's degree,65580.0,5.3892,171021
Bachelor's degree,56410.0,4.4506,171022
Bachelor's degree,115960.0,11.1111,172011
Bachelor's degree,100080.0,5.0,172031
Bachelor's degree,110400.0,10.3448,172041
Bachelor's degree,93880.0,4.6471,172051
Bachelor's degree,,4.8544,172061
Bachelor's degree,87810.0,5.1176,172071
Bachelor's degree,95730.0,11.3169,172072
Bachelor's degree,102700.0,3.3735,172081
Bachelor's degree,89680.0,3.8911,172111
Bachelor's degree,91010.0,19.9204,172112
Bachelor's degree,97740.0,11.3772,172131
Bachelor's degree,98900.0,15.1799,172141
Bachelor's degree,100760.0,-9.5477,172151
Bachelor's degree,,6.8182,172161
Bachelor's degree,109220.0,0.0,172171
Bachelor's degree,88790.0,5.1262,172199
Associate degree,57050.0,0.7899,173011
Associate degree,60850.0,3.367,173012
Associate degree,70070.0,-3.2423,173013
Associate degree,48130.0,-4.0747,173019
Associate degree,47070.0,1.0717,173022
Associate degree,67890.0,3.2362,173023
Associate degree,60850.0,-3.1008,173024
Associate degree,56060.0,-0.7212,173025
Associate degree,61710.0,8.1649,173026
Associate degree,67780.0,2.0672,173027
Associate degree,57580.0,3.1496,173029
High school diploma or equivalent,49820.0,3.7129,173031
Not reported,69820.0,6.9686,190000
Bachelor's degree,72380.0,6.0086,191012
Bachelor's degree,64060.0,5.7325,191013
Doctoral or professional degree,93900.0,8.0,191021
Bachelor's degree,63870.0,3.7313,191022
Bachelor's degree,56210.0,2.1739,191023
Bachelor's degree,73870.0,2.1472,191029
Bachelor's degree,66100.0,4.0,191031
Bachelor's degree,55270.0,0.0,191032
Doctoral or professional degree,85390.0,12.7753,191042
Bachelor's degree,69650.0,1.5385,191099
Doctoral or professional degree,131130.0,1.6393,192012
Bachelor's degree,77780.0,-2.1277,192021
Bachelor's degree,82110.0,7.4074,192031
Bachelor's degree,,2.5641,192032
Bachelor's degree,61800.0,4.7354,192041
Bachelor's degree,71040.0,5.2846,192042
Bachelor's degree,74990.0,4.3165,192099
Master's degree,82000.0,7.2816,193011
Master's degree,75930.0,-2.3256,193022
Master's degree,,5.0505,193032
Doctoral or professional degree,105140.0,12.1269,193033
Master's degree,72480.0,1.4228,193034
Master's degree,110560.0,4.2553,193039
Master's degree,61400.0,5.5762,193051
Master's degree,62970.0,2.7397,193091
Master's degree,55580.0,4.7619,193093
Bachelor's degree,73960.0,-1.023,193099
Associate degree,47420.0,6.7901,194012
Associate degree,52860.0,4.386,194013
Bachelor's degree,41920.0,6.7204,194021
Associate degree,55070.0,3.0257,194031
Associate degree,57000.0,6.5789,194042
Associate degree,61870.0,4.8128,194043
Bachelor's degree,69140.0,5.8608,194061
Associate degree,42630.0,0.4065,194071
Bachelor's degree,54030.0,15.0,194092
Associate degree,57880.0,5.8355,194099
Bachelor's degree,74510.0,14.3777,195011
High school diploma or equivalent,64040.0,19.9095,195012
Not reported,50230.0,9.6722,210000
Master's degree,59320.0,5.981,211012
Master's degree,55690.0,17.8982,211013
Master's degree,43710.0,8.5294,211015
Bachelor's degree,53690.0,21.3591,211018
Master's degree,52370.0,17.4905,211019
Bachelor's degree,46390.0,2.9871,211021
Master's degree,62040.0,9.5349,211022
Master's degree,49310.0,12.0168,211023
Bachelor's degree,62670.0,4.235,211029
Bachelor's degree,59430.0,7.7247,211091
Bachelor's degree,41270.0,1.3889,211092
High school diploma or equivalent,38050.0,9.2414,211093
High school diploma or equivalent,49550.0,13.0024,211094
Bachelor's degree,43330.0,5.3521,211099
Bachelor's degree,54510.0,5.1903,212011
Bachelor's degree,52270.0,2.5,212021
Bachelor's degree,37740.0,1.6129,212099
Not reported,92460.0,4.6016,230000
Doctoral or professional degree,112900.0,5.9287,231011
Doctoral or professional degree,64930.0,1.1527,231021
Doctoral or professional degree,129330.0,1.5291,231023
Associate degree,53910.0,3.5245,232011
Not reported,56440.0,1.9995,250000
Doctoral or professional degree,96730.0,7.5472,251011
Doctoral or professional degree,89600.0,5.8824,251021
Doctoral or professional degree,76190.0,3.7559,251022
Doctoral or professional degree,120330.0,9.4937,251032
Doctoral or professional degree,91840.0,5.4348,251041
Doctoral or professional degree,82290.0,9.3079,251042
Doctoral or professional degree,91430.0,2.7778,251051
Doctoral or professional degree,100430.0,3.7037,251052
Doctoral or professional degree,110130.0,4.5455,251053
Doctoral or professional degree,91560.0,4.3478,251054
Doctoral or professional degree,104730.0,3.5714,251061
Doctoral or professional degree,78420.0,4.5802,251062
Doctoral or professional degree,125810.0,4.4643,251063
Doctoral or professional degree,87240.0,8.3333,251064
Doctoral or professional degree,98590.0,5.1724,251065
Doctoral or professional degree,80820.0,5.8496,251066
Doctoral or professional degree,86000.0,4.2735,251067
Doctoral or professional degree,76510.0,3.1447,251069
Doctoral or professional degree,112850.0,19.5918,251071
Doctoral or professional degree,79370.0,18.7143,251072
Doctoral or professional degree,71550.0,4.2398,251081
Doctoral or professional degree,65310.0,5.3763,251082
Doctoral or professional degree,67060.0,3.0075,251111
Doctoral or professional degree,115570.0,5.2632,251112
Doctoral or professional degree,68710.0,4.6693,251113
Master's degree,68630.0,3.6735,251121
Doctoral or professional degree,70010.0,4.2146,251122
Doctoral or professional degree,70610.0,1.7241,251123
Doctoral or professional degree,75190.0,1.6807,251124
Doctoral or professional degree,82900.0,1.8519,251125
Doctoral or professional degree,79370.0,3.2787,251126
Doctoral or professional degree,68940.0,4.8951,251192
Doctoral or professional degree,69620.0,3.7736,251193
Bachelor's degree,49780.0,-0.3201,251194
Doctoral or professional degree,78410.0,4.1052,251199
Associate degree,39520.0,4.6249,252011
Bachelor's degree,57770.0,0.9607,252012
Bachelor's degree,57370.0,1.2451,252021
Bachelor's degree,58060.0,1.3635,252022
Bachelor's degree,61940.0,0.0,252023
Bachelor's degree,60460.0,1.5823,252031
Bachelor's degree,61600.0,0.7576,252032
Bachelor's degree,,1.4925,252051
Bachelor's degree,56690.0,0.3909,252052
Bachelor's degree,56290.0,0.3185,252057
Bachelor's degree,57990.0,0.8937,252058
Bachelor's degree,63430.0,2.029,252059
Bachelor's degree,44460.0,-11.8,253011
High school diploma or equivalent,41170.0,2.6266,253021
Bachelor's degree,31250.0,6.0606,253031
"Some college, no degree",34900.0,4.6738,253041
Bachelor's degree,54560.0,2.1739,253099
Master's degree,42880.0,11.4583,254011
Master's degree,50790.0,10.3659,254012
Bachelor's degree,35850.0,12.2642,254013
Master's degree,61830.0,3.0778,254022
Postsecondary nondegree award,34530.0,-5.5255,254031
Master's degree,59050.0,-3.6635,259021
Master's degree,66350.0,2.561,259031
Bachelor's degree,44610.0,4.746,259044
"Some college, no degree",30730.0,0.9545,259045
Bachelor's degree,51620.0,2.8888,259099
Not reported,53680.0,3.3641,270000
Bachelor's degree,77600.0,2.1818,271011
No formal educational credential,36510.0,6.4,271012
Bachelor's degree,35140.0,2.9605,271013
No formal educational credential,53510.0,6.8323,271019
Bachelor's degree,72860.0,4.2017,271021
High school diploma or equivalent,30820.0,-15.0943,271023
Bachelor's degree,52450.0,3.7373,271024
Bachelor's degree,67920.0,4.5627,271025
High school diploma or equivalent,36140.0,4.3044,271026
Bachelor's degree,44250.0,7.1429,271027
Bachelor's degree,56380.0,4.1916,271029
"Some college, no degree",,3.3784,272011
Bachelor's degree,60570.0,5.3107,272012
No formal educational credential,44850.0,8.5,272021
Bachelor's degree,61190.0,8.5699,272022
High school diploma or equivalent,53950.0,8.6207,272023
Bachelor's degree,45710.0,0.0,272041
No formal educational credential,,0.9868,272042
High school diploma or equivalent,,11.0787,272091
No formal educational credential,,6.0721,272099
Bachelor's degree,35030.0,-14.5679,273011
Bachelor's degree,50110.0,-11.0526,273023
Bachelor's degree,66840.0,6.8257,273031
Bachelor's degree,64980.0,-12.9472,273041
Bachelor's degree,79160.0,8.1871,273042
Bachelor's degree,60160.0,0.8785,273043
Bachelor's degree,54740.0,5.5143,273091
Postsecondary nondegree award,47260.0,17.037,273092
High school diploma or equivalent,41220.0,2.1277,273099
Postsecondary nondegree award,42340.0,7.907,274011
Associate degree,60020.0,-8.7464,274012
Postsecondary nondegree award,,1.5625,274014
Postsecondary nondegree award,30730.0,5.5556,274015
High school diploma or equivalent,37090.0,3.0303,274021
Bachelor's degree,48090.0,5.2941,274031
Bachelor's degree,42450.0,12.6935,274032
High school diploma or equivalent,56440.0,0.0,274099
Not reported,88540.0,9.0857,290000
Doctoral or professional degree,82040.0,8.3455,291011
Doctoral or professional degree,186480.0,4.3626,291021
Doctoral or professional degree,281040.0,3.937,291022
Doctoral or professional degree,,5.1724,291023
Doctoral or professional degree,168460.0,3.9216,291029
Bachelor's degree,64550.0,8.6601,291031
Doctoral or professional degree,161300.0,9.2275,291041
Doctoral or professional degree,131020.0,4.2683,291051
Master's degree,99290.0,26.5139,291071
Doctoral or professional degree,175770.0,1.5873,291081
Master's degree,86860.0,14.0343,291122
Doctoral or professional degree,87480.0,16.468,291123
Associate degree,95720.0,4.0541,291124
Bachelor's degree,49050.0,4.7059,291125
Associate degree,65330.0,14.1414,291126
Master's degree,83310.0,20.4369,291127
Bachelor's degree,50000.0,10.3448,291128
Doctoral or professional degree,104380.0,19.122,291131
Bachelor's degree,81770.0,6.5652,291141
Master's degree,185630.0,12.6582,291151
Master's degree,110370.0,45.2643,291171
Doctoral or professional degree,76370.0,12.1795,291181
Doctoral or professional degree,292390.0,2.1798,291211
Doctoral or professional degree,,3.6517,291212
Doctoral or professional degree,,3.8462,291213
Doctoral or professional degree,277370.0,2.5926,291214
Doctoral or professional degree,282140.0,3.7692,291215
Doctoral or professional degree,283180.0,2.9126,291216
Doctoral or professional degree,331120.0,1.8092,291218
Doctoral or professional degree,227730.0,0.2451,291221
Doctoral or professional degree,220150.0,7.8125,291223
Doctoral or professional degree,,3.5211,291224
Doctoral or professional degree,316730.0,2.4103,291229
Doctoral or professional degree,181610.0,0.0,291241
Doctoral or professional degree,,2.4845,291242
Doctoral or professional degree,,0.4454,291249
Associate degree,73850.0,7.3063,291292
Master's degree,90660.0,-1.7094,291299
Bachelor's degree,56820.0,5.4304,292010
Associate degree,58680.0,4.0225,292031
Associate degree,74610.0,14.6934,292032
Associate degree,86170.0,0.0,292033
Associate degree,63520.0,4.2805,292034
Associate degree,75940.0,7.1588,292035
Bachelor's degree,86280.0,0.0,292036
Postsecondary nondegree award,38200.0,6.3519,292042
Postsecondary nondegree award,50520.0,6.2944,292043
Associate degree,32130.0,4.8611,292051
High school diploma or equivalent,38570.0,7.563,292052
Postsecondary nondegree award,37210.0,9.4527,292053
Postsecondary nondegree award,52440.0,5.9397,292055
Associate degree,35370.0,20.0,292056
Postsecondary nondegree award,38250.0,12.7395,292057
Postsecondary nondegree award,55100.0,6.7245,292061
Postsecondary nondegree award,46840.0,8.2519,292072
High school diploma or equivalent,43960.0,3.7155,292081
Master's degree,94890.0,20.4082,292091
High school diploma or equivalent,54910.0,19.4969,292092
Postsecondary nondegree award,59170.0,6.7562,292099
Associate degree,60140.0,18.7198,299021
Master's degree,53150.0,16.8986,299091
Postsecondary nondegree award,76940.0,5.3045,299093
Not reported,36610.0,14.2849,310000
High school diploma or equivalent,32740.0,23.8905,311120
Postsecondary nondegree award,35980.0,5.8948,311131
High school diploma or equivalent,32850.0,4.9628,311132
High school diploma or equivalent,38320.0,4.5652,311133
Associate degree,66760.0,19.5011,312011
High school diploma or equivalent,48700.0,-2.1978,312012
Associate degree,58990.0,24.6383,312021
High school diploma or equivalent,30540.0,3.8136,312022
Postsecondary nondegree award,65000.0,17.1518,319011
Postsecondary nondegree award,41090.0,6.6628,319091
Postsecondary nondegree award,37090.0,13.9931,319092
High school diploma or equivalent,42740.0,6.0373,319093
Postsecondary nondegree award,36780.0,-9.9502,319094
High school diploma or equivalent,33030.0,-1.2941,319095
High school diploma or equivalent,33010.0,21.0755,319096
Postsecondary nondegree award,39020.0,7.6498,319097
High school diploma or equivalent,44480.0,4.5704,319099
Not reported,43120.0,2.3561,330000
High school diploma or equivalent,54000.0,-1.876,331011
High school diploma or equivalent,74820.0,4.4707,331012
Postsecondary nondegree award,65670.0,5.5249,331021
High school diploma or equivalent,47850.0,-0.1351,331091
High school diploma or equivalent,60900.0,4.7431,331099
Postsecondary nondegree award,38290.0,5.0077,332011
High school diploma or equivalent,29260.0,0.4115,333011
High school diploma or equivalent,40830.0,-5.6273,333012
High school diploma or equivalent,78850.0,1.7991,333021
Bachelor's degree,42880.0,-6.0,333031
High school diploma or equivalent,51540.0,4.7151,333051
High school diploma or equivalent,37530.0,6.3158,339011
High school diploma or equivalent,49380.0,8.1784,339021
High school diploma or equivalent,34000.0,1.3739,339032
No formal educational credential,32490.0,9.8113,339091
No formal educational credential,26280.0,11.9896,339092
High school diploma or equivalent,50730.0,-4.0,339093
High school diploma or equivalent,41610.0,7.0288,339099
Not reported,28790.0,5.1364,350000
High school diploma or equivalent,47280.0,12.0073,351011
High school diploma or equivalent,37430.0,11.7521,351012
No formal educational credential,25020.0,-7.3575,352011
No formal educational credential,30890.0,3.4699,352012
Postsecondary nondegree award,,-13.4831,352013
No formal educational credential,30880.0,29.4058,352014
No formal educational credential,31220.0,1.5504,352015
No formal educational credential,29180.0,7.1429,352019
No formal educational credential,27360.0,-0.2584,352021
No formal educational credential,33140.0,8.5787,353011
No formal educational credential,25070.0,9.0612,353023
No formal educational credential,29120.0,3.1802,353031
No formal educational credential,30470.0,7.2842,353041
No formal educational credential,28320.0,11.5614,359011
No formal educational credential,26900.0,4.1544,359021
No formal educational credential,24640.0,7.6523,359031
No formal educational credential,27060.0,10.2473,359099
Not reported,33160.0,5.377,370000
High school diploma or equivalent,41710.0,6.622,371011
High school diploma or equivalent,50990.0,6.7079,371012
No formal educational credential,32150.0,4.311,372011
No formal educational credential,28310.0,4.8134,372012
No formal educational credential,34890.0,7.361,373011
High school diploma or equivalent,43160.0,0.7092,373012
High school diploma or equivalent,39480.0,6.7586,373013
No formal educational credential,46490.0,3.8136,373019
Not reported,32550.0,5.9137,390000
High school diploma or equivalent,42430.0,7.762,391022
High school diploma or equivalent,42570.0,13.964,392011
High school diploma or equivalent,30270.0,11.0322,392021
No formal educational credential,23430.0,11.3413,393031
No formal educational credential,24270.0,8.8339,393091
High school diploma or equivalent,43680.0,0.0,393092
High school diploma or equivalent,26610.0,6.8966,393093
Associate degree,49710.0,-0.2882,394011
High school diploma or equivalent,38800.0,1.3333,394012
High school diploma or equivalent,30250.0,1.7199,394021
Associate degree,45700.0,2.619,394031
Postsecondary nondegree award,36710.0,6.3291,395011
Postsecondary nondegree award,48700.0,6.8799,395012
Postsecondary nondegree award,55060.0,8.8608,395094
High school diploma or equivalent,41000.0,13.6872,396011
High school diploma or equivalent,29820.0,9.9042,396012
High school diploma or equivalent,37410.0,7.8054,397010
High school diploma or equivalent,27510.0,-1.4695,399011
High school diploma or equivalent,45660.0,18.1581,399031
High school diploma or equivalent,29580.0,6.4356,399032
High school diploma or equivalent,27960.0,7.8094,399041
High school diploma or equivalent,26830.0,9.322,399099
Not reported,44470.0,0.2597,410000
High school diploma or equivalent,44400.0,-2.4144,411011
High school diploma or equivalent,85970.0,-0.4762,411012
No formal educational credential,26090.0,-6.087,412011
No formal educational credential,37580.0,4.9824,412022
No formal educational credential,34320.0,3.4947,412031
High school diploma or equivalent,45630.0,-12.2363,413011
High school diploma or equivalent,65080.0,6.6425,413021
Bachelor's degree,92980.0,8.6177,413031
High school diploma or equivalent,42610.0,6.8421,413041
High school diploma or equivalent,64850.0,5.2728,413091
Bachelor's degree,100750.0,4.4776,414011
High school diploma or equivalent,73370.0,3.0533,414012
No formal educational credential,34470.0,3.3994,419011
High school diploma or equivalent,72490.0,0.9223,419021
High school diploma or equivalent,52870.0,0.9554,419022
No formal educational credential,35160.0,-18.5393,419041
No formal educational credential,,-16.0659,419091
High school diploma or equivalent,50140.0,9.4157,419099
Not reported,42450.0,-3.8033,430000
High school diploma or equivalent,62570.0,-2.3204,431011
High school diploma or equivalent,35470.0,-21.6931,432011
High school diploma or equivalent,36320.0,-23.8095,432021
High school diploma or equivalent,43850.0,-6.1373,433011
High school diploma or equivalent,40960.0,0.3742,433021
"Some college, no degree",45020.0,-5.7625,433031
High school diploma or equivalent,50720.0,-16.347,433051
High school diploma or equivalent,45380.0,-4.5361,433061
High school diploma or equivalent,35560.0,-13.5029,433071
High school diploma or equivalent,52620.0,-8.453,434011
High school diploma or equivalent,39620.0,3.6086,434031
High school diploma or equivalent,38420.0,-2.4894,434051
High school diploma or equivalent,49510.0,-1.1102,434061
High school diploma or equivalent,33590.0,-14.1593,434071
High school diploma or equivalent,26310.0,5.9914,434081
High school diploma or equivalent,37700.0,-3.4416,434111
High school diploma or equivalent,26930.0,-5.5878,434121
High school diploma or equivalent,45490.0,-1.1391,434131
High school diploma or equivalent,42310.0,-13.0146,434141
"Some college, no degree",37050.0,-13.0407,434151
Associate degree,44960.0,-2.4665,434161
High school diploma or equivalent,31310.0,1.864,434171
High school diploma or equivalent,54480.0,4.7038,434181
High school diploma or equivalent,45190.0,2.8497,434199
High school diploma or equivalent,48940.0,16.5822,435011
High school diploma or equivalent,35000.0,1.6536,435021
High school diploma or equivalent,40260.0,4.6254,435031
High school diploma or equivalent,48280.0,1.2166,435032
High school diploma or equivalent,44690.0,-8.4243,435041
No formal educational credential,59320.0,-9.5668,435051
No formal educational credential,58430.0,-9.4961,435052
No formal educational credential,56250.0,-14.0257,435053
High school diploma or equivalent,55060.0,9.2593,435061
High school diploma or equivalent,40830.0,-4.0961,435071
High school diploma or equivalent,41590.0,7.5829,435111
High school diploma or equivalent,58740.0,-20.7351,436011
High school diploma or equivalent,39810.0,-22.0218,436012
High school diploma or equivalent,37740.0,6.4839,436013
High school diploma or equivalent,39980.0,-10.2137,436014
High school diploma or equivalent,33820.0,-22.8689,439021
High school diploma or equivalent,38640.0,-33.3333,439022
High school diploma or equivalent,47420.0,-1.7737,439041
High school diploma or equivalent,33080.0,-8.4633,439051
High school diploma or equivalent,36700.0,-5.5155,439061
High school diploma or equivalent,36150.0,-1.5,439071
Bachelor's degree,41800.0,-14.7541,439081
High school diploma or equivalent,43810.0,-6.5236,439199
Not reported,39030.0,1.2204,450000
High school diploma or equivalent,53970.0,4.3257,451011
Bachelor's degree,50340.0,2.0408,452011
No formal educational credential,33030.0,-7.9602,452041
No formal educational credential,44080.0,9.3333,452091
No formal educational credential,33920.0,1.9298,452092
No formal educational credential,35850.0,2.8137,452093
No formal educational credential,,-3.4483,453031
High school diploma or equivalent,33130.0,-9.2692,454022
High school diploma or equivalent,39050.0,-0.8889,454023
High school diploma or equivalent,28560.0,-21.0526,454029
Not reported,53650.0,3.3677,470000
High school diploma or equivalent,70200.0,3.1163,471011
High school diploma or equivalent,75170.0,-6.0606,472011
High school diploma or equivalent,55080.0,-0.3185,472021
High school diploma or equivalent,51660.0,2.8999,472031
No formal educational credential,39930.0,-4.8246,472041
No formal educational credential,41810.0,7.3394,472042
No formal educational credential,,-1.0101,472043
No formal educational credential,47020.0,8.5784,472044
No formal educational credential,49820.0,-4.1479,472051
No formal educational credential,43540.0,6.4646,472061
High school diploma or equivalent,48260.0,3.8194,472071
High school diploma or equivalent,57100.0,5.0368,472073
No formal educational credential,38440.0,1.0283,472081
High school diploma or equivalent,58610.0,6.6353,472111
High school diploma or equivalent,48480.0,1.3183,472121
No formal educational credential,42320.0,0.6557,472131
High school diploma or equivalent,54170.0,0.6303,472132
No formal educational credential,45100.0,1.4072,472141
No formal educational credential,36810.0,9.0909,472142
No formal educational credential,63530.0,-3.3333,472151
High school diploma or equivalent,62540.0,2.4563,472152
High school diploma or equivalent,58770.0,3.4722,472171
No formal educational credential,47450.0,0.8864,472181
High school diploma or equivalent,52790.0,-0.1021,472211
High school diploma or equivalent,64000.0,2.3843,472221
No formal educational credential,44940.0,-13.75,473011
No formal educational credential,32800.0,-2.6316,473012
High school diploma or equivalent,35720.0,-4.461,473013
High school diploma or equivalent,34320.0,1.2848,473015
No formal educational credential,35290.0,2.5974,473019
High school diploma or equivalent,58570.0,-1.0543,474011
High school diploma or equivalent,81580.0,0.8219,474021
No formal educational credential,41980.0,-1.8919,474031
High school diploma or equivalent,44630.0,-3.9427,474041
High school diploma or equivalent,36330.0,9.7969,474051
High school diploma or equivalent,64420.0,0.6865,474061
High school diploma or equivalent,43640.0,5.3459,474071
High school diploma or equivalent,46680.0,11.4286,474090
No formal educational credential,44360.0,-20.9945,475012
No formal educational credential,34040.0,-6.25,475013
High school diploma or equivalent,51360.0,-3.4735,475022
High school diploma or equivalent,53770.0,-4.1379,475023
High school diploma or equivalent,51390.0,-2.3041,475032
No formal educational credential,54490.0,0.722,475041
High school diploma or equivalent,55510.0,-29.4798,475043
No formal educational credential,60650.0,-17.5719,475044
No formal educational credential,53480.0,-13.986,475049
No formal educational credential,34050.0,-15.2174,475071
High school diploma or equivalent,56260.0,-21.0811,475081
High school diploma or equivalent,30530.0,-8.9888,475099
Not reported,55400.0,6.7971,490000
High school diploma or equivalent,74010.0,5.2872,491011
"Some college, no degree",44020.0,-6.684,492011
Associate degree,57550.0,8.1967,492021
Postsecondary nondegree award,63820.0,8.2649,492022
Postsecondary nondegree award,,-8.5714,492093
Postsecondary nondegree award,59480.0,0.7062,492094
Postsecondary nondegree award,74740.0,-0.369,492095
High school diploma or equivalent,49610.0,-13.4146,492096
Postsecondary nondegree award,47320.0,-8.1818,492097
High school diploma or equivalent,51330.0,6.7485,492098
Postsecondary nondegree award,79450.0,9.7216,493011
High school diploma or equivalent,47390.0,2.1277,493021
High school diploma or equivalent,44940.0,0.7595,493022
Postsecondary nondegree award,43540.0,4.0605,493023
High school diploma or equivalent,51530.0,2.1794,493031
High school diploma or equivalent,45540.0,9.5462,493041
High school diploma or equivalent,56990.0,6.1347,493042
High school diploma or equivalent,58790.0,5.6361,493043
High school diploma or equivalent,41920.0,7.8146,493051
Postsecondary nondegree award,43220.0,7.0833,493052
High school diploma or equivalent,39830.0,2.8529,493053
High school diploma or equivalent,43800.0,13.4615,493091
High school diploma or equivalent,42490.0,13.7931,493092
High school diploma or equivalent,34330.0,4.0126,493093
High school diploma or equivalent,46480.0,9.8361,499011
High school diploma or equivalent,60060.0,2.71,499012
Postsecondary nondegree award,53870.0,5.3648,499021
High school diploma or equivalent,42200.0,-0.3472,499031
High school diploma or equivalent,62180.0,19.2987,499041
High school diploma or equivalent,57370.0,8.0357,499043
High school diploma or equivalent,64030.0,7.8125,499044
High school diploma or equivalent,74300.0,8.0095,499051
High school diploma or equivalent,56560.0,9.282,499052
Associate degree,53330.0,15.3128,499062
High school diploma or equivalent,36180.0,-3.2967,499063
High school diploma or equivalent,74370.0,5.6604,499069
High school diploma or equivalent,47560.0,6.5596,499071
High school diploma or equivalent,40250.0,-1.087,499091
Postsecondary nondegree award,63110.0,14.6226,499092
High school diploma or equivalent,42290.0,-7.0588,499094
High school diploma or equivalent,38010.0,-14.2857,499095
High school diploma or equivalent,62300.0,3.2,499096
High school diploma or equivalent,70300.0,0.8772,499097
High school diploma or equivalent,35720.0,2.2887,499098
High school diploma or equivalent,49980.0,5.1318,499099
Not reported,46650.0,1.8816,510000
High school diploma or equivalent,70350.0,4.7575,511011
High school diploma or equivalent,49700.0,-16.0221,512021
High school diploma or equivalent,42050.0,7.1144,512028
High school diploma or equivalent,49750.0,-11.4537,512031
High school diploma or equivalent,46990.0,-10.8586,512041
High school diploma or equivalent,43920.0,3.7931,512090
No formal educational credential,35060.0,6.8019,513011
No formal educational credential,35240.0,-1.4983,513021
No formal educational credential,41030.0,1.472,513022
No formal educational credential,34520.0,-2.15,513023
No formal educational credential,47720.0,-5.8419,513091
High school diploma or equivalent,42050.0,8.9853,513092
High school diploma or equivalent,40160.0,0.7092,513093
No formal educational credential,37350.0,3.8983,513099
High school diploma or equivalent,44840.0,0.9785,514021
High school diploma or equivalent,55710.0,-4.985,514022
High school diploma or equivalent,48460.0,-7.877,514023
High school diploma or equivalent,46560.0,-5.5539,514031
High school diploma or equivalent,45910.0,-10.2564,514032
High school diploma or equivalent,43480.0,-3.7092,514033
High school diploma or equivalent,44290.0,-4.918,514034
High school diploma or equivalent,51570.0,-12.7358,514035
High school diploma or equivalent,52040.0,8.1843,514041
High school diploma or equivalent,53290.0,-2.2416,514051
High school diploma or equivalent,50390.0,-4.2735,514052
High school diploma or equivalent,,-11.1111,514061
High school diploma or equivalent,32900.0,-18.6667,514071
High school diploma or equivalent,46240.0,0.6486,514072
High school diploma or equivalent,44530.0,6.2954,514081
Postsecondary nondegree award,62190.0,-1.3122,514111
High school diploma or equivalent,47950.0,8.1046,514121
High school diploma or equivalent,54240.0,-0.4973,514122
High school diploma or equivalent,47960.0,-7.1795,514191
High school diploma or equivalent,43890.0,-3.4221,514193
High school diploma or equivalent,48130.0,-5.9524,514199
Postsecondary nondegree award,40970.0,-7.8519,515111
High school diploma or equivalent,42640.0,-5.8721,515112
High school diploma or equivalent,40360.0,-17.8712,515113
No formal educational credential,27420.0,2.5181,516011
No formal educational credential,28000.0,-21.5947,516021
No formal educational credential,27720.0,-9.3671,516031
High school diploma or equivalent,35210.0,-20.8333,516041
No formal educational credential,30290.0,-9.6405,516052
High school diploma or equivalent,33210.0,-10.5263,516062
High school diploma or equivalent,34340.0,-9.0,516063
High school diploma or equivalent,43380.0,-1.0811,516091
High school diploma or equivalent,41370.0,3.125,516093
High school diploma or equivalent,32320.0,3.3898,516099
High school diploma or equivalent,40890.0,5.2239,517011
High school diploma or equivalent,37650.0,6.424,517021
High school diploma or equivalent,35150.0,1.1194,517041
High school diploma or equivalent,35080.0,0.8691,517042
High school diploma or equivalent,97070.0,-2.7972,518012
High school diploma or equivalent,81480.0,-8.4337,518013
High school diploma or equivalent,62870.0,1.4388,518021
High school diploma or equivalent,48010.0,-4.717,518031
High school diploma or equivalent,72480.0,-3.7736,518091
High school diploma or equivalent,64660.0,-10.8434,518092
High school diploma or equivalent,71720.0,-3.1359,518093
High school diploma or equivalent,67580.0,-1.5038,518099
High school diploma or equivalent,56680.0,-5.3854,519011
High school diploma or equivalent,53440.0,-0.4425,519012
High school diploma or equivalent,41420.0,1.6327,519021
No formal educational credential,41150.0,-16.3636,519022
High school diploma or equivalent,50040.0,3.7296,519023
No formal educational credential,40520.0,-25.9259,519031
High school diploma or equivalent,42960.0,-3.0189,519032
High school diploma or equivalent,42240.0,-0.5556,519041
High school diploma or equivalent,48530.0,1.2346,519051
High school diploma or equivalent,44690.0,1.6582,519061
High school diploma or equivalent,44880.0,-3.5176,519071
High school diploma or equivalent,45410.0,-2.8391,519081
High school diploma or equivalent,47270.0,3.8168,519082
High school diploma or equivalent,35610.0,2.2222,519083
High school diploma or equivalent,43160.0,3.7999,519111
No formal educational credential,45190.0,6.993,519123
High school diploma or equivalent,51700.0,8.1299,519124
High school diploma or equivalent,48870.0,-2.9523,519161
Postsecondary nondegree award,60040.0,20.9016,519162
High school diploma or equivalent,46490.0,3.6,519191
High school diploma or equivalent,43410.0,2.6455,519192
High school diploma or equivalent,38870.0,4.5455,519193
High school diploma or equivalent,47610.0,3.2787,519194
High school diploma or equivalent,41260.0,6.1444,519195
High school diploma or equivalent,53470.0,-7.5992,519196
High school diploma or equivalent,38840.0,-1.0526,519197
High school diploma or equivalent,38510.0,-5.6072,519198
High school diploma or equivalent,37960.0,5.3532,519199
Not reported,48470.0,10.5066,530000
Postsecondary nondegree award,150530.0,6.2222,532012
High school diploma or equivalent,124400.0,11.6667,532022
High school diploma or equivalent,,14.8438,532031
High school diploma or equivalent,32860.0,0.0,533011
High school diploma or equivalent,35570.0,14.0556,533031
Postsecondary nondegree award,55070.0,7.1812,533032
High school diploma or equivalent,46580.0,13.2662,533033
High school diploma or equivalent,41330.0,0.659,533051
High school diploma or equivalent,46730.0,9.421,533052
No formal educational credential,30220.0,13.9745,533053
No formal educational credential,,26.7145,533054
No formal educational credential,32730.0,12.7466,533099
High school diploma or equivalent,76490.0,0.5634,534011
High school diploma or equivalent,,0.0,534022
High school diploma or equivalent,49640.0,8.4848,534099
No formal educational credential,47020.0,6.1143,535011
Postsecondary nondegree award,,5.3419,535021
High school diploma or equivalent,55220.0,-3.8835,536011
No formal educational credential,29120.0,2.2569,536021
No formal educational credential,30270.0,1.4629,536031
High school diploma or equivalent,50570.0,12.1212,536032
High school diploma or equivalent,,5.618,536041
High school diploma or equivalent,79540.0,5.0,536051
No formal educational credential,58550.0,16.4576,537011
High school diploma or equivalent,53640.0,2.3881,537021
No formal educational credential,26080.0,0.0,537041
No formal educational credential,46200.0,11.2852,537051
No formal educational credential,32570.0,6.3448,537061
No formal educational credential,40000.0,11.4081,537062
No formal educational credential,41900.0,24.0314,537063
No formal educational credential,35500.0,7.6306,537064
High school diploma or equivalent,38190.0,12.0981,537065
High school diploma or equivalent,50130.0,1.3245,537071
High school diploma or equivalent,49930.0,8.046,537072
No formal educational credential,38150.0,1.0393,537081
No formal educational credential,56760.0,-2.9412,537121
Not reported,54942.0,5.6073,000000
Not reported,104206.0,8.3221,110000
Bachelor's degree,203690.0,-7.5908,111011
Bachelor's degree,95771.0,7.034,111021
Bachelor's degree,93419.0,4.8309,112011
Bachelor's degree,113521.0,7.5325,112021
Bachelor's degree,126950.0,6.1876,112022
Bachelor's degree,105557.0,5.6738,112032
Bachelor's degree,122079.0,7.5269,112033
Bachelor's degree,105168.0,8.2126,113012
Bachelor's degree,92136.0,3.937,113013
Bachelor's degree,132839.0,14.5215,113021
Bachelor's degree,125136.0,16.0475,113031
Bachelor's degree,112969.0,5.2632,113051
Bachelor's degree,121479.0,5.3763,113061
High school diploma or equivalent,92192.0,12.4675,113071
Bachelor's degree,141032.0,-2.8571,113111
Bachelor's degree,118196.0,5.9846,113121
Bachelor's degree,101702.0,10.9375,113131
High school diploma or equivalent,74469.0,4.159,119013
Bachelor's degree,102647.0,7.1429,119021
Bachelor's degree,43806.0,0.0,119031
Master's degree,95322.0,7.3885,119032
Master's degree,131562.0,9.6629,119033
Bachelor's degree,75287.0,10.0,119039
Bachelor's degree,135692.0,6.1333,119041
High school diploma or equivalent,61344.0,7.7605,119051
High school diploma or equivalent,57923.0,11.1111,119081
Bachelor's degree,111628.0,32.9127,119111
Bachelor's degree,115600.0,4.2373,119121
High school diploma or equivalent,98094.0,-5.8824,119131
High school diploma or equivalent,50226.0,2.439,119141
Bachelor's degree,67338.0,8.0685,119151
Bachelor's degree,68868.0,7.4074,119161
Associate degree,59028.0,-1.2245,119171
High school diploma or equivalent,79974.0,6.7797,119179
Bachelor's degree,114636.0,4.9748,119199
Not reported,71189.0,6.1517,130000
Bachelor's degree,68479.0,-4.1056,131020
High school diploma or equivalent,79162.0,-3.2362,131031
Bachelor's degree,63224.0,4.9834,131041
Bachelor's degree,70331.0,-1.3393,131051
Bachelor's degree,63418.0,5.9026,131071
Bachelor's degree,59981.0,-0.3289,131075
Bachelor's degree,72714.0,23.2033,131081
Bachelor's degree,86223.0,5.702,131082
Bachelor's degree,91117.0,13.4054,131111
Bachelor's degree,49721.0,9.3878,131121
Bachelor's degree,62743.0,6.0166,131131
Bachelor's degree,54093.0,7.9051,131141
Bachelor's degree,61614.0,7.2187,131151
Bachelor's degree,62292.0,14.9022,131161
Bachelor's degree,73657.0,4.35,131199
Bachelor's degree,71842.0,5.8577,132011
Bachelor's degree,46707.0,1.2048,132020
Bachelor's degree,64422.0,3.8961,132031
Bachelor's degree,87693.0,-3.5714,132041
Bachelor's degree,74419.0,9.2697,132051
Bachelor's degree,108103.0,15.368,132052
Bachelor's degree,85637.0,-4.8544,132053
Bachelor's degree,82661.0,8.0808,132054
Bachelor's degree,81782.0,13.1944,132061
Bachelor's degree,47789.0,7.7778,132071
Bachelor's degree,69912.0,4.5276,132072
Bachelor's degree,44065.0,0.9036,132081
High school diploma or equivalent,39641.0,2.381,132082
Bachelor's degree,48856.0,5.0,132099
Not reported,82459.0,12.417,150000
Bachelor's degree,74170.0,6.2303,151211
Bachelor's degree,94627.0,31.4286,151212
Master's degree,91658.0,26.2626,151221
Associate degree,68297.0,6.9767,151231
"Some college, no degree",55441.0,5.0814,151232
Bachelor's degree,98561.0,3.8911,151241
Bachelor's degree,77768.0,7.2165,151242
Bachelor's degree,83415.0,8.6957,151243
Bachelor's degree,79184.0,4.0419,151244
Bachelor's degree,95320.0,-9.4915,151251
Bachelor's degree,104591.0,24.0285,151252
Bachelor's degree,71989.0,17.3554,151253
Bachelor's degree,69887.0,20.2797,151254
Bachelor's degree,105362.0,13.9344,151255
Bachelor's degree,93428.0,12.1508,151299
Bachelor's degree,80529.0,22.561,152031
Master's degree,80161.0,36.8421,152041
Bachelor's degree,98624.0,34.9432,152051
Not reported,84200.0,8.0321,170000
Bachelor's degree,93533.0,5.9041,171011
Bachelor's degree,69675.0,1.4286,171012
Bachelor's degree,60553.0,3.5714,171021
Bachelor's degree,54531.0,6.4935,171022
Bachelor's degree,100199.0,9.8039,172011
Bachelor's degree,82022.0,11.1111,172031
Bachelor's degree,121186.0,8.8235,172041
Bachelor's degree,93838.0,5.4957,172051
Bachelor's degree,80771.0,4.2857,172061
Bachelor's degree,84501.0,7.4519,172071
Bachelor's degree,98951.0,8.1818,172072
Bachelor's degree,99428.0,4.5045,172081
Bachelor's degree,98235.0,2.0833,172111
Bachelor's degree,96967.0,18.0201,172112
Bachelor's degree,102861.0,20.3125,172131
Bachelor's degree,102588.0,14.5631,172141
Bachelor's degree,,0.0,172151
Bachelor's degree,,5.5556,172171
Bachelor's degree,91294.0,6.0302,172199
Associate degree,55264.0,1.7241,173011
Associate degree,,0.0,173012
Associate degree,66424.0,-2.7778,173013
Associate degree,54719.0,-6.8966,173019
Associate degree,51130.0,1.1945,173022
Associate degree,66927.0,3.9526,173023
Associate degree,64836.0,-3.3333,173024
Associate degree,55737.0,0.0,173025
Associate degree,59638.0,7.5188,173026
Associate degree,72061.0,2.5974,173027
Associate degree,45978.0,4.6025,173029
High school diploma or equivalent,50048.0,2.2727,173031
Not reported,65658.0,8.7914,190000
Bachelor's degree,78972.0,10.0,191011
Bachelor's degree,,10.0,191012
Bachelor's degree,67213.0,10.1266,191013
Doctoral or professional degree,80022.0,7.8431,191021
Bachelor's degree,63989.0,5.4054,191022
Bachelor's degree,54714.0,1.8519,191023
Bachelor's degree,75644.0,8.2192,191029
Bachelor's degree,67815.0,7.4074,191031
Bachelor's degree,53175.0,15.3846,191032
Master's degree,60231.0,25.8824,191041
Doctoral or professional degree,81706.0,20.7317,191042
Bachelor's degree,71733.0,2.381,191099
Doctoral or professional degree,125623.0,6.6667,192012
Bachelor's degree,57832.0,0.0,192021
Bachelor's degree,77524.0,7.8431,192031
Bachelor's degree,59639.0,4.2254,192041
Bachelor's degree,66308.0,7.1895,192042
Bachelor's degree,71261.0,9.8901,192099
Master's degree,74424.0,6.1728,193011
Doctoral or professional degree,94634.0,14.1593,193033
Master's degree,71642.0,6.6225,193034
Master's degree,105424.0,8.5308,193039
Master's degree,63495.0,2.6667,193051
Bachelor's degree,66793.0,1.626,193099
Associate degree,49605.0,8.6957,194012
Bachelor's degree,45394.0,9.7701,194021
Associate degree,56527.0,4.6784,194031
Associate degree,48358.0,6.8966,194042
Associate degree,73188.0,6.1224,194043
Bachelor's degree,54381.0,8.8889,194061
Associate degree,37837.0,3.4483,194071
Associate degree,56774.0,8.8475,194099
Bachelor's degree,67073.0,14.25,195011
High school diploma or equivalent,58389.0,10.9375,195012
Not reported,51483.0,11.9512,210000
Master's degree,57743.0,11.5251,211012
Master's degree,59784.0,21.4286,211013
Master's degree,45386.0,9.7778,211015
Bachelor's degree,52806.0,25.0424,211018
Master's degree,50113.0,21.2766,211019
Bachelor's degree,49390.0,4.3964,211021
Master's degree,63215.0,13.3489,211022
Master's degree,50619.0,12.6214,211023
Bachelor's degree,73738.0,3.9683,211029
Bachelor's degree,58842.0,10.1852,211091
Bachelor's degree,42970.0,1.2987,211092
High school diploma or equivalent,38143.0,10.1116,211093
High school diploma or equivalent,50501.0,15.8273,211094
Bachelor's degree,47578.0,8.2707,211099
Bachelor's degree,58861.0,10.7438,212011
Bachelor's degree,62731.0,7.1429,212021
Bachelor's degree,37323.0,15.7895,212099
Not reported,89487.0,5.0995,230000
Doctoral or professional degree,111166.0,6.1224,231011
Doctoral or professional degree,51721.0,1.4085,231021
Doctoral or professional degree,126953.0,1.1628,231023
Associate degree,54661.0,4.788,232011
High school diploma or equivalent,53155.0,0.0,232093
Associate degree,50136.0,1.6529,232099
Not reported,62577.0,7.4858,250000
Doctoral or professional degree,108462.0,13.6691,251011
Doctoral or professional degree,102592.0,11.9048,251021
Doctoral or professional degree,87474.0,9.0909,251022
Doctoral or professional degree,125180.0,13.3333,251032
Doctoral or professional degree,94478.0,10.2564,251041
Doctoral or professional degree,95303.0,16.0494,251042
Doctoral or professional degree,,7.1429,251051
Doctoral or professional degree,123589.0,9.3023,251052
Doctoral or professional degree,,11.5385,251053
Doctoral or professional degree,115339.0,13.0435,251054
Doctoral or professional degree,,10.0,251062
Doctoral or professional degree,177677.0,7.1429,251063
Doctoral or professional degree,122176.0,10.0,251065
Doctoral or professional degree,90162.0,11.5385,251066
Doctoral or professional degree,124414.0,8.3333,251067
Doctoral or professional degree,104558.0,8.8235,251069
Doctoral or professional degree,129203.0,26.1905,251071
Doctoral or professional degree,82411.0,25.4545,251072
Doctoral or professional degree,70660.0,10.1064,251081
Doctoral or professional degree,71225.0,11.7647,251082
Doctoral or professional degree,,9.2308,251111
Doctoral or professional degree,73471.0,6.25,251113
Master's degree,74349.0,9.0361,251121
Doctoral or professional degree,76306.0,9.5238,251122
Doctoral or professional degree,75487.0,7.6087,251123
Doctoral or professional degree,78423.0,8.6957,251124
Doctoral or professional degree,88277.0,6.6667,251125
Doctoral or professional degree,82596.0,9.9338,251126
Doctoral or professional degree,69263.0,10.8108,251192
Doctoral or professional degree,70559.0,9.0909,251193
Bachelor's degree,47885.0,5.2533,251194
Doctoral or professional degree,62689.0,9.872,251199
Associate degree,40676.0,8.1227,252011
Bachelor's degree,58143.0,6.1002,252012
Bachelor's degree,58227.0,6.9466,252021
Bachelor's degree,59180.0,7.1559,252022
Bachelor's degree,61658.0,7.3664,252031
Bachelor's degree,70083.0,6.1224,252032
Bachelor's degree,59848.0,7.3171,252051
Bachelor's degree,58605.0,5.9727,252052
Bachelor's degree,57865.0,5.8309,252057
Bachelor's degree,58598.0,6.5657,252058
Bachelor's degree,66895.0,5.7692,252059
Bachelor's degree,54249.0,-9.2105,253011
High school diploma or equivalent,42577.0,9.0261,253021
Bachelor's degree,30407.0,5.2632,253031
"Some college, no degree",33841.0,8.8083,253041
Bachelor's degree,62902.0,8.2353,253099
Master's degree,40999.0,11.1111,254011
Master's degree,47652.0,7.8431,254012
Bachelor's degree,,10.5263,254013
Master's degree,62386.0,6.3889,254022
Postsecondary nondegree award,33576.0,-5.2381,254031
Master's degree,,4.717,259021
Master's degree,64175.0,6.0541,259031
Bachelor's degree,48250.0,10.8108,259044
"Some college, no degree",34751.0,6.5174,259045
Bachelor's degree,53552.0,8.3447,259099
Not reported,58337.0,6.163,270000
Bachelor's degree,74576.0,3.0612,271011
Bachelor's degree,,9.3023,271014
Bachelor's degree,74814.0,2.6316,271021
High school diploma or equivalent,32200.0,-12.8713,271023
Bachelor's degree,53192.0,5.3903,271024
Bachelor's degree,72099.0,4.2857,271025
High school diploma or equivalent,37502.0,5.3333,271026
Bachelor's degree,54706.0,6.0241,271029
"Some college, no degree",,15.0,272011
Bachelor's degree,58865.0,5.8824,272012
No formal educational credential,42754.0,18.3908,272021
Bachelor's degree,72431.0,14.2589,272022
Bachelor's degree,47101.0,9.375,272041
Bachelor's degree,38349.0,-4.0816,273011
Bachelor's degree,53315.0,-3.1008,273023
Bachelor's degree,66216.0,7.1637,273031
Bachelor's degree,66965.0,-7.1429,273041
Bachelor's degree,81253.0,6.7568,273042
Bachelor's degree,59704.0,4.0323,273043
Bachelor's degree,61435.0,8.0685,273091
Postsecondary nondegree award,44755.0,4.7619,273092
High school diploma or equivalent,45139.0,9.0909,273099
Postsecondary nondegree award,42215.0,8.5106,274011
Associate degree,61419.0,-1.9231,274012
High school diploma or equivalent,39336.0,4.7431,274021
Bachelor's degree,49690.0,7.5269,274031
Bachelor's degree,45756.0,4.4444,274032
High school diploma or equivalent,59584.0,5.5556,274099
Not reported,90817.0,13.0187,290000
Doctoral or professional degree,80266.0,8.0214,291011
Doctoral or professional degree,181707.0,7.5067,291021
Bachelor's degree,63926.0,10.4046,291031
Doctoral or professional degree,146289.0,12.9032,291041
Doctoral or professional degree,127394.0,10.4012,291051
Master's degree,94970.0,30.4527,291071
Doctoral or professional degree,,0.0,291081
Master's degree,87221.0,18.3223,291122
Doctoral or professional degree,86893.0,20.6601,291123
Associate degree,115217.0,7.6923,291124
Bachelor's degree,50200.0,7.5,291125
Associate degree,66213.0,20.8207,291126
Master's degree,81277.0,26.2153,291127
Bachelor's degree,55375.0,16.6667,291128
Doctoral or professional degree,112749.0,19.7701,291131
Bachelor's degree,81638.0,10.691,291141
Master's degree,114857.0,48.5689,291171
Doctoral or professional degree,83351.0,12.9032,291181
Doctoral or professional degree,170599.0,4.3478,291213
Doctoral or professional degree,255482.0,7.1429,291214
Doctoral or professional degree,293648.0,6.6194,291215
Doctoral or professional degree,227463.0,7.8947,291216
Doctoral or professional degree,242138.0,4.4776,291221
Doctoral or professional degree,324277.0,5.3333,291222
Doctoral or professional degree,209303.0,13.7931,291223
Doctoral or professional degree,276135.0,4.8101,291229
Doctoral or professional degree,377288.0,3.9474,291249
Associate degree,74092.0,9.8472,291292
Master's degree,92165.0,0.0,291299
Bachelor's degree,56284.0,9.5851,292010
Associate degree,57328.0,9.9644,292031
Associate degree,73026.0,20.2186,292032
Associate degree,83363.0,6.6667,292033
Associate degree,65674.0,8.4367,292034
Associate degree,76579.0,12.963,292035
Postsecondary nondegree award,41046.0,6.875,292042
Postsecondary nondegree award,51796.0,7.4586,292043
Associate degree,36239.0,10.8696,292051
High school diploma or equivalent,40465.0,9.544,292052
Postsecondary nondegree award,53283.0,11.3082,292055
Associate degree,36684.0,20.8394,292056
Postsecondary nondegree award,39177.0,15.0235,292057
Postsecondary nondegree award,55570.0,9.9526,292061
Postsecondary nondegree award,48956.0,11.6375,292072
High school diploma or equivalent,46787.0,3.2051,292081
Master's degree,,23.0769,292091
High school diploma or equivalent,62380.0,23.0769,292092
Postsecondary nondegree award,60463.0,9.0573,292099
Associate degree,62850.0,22.9268,299021
Master's degree,52349.0,17.8571,299091
Postsecondary nondegree award,87695.0,9.4118,299093
Not reported,37449.0,16.4061,310000
High school diploma or equivalent,32251.0,25.1955,311120
Postsecondary nondegree award,36813.0,9.9,311131
Associate degree,59867.0,29.803,312021
High school diploma or equivalent,33070.0,4.4444,312022
Postsecondary nondegree award,67078.0,16.1654,319011
Postsecondary nondegree award,39647.0,9.2326,319091
Postsecondary nondegree award,37933.0,17.4973,319092
High school diploma or equivalent,45356.0,11.5894,319093
Postsecondary nondegree award,39203.0,-10.3704,319094
High school diploma or equivalent,33986.0,0.0,319095
High school diploma or equivalent,32554.0,22.063,319096
Postsecondary nondegree award,40951.0,11.5566,319097
High school diploma or equivalent,47816.0,7.7778,319099
Not reported,43887.0,1.1647,330000
High school diploma or equivalent,56452.0,-2.5381,331011
High school diploma or equivalent,78473.0,3.8043,331012
Postsecondary nondegree award,70685.0,2.8777,331021
High school diploma or equivalent,46920.0,-2.2599,331091
High school diploma or equivalent,55185.0,4.918,331099
Postsecondary nondegree award,37490.0,2.7928,332011
High school diploma or equivalent,29488.0,-2.2472,333011
High school diploma or equivalent,42790.0,-6.8571,333012
High school diploma or equivalent,80024.0,1.3158,333021
Bachelor's degree,42373.0,-5.8824,333031
High school diploma or equivalent,,0.0,333041
High school diploma or equivalent,53616.0,2.8933,333051
High school diploma or equivalent,35388.0,3.3898,339011
High school diploma or equivalent,44942.0,13.1579,339021
High school diploma or equivalent,34434.0,-0.0748,339032
No formal educational credential,32484.0,4.1237,339091
No formal educational credential,25665.0,9.1241,339092
High school diploma or equivalent,44940.0,7.2664,339099
Not reported,29221.0,6.2396,350000
High school diploma or equivalent,52496.0,13.8667,351011
High school diploma or equivalent,37927.0,13.2963,351012
No formal educational credential,24860.0,-6.8074,352011
No formal educational credential,32702.0,7.8908,352012
Postsecondary nondegree award,,-16.6667,352013
No formal educational credential,31099.0,30.1144,352014
No formal educational credential,33823.0,5.2632,352015
No formal educational credential,29072.0,9.5238,352019
No formal educational credential,28140.0,0.8326,352021
No formal educational credential,33755.0,9.816,353011
No formal educational credential,25211.0,9.6999,353023
No formal educational credential,29800.0,3.9188,353031
No formal educational credential,29170.0,9.6033,353041
No formal educational credential,28785.0,12.6761,359011
No formal educational credential,27030.0,4.4814,359021
No formal educational credential,24920.0,8.4,359031
No formal educational credential,26798.0,9.0909,359099
Not reported,33476.0,3.7016,370000
High school diploma or equivalent,43188.0,7.0932,371011
High school diploma or equivalent,49236.0,2.6895,371012
No formal educational credential,32892.0,3.4054,372011
No formal educational credential,27863.0,3.8572,372012
No formal educational credential,34864.0,3.6502,373011
High school diploma or equivalent,,11.1111,373012
High school diploma or equivalent,,2.4,373013
No formal educational credential,50012.0,0.0,373019
Not reported,32329.0,7.2942,390000
High school diploma or equivalent,42477.0,9.5912,391022
High school diploma or equivalent,43658.0,22.5926,392011
High school diploma or equivalent,30971.0,11.6517,392021
No formal educational credential,23673.0,7.7482,393091
High school diploma or equivalent,,7.6923,393093
High school diploma or equivalent,29478.0,-1.5873,394021
Associate degree,44888.0,0.0,394031
Postsecondary nondegree award,37610.0,4.9961,395012
Postsecondary nondegree award,40838.0,7.0423,395092
Postsecondary nondegree award,51867.0,7.8049,395094
High school diploma or equivalent,30609.0,11.5385,396011
High school diploma or equivalent,29295.0,12.3288,396012
High school diploma or equivalent,28129.0,-0.1997,399011
High school diploma or equivalent,49197.0,17.6471,399031
High school diploma or equivalent,30163.0,6.383,399032
High school diploma or equivalent,32013.0,12.1622,399041
High school diploma or equivalent,32922.0,13.8686,399099
Not reported,44997.0,1.4586,410000
High school diploma or equivalent,45650.0,-1.3425,411011
High school diploma or equivalent,86709.0,-1.5021,411012
No formal educational credential,26649.0,-5.5716,412011
No formal educational credential,38619.0,5.178,412022
No formal educational credential,34800.0,5.5537,412031
High school diploma or equivalent,50608.0,-7.4257,413011
High school diploma or equivalent,68202.0,8.213,413021
Bachelor's degree,87209.0,9.3972,413031
High school diploma or equivalent,43099.0,3.5088,413041
High school diploma or equivalent,68218.0,5.6973,413091
Bachelor's degree,98711.0,6.7055,414011
High school diploma or equivalent,73387.0,5.7413,414012
No formal educational credential,35786.0,5.0,419011
High school diploma or equivalent,76451.0,1.3514,419021
High school diploma or equivalent,56221.0,0.3776,419022
Bachelor's degree,123291.0,5.7143,419031
High school diploma or equivalent,49139.0,10.076,419099
Not reported,42441.0,-3.2974,430000
High school diploma or equivalent,43827.0,-5.5105,433011
High school diploma or equivalent,41272.0,3.8961,433021
"Some college, no degree",45142.0,-4.8093,433031
High school diploma or equivalent,50894.0,-13.9949,433051
High school diploma or equivalent,46104.0,-2.7322,433061
High school diploma or equivalent,34874.0,-13.4945,433071
High school diploma or equivalent,53331.0,-6.5693,434011
High school diploma or equivalent,40186.0,1.6248,434031
High school diploma or equivalent,38867.0,-2.8538,434051
High school diploma or equivalent,46390.0,1.3605,434061
High school diploma or equivalent,35503.0,-11.236,434071
High school diploma or equivalent,26210.0,6.3625,434081
High school diploma or equivalent,38166.0,-6.8966,434111
High school diploma or equivalent,24856.0,-6.5934,434121
High school diploma or equivalent,45271.0,-1.7032,434131
High school diploma or equivalent,40704.0,-14.2202,434141
"Some college, no degree",36317.0,-14.8289,434151
Associate degree,44450.0,-1.4085,434161
High school diploma or equivalent,31610.0,2.9478,434171
High school diploma or equivalent,42428.0,7.8652,434181
High school diploma or equivalent,45249.0,4.4444,434199
High school diploma or equivalent,46651.0,14.9733,435011
High school diploma or equivalent,34535.0,3.4816,435021
High school diploma or equivalent,41805.0,3.8869,435031
High school diploma or equivalent,44974.0,-0.9174,435032
High school diploma or equivalent,45080.0,-10.2941,435041
No formal educational credential,62308.0,-5.8824,435051
No formal educational credential,59052.0,-4.7535,435052
No formal educational credential,58236.0,-10.4938,435053
High school diploma or equivalent,53578.0,9.3532,435061
High school diploma or equivalent,40327.0,-3.8748,435071
High school diploma or equivalent,41335.0,2.8986,435111
High school diploma or equivalent,57097.0,-19.7107,436011
High school diploma or equivalent,39670.0,-20.625,436012
High school diploma or equivalent,39569.0,10.1155,436013
High school diploma or equivalent,40273.0,-9.9898,436014
High school diploma or equivalent,34523.0,-23.8426,439021
High school diploma or equivalent,37450.0,-11.7647,439022
Associate degree,34893.0,-15.7895,439031
High school diploma or equivalent,49168.0,-0.8889,439041
High school diploma or equivalent,32353.0,-6.6667,439051
High school diploma or equivalent,38429.0,-4.4942,439061
High school diploma or equivalent,35034.0,-3.7736,439071
High school diploma or equivalent,41930.0,-6.3043,439199
Not reported,40514.0,5.8626,450000
High school diploma or equivalent,54813.0,7.3864,451011
Bachelor's degree,54393.0,8.1633,452011
No formal educational credential,,-6.383,452041
No formal educational credential,33137.0,21.3058,452092
No formal educational credential,33714.0,1.7087,452093
No formal educational credential,46760.0,7.5269,452099
Not reported,53036.0,4.5994,470000
High school diploma or equivalent,70115.0,4.0459,471011
High school diploma or equivalent,52483.0,1.9355,472021
High school diploma or equivalent,53079.0,3.1424,472031
No formal educational credential,,0.0,472041
No formal educational credential,49073.0,-3.6364,472051
No formal educational credential,43892.0,6.3534,472061
High school diploma or equivalent,56207.0,3.9931,472073
No formal educational credential,29577.0,3.7975,472081
High school diploma or equivalent,55972.0,8.973,472111
High school diploma or equivalent,49148.0,3.5088,472121
No formal educational credential,42705.0,3.1447,472131
No formal educational credential,44077.0,3.6166,472141
High school diploma or equivalent,61048.0,4.0984,472152
High school diploma or equivalent,50531.0,4.878,472171
No formal educational credential,46916.0,3.8596,472181
High school diploma or equivalent,54556.0,3.0864,472211
High school diploma or equivalent,64869.0,3.1414,472221
No formal educational credential,31719.0,-5.1282,473012
High school diploma or equivalent,35189.0,-2.3256,473013
High school diploma or equivalent,35697.0,3.2967,473015
High school diploma or equivalent,59584.0,-0.6309,474011
High school diploma or equivalent,44896.0,-3.0303,474041
High school diploma or equivalent,34953.0,8.3333,474051
High school diploma or equivalent,46873.0,5.8824,474071
No formal educational credential,40475.0,-5.2632,475013
High school diploma or equivalent,65558.0,0.0,475022
High school diploma or equivalent,59043.0,8.0,475023
High school diploma or equivalent,52576.0,0.8333,475032
No formal educational credential,51276.0,-14.2857,475049
Not reported,53862.0,6.8531,490000
High school diploma or equivalent,72232.0,5.0193,491011
"Some college, no degree",45055.0,-4.6875,492011
Postsecondary nondegree award,68086.0,5.2632,492022
Postsecondary nondegree award,60854.0,5.1724,492094
High school diploma or equivalent,46073.0,-11.7647,492096
Postsecondary nondegree award,43870.0,-4.2553,492097
High school diploma or equivalent,49842.0,4.6358,492098
Postsecondary nondegree award,63430.0,11.71,493011
High school diploma or equivalent,47304.0,2.4631,493021
High school diploma or equivalent,46884.0,2.4691,493022
Postsecondary nondegree award,42806.0,3.4465,493023
High school diploma or equivalent,50701.0,2.1866,493031
High school diploma or equivalent,43739.0,9.6386,493041
High school diploma or equivalent,57047.0,8.9325,493042
High school diploma or equivalent,41740.0,1.4925,493053
High school diploma or equivalent,37579.0,4.7393,493093
High school diploma or equivalent,45026.0,16.2791,499011
High school diploma or equivalent,56928.0,5.8824,499012
Postsecondary nondegree award,54236.0,8.1039,499021
High school diploma or equivalent,42275.0,1.6129,499031
High school diploma or equivalent,66420.0,20.949,499041
High school diploma or equivalent,57687.0,8.3969,499043
High school diploma or equivalent,59284.0,5.2632,499044
High school diploma or equivalent,75175.0,5.6738,499051
High school diploma or equivalent,54590.0,5.5556,499052
Associate degree,54209.0,16.9118,499062
High school diploma or equivalent,36262.0,-3.7037,499063
High school diploma or equivalent,70221.0,-4.7619,499069
High school diploma or equivalent,46510.0,6.8451,499071
High school diploma or equivalent,40230.0,0.0,499091
High school diploma or equivalent,40177.0,-10.1449,499094
High school diploma or equivalent,34787.0,4.4643,499098
High school diploma or equivalent,47632.0,5.8333,499099
Not reported,49640.0,0.8316,510000
High school diploma or equivalent,74299.0,5.3324,511011
High school diploma or equivalent,42253.0,6.7878,512028
High school diploma or equivalent,40812.0,-10.0,512041
High school diploma or equivalent,46355.0,1.8527,512090
No formal educational credential,32474.0,7.2368,513011
No formal educational credential,35486.0,-2.1583,513021
No formal educational credential,31294.0,2.381,513023
High school diploma or equivalent,35033.0,10.5769,513092
No formal educational credential,37089.0,-1.3333,513099
High school diploma or equivalent,44044.0,-1.1719,514021
High school diploma or equivalent,,-5.6548,514022
High school diploma or equivalent,44532.0,-5.694,514031
High school diploma or equivalent,43818.0,-4.5455,514033
High school diploma or equivalent,,-7.3171,514034
High school diploma or equivalent,45697.0,-13.3333,514035
High school diploma or equivalent,50057.0,8.5039,514041
High school diploma or equivalent,43330.0,-0.566,514072
High school diploma or equivalent,43068.0,3.5197,514081
Postsecondary nondegree award,66288.0,-3.4783,514111
High school diploma or equivalent,48999.0,6.7619,514121
High school diploma or equivalent,44860.0,-5.0,514191
High school diploma or equivalent,32994.0,-5.5556,514193
High school diploma or equivalent,,-10.8108,514199
Postsecondary nondegree award,41714.0,-13.3758,515111
High school diploma or equivalent,41819.0,-5.2632,515112
High school diploma or equivalent,44455.0,-15.736,515113
No formal educational credential,27676.0,2.5926,516011
No formal educational credential,29744.0,-7.7605,516031
No formal educational credential,,-13.8462,516052
High school diploma or equivalent,,0.0,516093
High school diploma or equivalent,,11.1111,517011
High school diploma or equivalent,38583.0,14.4928,517021
High school diploma or equivalent,37765.0,6.1224,517041
High school diploma or equivalent,34671.0,4.2056,517042
High school diploma or equivalent,47569.0,6.8182,517099
High school diploma or equivalent,81289.0,-5.2632,518013
High school diploma or equivalent,58499.0,3.8462,518021
High school diploma or equivalent,53042.0,-5.5556,518031
High school diploma or equivalent,67302.0,-6.5217,518092
High school diploma or equivalent,47680.0,-5.4422,519011
High school diploma or equivalent,51762.0,2.5575,519012
High school diploma or equivalent,40231.0,-1.6667,519021
High school diploma or equivalent,50190.0,6.3218,519023
High school diploma or equivalent,41043.0,-6.1111,519032
High school diploma or equivalent,40272.0,-1.1364,519041
High school diploma or equivalent,47065.0,2.0764,519061
High school diploma or equivalent,42063.0,-7.8947,519071
High school diploma or equivalent,51046.0,4.6512,519081
High school diploma or equivalent,34245.0,6.4516,519083
High school diploma or equivalent,42863.0,3.5584,519111
No formal educational credential,44994.0,5.0,519123
High school diploma or equivalent,58625.0,8.2209,519124
High school diploma or equivalent,47004.0,-2.1978,519161
Postsecondary nondegree award,60151.0,22.2222,519162
High school diploma or equivalent,45209.0,5.6818,519195
High school diploma or equivalent,38608.0,-6.0166,519198
High school diploma or equivalent,39498.0,2.9652,519199
Not reported,42015.0,8.9181,530000
Bachelor's degree,76540.0,6.6667,532011
Postsecondary nondegree award,111403.0,8.1081,532012
High school diploma or equivalent,35278.0,15.0319,533031
Postsecondary nondegree award,54869.0,5.2466,533032
High school diploma or equivalent,43882.0,12.4492,533033
High school diploma or equivalent,43884.0,5.8236,533051
High school diploma or equivalent,45933.0,5.7692,533052
No formal educational credential,29069.0,14.557,533053
No formal educational credential,34760.0,10.219,533099
High school diploma or equivalent,,1.4085,534011
High school diploma or equivalent,,0.0,534022
High school diploma or equivalent,,0.0,534031
No formal educational credential,29096.0,2.9851,536021
No formal educational credential,31033.0,-0.4878,536031
High school diploma or equivalent,,12.7907,536051
High school diploma or equivalent,50716.0,2.0833,537021
No formal educational credential,43943.0,8.9721,537051
No formal educational credential,31044.0,6.8807,537061
No formal educational credential,37275.0,8.0233,537062
No formal educational credential,45536.0,19.214,537063
No formal educational credential,33590.0,4.7667,537064
High school diploma or equivalent,36526.0,10.5048,537065
No formal educational credential,39925.0,0.5172,537081
No formal educational credential,38675.0,10.0,537199
Not reported,45711.0,5.5256,000000
Not reported,89000.0,9.4125,110000
Bachelor's degree,193489.0,-6.7073,111011
Bachelor's degree,81250.0,7.1375,111021
Bachelor's degree,114110.0,10.0,112021
Bachelor's degree,109979.0,2.7668,112022
Bachelor's degree,111230.0,10.0,112033
Bachelor's degree,104424.0,6.25,113012
Bachelor's degree,83568.0,6.0606,113013
Bachelor's degree,117282.0,16.0,113021
Bachelor's degree,112444.0,16.087,113031
Bachelor's degree,90793.0,7.5472,113051
Bachelor's degree,108436.0,5.2632,113061
High school diploma or equivalent,78057.0,9.8765,113071
Bachelor's degree,93662.0,4.3478,113121
High school diploma or equivalent,,13.4146,119013
Bachelor's degree,91526.0,3.5714,119021
Bachelor's degree,40176.0,-3.8462,119031
Master's degree,83226.0,3.9039,119032
Master's degree,88101.0,5.6911,119033
Bachelor's degree,,3.5714,119039
Bachelor's degree,113683.0,13.3333,119041
High school diploma or equivalent,60965.0,7.8947,119051
Bachelor's degree,100640.0,33.8308,119111
High school diploma or equivalent,92911.0,-4.3478,119131
High school diploma or equivalent,43756.0,6.8966,119141
Bachelor's degree,61957.0,10.0,119151
Associate degree,53882.0,2.4793,119171
Bachelor's degree,92099.0,6.1594,119199
Not reported,61036.0,7.096,130000
Bachelor's degree,56779.0,-1.2346,131020
High school diploma or equivalent,65811.0,-2.439,131031
Bachelor's degree,57554.0,3.7559,131041
Bachelor's degree,57862.0,0.0,131051
Bachelor's degree,56759.0,7.3239,131071
Bachelor's degree,,-2.7027,131075
Bachelor's degree,58184.0,20.0,131081
Bachelor's degree,75447.0,5.8824,131082
Bachelor's degree,86814.0,12.069,131111
Bachelor's degree,61778.0,4.5455,131131
Bachelor's degree,44803.0,9.0909,131141
Bachelor's degree,48966.0,9.3878,131151
Bachelor's degree,51221.0,18.3607,131161
Bachelor's degree,67580.0,5.2632,131199
Bachelor's degree,65667.0,8.3503,132011
Bachelor's degree,76856.0,-5.1282,132041
Bachelor's degree,83373.0,15.0,132051
Bachelor's degree,,10.0,132054
Bachelor's degree,55419.0,22.7273,132061
Bachelor's degree,40975.0,12.5,132071
Bachelor's degree,63741.0,3.9216,132072
Bachelor's degree,68004.0,0.0,132099
Not reported,66781.0,14.7377,150000
Bachelor's degree,80245.0,15.5172,151211
Bachelor's degree,71415.0,29.1667,151212
Associate degree,61210.0,8.3333,151231
"Some college, no degree",47634.0,8.4932,151232
Bachelor's degree,101785.0,9.0909,151241
Bachelor's degree,61358.0,15.7895,151242
Bachelor's degree,,4.5455,151243
Bachelor's degree,70306.0,10.0629,151244
Bachelor's degree,81279.0,-1.7857,151251
Bachelor's degree,91947.0,30.7692,151252
Bachelor's degree,53091.0,19.1489,151253
Bachelor's degree,,11.7647,151255
Bachelor's degree,74344.0,14.4,151299
Bachelor's degree,56029.0,24.3902,152031
Bachelor's degree,78594.0,39.2857,152051
Not reported,68331.0,8.9862,170000
Bachelor's degree,,4.5455,171022
Bachelor's degree,75865.0,2.0833,172051
Bachelor's degree,82521.0,5.2632,172071
Bachelor's degree,,18.1818,172072
Bachelor's degree,80736.0,22.9167,172112
Bachelor's degree,90133.0,13.7931,172141
Bachelor's degree,75327.0,10.0,172199
Associate degree,53205.0,8.3333,173011
Associate degree,43847.0,1.3453,173022
Associate degree,57726.0,7.0175,173026
Associate degree,,0.0,173027
Associate degree,66209.0,0.0,173029
High school diploma or equivalent,48969.0,6.4516,173031
Not reported,64575.0,7.5728,190000
Bachelor's degree,59478.0,0.0,191023
Bachelor's degree,66323.0,0.0,191029
Bachelor's degree,73210.0,0.0,191031
Bachelor's degree,60439.0,0.0,191032
Bachelor's degree,52173.0,3.9216,192041
Doctoral or professional degree,156409.0,11.1111,193033
Master's degree,64896.0,3.3333,193034
Master's degree,,10.2564,193039
Master's degree,47404.0,0.0,193051
Bachelor's degree,75079.0,0.0,193099
Associate degree,48171.0,2.8571,194071
Associate degree,46926.0,9.5238,194099
Bachelor's degree,61875.0,15.3846,195011
High school diploma or equivalent,58378.0,34.375,195012
Not reported,47743.0,10.5167,210000
Master's degree,55972.0,8.2317,211012
Master's degree,46220.0,18.3908,211013
Master's degree,42256.0,8.9552,211015
Bachelor's degree,52373.0,24.3644,211018
Bachelor's degree,43969.0,2.6201,211021
Master's degree,62501.0,14.9254,211022
Master's degree,47657.0,15.0442,211023
Bachelor's degree,45465.0,9.6774,211029
Bachelor's degree,44983.0,9.0909,211091
Bachelor's degree,41636.0,1.3889,211092
High school diploma or equivalent,34297.0,8.9416,211093
High school diploma or equivalent,42599.0,11.7647,211094
Bachelor's degree,53973.0,4.5455,212011
Not reported,82351.0,5.0398,230000
Doctoral or professional degree,83843.0,5.1282,231011
Doctoral or professional degree,122339.0,0.0,231023
Associate degree,46214.0,6.3158,232011
Not reported,51810.0,4.4763,250000
Doctoral or professional degree,73744.0,10.101,251011
Doctoral or professional degree,78853.0,12.5,251021
Doctoral or professional degree,68168.0,5.2632,251022
Doctoral or professional degree,74097.0,9.375,251042
Doctoral or professional degree,79693.0,8.3333,251052
Doctoral or professional degree,,9.2308,251066
Doctoral or professional degree,,23.8095,251071
Doctoral or professional degree,84174.0,20.9302,251072
Doctoral or professional degree,,5.7692,251081
Master's degree,,6.25,251121
Doctoral or professional degree,56549.0,4.7619,251122
Doctoral or professional degree,,2.6316,251123
Doctoral or professional degree,78510.0,0.0,251125
Doctoral or professional degree,,5.0,251126
Bachelor's degree,51090.0,1.7857,251194
Doctoral or professional degree,80405.0,6.3953,251199
Associate degree,38498.0,4.1176,252011
Bachelor's degree,54116.0,3.7634,252012
Bachelor's degree,54151.0,3.9322,252021
Bachelor's degree,54443.0,3.7705,252022
Bachelor's degree,57017.0,4.5147,252031
Bachelor's degree,55786.0,4.1667,252032
Bachelor's degree,54443.0,3.0075,252052
Bachelor's degree,53918.0,2.8169,252057
Bachelor's degree,55546.0,3.2967,252058
"Some college, no degree",25600.0,4.5455,253041
Bachelor's degree,57339.0,4.2017,253099
Master's degree,58558.0,4.8387,254022
Postsecondary nondegree award,35348.0,-6.8966,254031
Master's degree,63127.0,4.6512,259031
"Some college, no degree",26105.0,3.7277,259045
Bachelor's degree,43082.0,5.9322,259099
Not reported,40669.0,4.7475,270000
High school diploma or equivalent,27510.0,-12.1212,271023
Bachelor's degree,40186.0,6.5217,271024
High school diploma or equivalent,32910.0,5.314,271026
Bachelor's degree,,8.3333,272012
Bachelor's degree,43664.0,9.8765,272022
Bachelor's degree,,-14.8148,273011
Bachelor's degree,56110.0,4.5455,273031
Bachelor's degree,46301.0,-27.7778,273041
Bachelor's degree,61006.0,5.5556,273043
Postsecondary nondegree award,51656.0,7.1429,274011
Not reported,84753.0,13.364,290000
Doctoral or professional degree,57821.0,7.6923,291011
Doctoral or professional degree,180204.0,4.7059,291021
Bachelor's degree,50438.0,10.9375,291031
Doctoral or professional degree,158948.0,10.3448,291041
Doctoral or professional degree,128372.0,6.1798,291051
Master's degree,96522.0,28.5714,291071
Master's degree,86426.0,18.1818,291122
Doctoral or professional degree,78510.0,19.6429,291123
Associate degree,59702.0,22.1429,291126
Master's degree,70518.0,21.1111,291127
Bachelor's degree,90760.0,10.8911,291129
Doctoral or professional degree,86045.0,24.5614,291131
Bachelor's degree,75815.0,11.6419,291141
Master's degree,109737.0,47.9339,291171
Doctoral or professional degree,265768.0,5.5556,291215
Doctoral or professional degree,295764.0,10.5263,291216
Doctoral or professional degree,,0.0,291218
Doctoral or professional degree,226568.0,0.0,291221
Doctoral or professional degree,220508.0,9.0909,291223
Doctoral or professional degree,363465.0,8.7719,291229
Doctoral or professional degree,,0.0,291249
Associate degree,68791.0,6.1404,291292
Bachelor's degree,55045.0,10.596,292010
Associate degree,52378.0,12.9032,292031
Associate degree,70175.0,20.9677,292032
Associate degree,59068.0,9.1286,292034
Associate degree,69832.0,15.3846,292035
Postsecondary nondegree award,32218.0,6.6351,292042
Postsecondary nondegree award,48224.0,6.4103,292043
High school diploma or equivalent,36721.0,10.365,292052
Postsecondary nondegree award,52715.0,11.9048,292055
Associate degree,31654.0,26.7442,292056
Postsecondary nondegree award,33905.0,12.0482,292057
Postsecondary nondegree award,50971.0,11.7333,292061
Postsecondary nondegree award,42335.0,9.8246,292072
High school diploma or equivalent,41570.0,4.5455,292081
Postsecondary nondegree award,48046.0,10.1852,292099
Associate degree,50107.0,22.5806,299021
Master's degree,45515.0,20.0,299091
Postsecondary nondegree award,105780.0,11.6667,299093
Postsecondary nondegree award,,7.6923,299099
Not reported,34597.0,18.6438,310000
High school diploma or equivalent,33225.0,25.2931,311120
Associate degree,55563.0,30.6011,312021
Postsecondary nondegree award,55023.0,17.1429,319011
Postsecondary nondegree award,39136.0,5.7269,319091
Postsecondary nondegree award,34465.0,15.5206,319092
High school diploma or equivalent,35773.0,8.5106,319093
Postsecondary nondegree award,36162.0,-13.3333,319094
Postsecondary nondegree award,34246.0,10.0917,319097
High school diploma or equivalent,35926.0,9.0909,319099
Not reported,39465.0,0.3603,330000
High school diploma or equivalent,56313.0,0.0,331011
High school diploma or equivalent,60265.0,4.0323,331012
Postsecondary nondegree award,49904.0,4.878,331021
High school diploma or equivalent,27171.0,0.0,333011
High school diploma or equivalent,42722.0,-3.7975,333012
High school diploma or equivalent,41794.0,3.8991,333051
High school diploma or equivalent,38371.0,5.2632,339011
High school diploma or equivalent,29487.0,-2.0921,339032
High school diploma or equivalent,40091.0,5.1948,339099
Not reported,25612.0,6.4766,350000
High school diploma or equivalent,53311.0,13.75,351011
High school diploma or equivalent,33650.0,15.233,351012
No formal educational credential,23475.0,-4.0866,352011
No formal educational credential,27077.0,5.6117,352012
No formal educational credential,27654.0,34.2606,352014
No formal educational credential,24447.0,1.0568,352021
No formal educational credential,28235.0,15.9292,353011
No formal educational credential,22737.0,12.6277,353023
No formal educational credential,26250.0,6.4995,353031
No formal educational credential,29505.0,11.1111,353041
No formal educational credential,24965.0,6.7485,359021
No formal educational credential,21044.0,11.2108,359031
Not reported,29406.0,4.2999,370000
High school diploma or equivalent,37826.0,4.902,371011
High school diploma or equivalent,44788.0,3.0303,371012
No formal educational credential,28883.0,3.6953,372011
No formal educational credential,30769.0,6.0391,373011
Not reported,28457.0,5.0984,390000
High school diploma or equivalent,40866.0,6.0606,391022
No formal educational credential,24444.0,7.8125,393091
High school diploma or equivalent,28743.0,3.9216,394021
High school diploma or equivalent,25083.0,-2.1842,399011
High school diploma or equivalent,30154.0,8.1633,399032
High school diploma or equivalent,29643.0,11.1111,399041
Not reported,36753.0,0.5316,410000
High school diploma or equivalent,40788.0,-0.9126,411011
High school diploma or equivalent,61254.0,-1.4493,411012
No formal educational credential,24041.0,-3.8903,412011
No formal educational credential,36251.0,6.7901,412021
No formal educational credential,35286.0,3.2895,412022
No formal educational credential,32870.0,3.5881,412031
High school diploma or equivalent,36633.0,-14.2857,413011
High school diploma or equivalent,43217.0,8.3095,413021
High school diploma or equivalent,52163.0,4.1131,413091
Bachelor's degree,67120.0,4.5045,414011
High school diploma or equivalent,70543.0,4.7315,414012
High school diploma or equivalent,51205.0,7.8125,419022
High school diploma or equivalent,39025.0,7.8652,419099
Not reported,37383.0,-2.7982,430000
High school diploma or equivalent,37013.0,-7.2261,433011
High school diploma or equivalent,36186.0,4.2135,433021
"Some college, no degree",40671.0,-4.2079,433031
High school diploma or equivalent,46989.0,-12.9496,433051
High school diploma or equivalent,41397.0,0.0,433061
High school diploma or equivalent,34300.0,-13.9024,433071
High school diploma or equivalent,,0.0,433099
High school diploma or equivalent,40886.0,2.907,434031
High school diploma or equivalent,,-3.8462,434041
High school diploma or equivalent,32979.0,0.3087,434051
High school diploma or equivalent,48025.0,2.0,434061
High school diploma or equivalent,28017.0,-8.3333,434071
High school diploma or equivalent,23279.0,-0.5076,434081
High school diploma or equivalent,36587.0,-3.2258,434111
High school diploma or equivalent,23726.0,-5.6604,434121
High school diploma or equivalent,40490.0,-2.0408,434131
High school diploma or equivalent,40727.0,-13.2075,434141
"Some college, no degree",35111.0,-7.1942,434151
Associate degree,39181.0,1.5873,434161
High school diploma or equivalent,28771.0,3.0387,434171
High school diploma or equivalent,41923.0,9.7087,434199
High school diploma or equivalent,36638.0,0.8621,435021
High school diploma or equivalent,33173.0,4.918,435031
High school diploma or equivalent,43536.0,4.1237,435032
High school diploma or equivalent,38216.0,-8.8235,435041
No formal educational credential,59330.0,-5.102,435051
No formal educational credential,58720.0,-4.3228,435052
High school diploma or equivalent,49057.0,8.1218,435061
High school diploma or equivalent,39204.0,-3.1201,435071
High school diploma or equivalent,39152.0,1.9608,435111
High school diploma or equivalent,55414.0,-17.6796,436011
High school diploma or equivalent,37540.0,-18.8312,436012
High school diploma or equivalent,33929.0,7.8244,436013
High school diploma or equivalent,34914.0,-9.9766,436014
High school diploma or equivalent,31418.0,-20.3704,439021
High school diploma or equivalent,,-25.0,439022
High school diploma or equivalent,42653.0,-1.2987,439041
High school diploma or equivalent,29349.0,-12.5,439051
High school diploma or equivalent,33638.0,-3.2631,439061
High school diploma or equivalent,43799.0,-7.1429,439199
Not reported,34837.0,3.6717,450000
Bachelor's degree,35347.0,0.0,452011
No formal educational credential,29175.0,-9.5238,452041
High school diploma or equivalent,32142.0,-10.5691,454022
High school diploma or equivalent,35723.0,2.6316,454023
Not reported,47545.0,3.5439,470000
High school diploma or equivalent,64546.0,2.9762,471011
High school diploma or equivalent,48247.0,4.3597,472031
No formal educational credential,44157.0,-2.6316,472051
No formal educational credential,40862.0,5.7377,472061
High school diploma or equivalent,54011.0,3.2995,472073
No formal educational credential,46460.0,4.3478,472081
High school diploma or equivalent,50577.0,6.4286,472111
No formal educational credential,42674.0,3.9216,472141
High school diploma or equivalent,52375.0,4.1667,472152
No formal educational credential,40154.0,4.0,472181
High school diploma or equivalent,30050.0,3.3333,473015
High school diploma or equivalent,49972.0,-2.9412,474011
High school diploma or equivalent,31342.0,8.8,474051
High school diploma or equivalent,44973.0,-6.6667,475022
Not reported,47480.0,6.4466,490000
High school diploma or equivalent,62562.0,4.0323,491011
Postsecondary nondegree award,61153.0,7.8431,492022
Postsecondary nondegree award,,0.0,492095
High school diploma or equivalent,,4.6512,492098
High school diploma or equivalent,41992.0,3.1746,493021
Postsecondary nondegree award,38810.0,3.9098,493023
High school diploma or equivalent,44540.0,0.6897,493031
High school diploma or equivalent,49282.0,-0.6803,493042
High school diploma or equivalent,38795.0,11.5942,493051
High school diploma or equivalent,34026.0,0.0,493053
High school diploma or equivalent,,18.1818,493092
High school diploma or equivalent,27859.0,2.9851,493093
High school diploma or equivalent,49393.0,1.7241,499012
Postsecondary nondegree award,46736.0,7.6923,499021
High school diploma or equivalent,55152.0,22.1264,499041
High school diploma or equivalent,51161.0,10.4072,499043
High school diploma or equivalent,72603.0,2.7473,499051
High school diploma or equivalent,57402.0,5.4545,499052
Associate degree,61144.0,5.1282,499062
High school diploma or equivalent,41475.0,7.6991,499071
High school diploma or equivalent,30842.0,6.6667,499098
High school diploma or equivalent,41234.0,1.9608,499099
Not reported,38840.0,1.916,510000
High school diploma or equivalent,59376.0,6.092,511011
High school diploma or equivalent,,-12.5,512041
High school diploma or equivalent,36300.0,4.9721,512090
No formal educational credential,37545.0,1.9608,513011
No formal educational credential,29129.0,-3.3058,513021
No formal educational credential,33348.0,-6.6176,513023
High school diploma or equivalent,34694.0,0.7353,513092
No formal educational credential,36747.0,4.0816,513099
High school diploma or equivalent,31439.0,0.0,514021
High school diploma or equivalent,36842.0,-3.7698,514031
High school diploma or equivalent,37225.0,-2.0833,514033
High school diploma or equivalent,32381.0,-7.6923,514035
High school diploma or equivalent,45198.0,4.9451,514041
High school diploma or equivalent,37110.0,0.6536,514072
High school diploma or equivalent,44081.0,8.9744,514081
Postsecondary nondegree award,52685.0,0.0,514111
High school diploma or equivalent,41040.0,7.7071,514121
High school diploma or equivalent,28582.0,-18.0328,515112
No formal educational credential,26441.0,4.4643,516011
No formal educational credential,23625.0,-11.0672,516031
High school diploma or equivalent,40267.0,7.3529,517011
High school diploma or equivalent,33913.0,3.94,517041
High school diploma or equivalent,34688.0,3.8394,517042
High school diploma or equivalent,43254.0,-6.5476,518031
High school diploma or equivalent,45102.0,-1.0,519011
High school diploma or equivalent,,5.7554,519021
High school diploma or equivalent,,4.0,519051
High school diploma or equivalent,41194.0,4.5517,519061
High school diploma or equivalent,44852.0,0.0,519081
High school diploma or equivalent,38180.0,0.6676,519111
High school diploma or equivalent,36915.0,7.5145,519124
High school diploma or equivalent,45962.0,-3.1579,519161
Postsecondary nondegree award,,25.0,519162
High school diploma or equivalent,35377.0,10.3448,519195
High school diploma or equivalent,36005.0,-8.7464,519198
High school diploma or equivalent,31968.0,4.8295,519199
Not reported,39983.0,9.0101,530000
High school diploma or equivalent,27952.0,17.0554,533031
Postsecondary nondegree award,51140.0,5.0676,533032
High school diploma or equivalent,40422.0,13.1057,533033
High school diploma or equivalent,36444.0,2.719,533051
No formal educational credential,31480.0,21.831,533053
No formal educational credential,30034.0,8.3333,533099
High school diploma or equivalent,,0.0,534011
Postsecondary nondegree award,,9.0909,535021
No formal educational credential,25277.0,1.8634,536031
High school diploma or equivalent,,0.0,536051
No formal educational credential,48063.0,7.5472,537051
No formal educational credential,30469.0,4.5564,537061
No formal educational credential,33019.0,6.907,537062
No formal educational credential,34391.0,15.0327,537063
No formal educational credential,32784.0,3.3835,537064
High school diploma or equivalent,39934.0,10.6044,537065
No formal educational credential,32400.0,0.4405,537081
Not reported,46354.0,2.1599,000000
Not reported,88604.0,6.3754,110000
Bachelor's degree,184218.0,-7.7551,111011
Bachelor's degree,86584.0,3.3952,111021
Bachelor's degree,113467.0,4.0,112021
Bachelor's degree,106489.0,-2.5751,112022
Bachelor's degree,53802.0,0.0,112033
Bachelor's degree,78179.0,7.7519,113012
Bachelor's degree,70760.0,0.0,113013
Bachelor's degree,111596.0,9.3023,113021
Bachelor's degree,107791.0,12.549,113031
Bachelor's degree,79707.0,1.1765,113051
High school diploma or equivalent,79494.0,1.4085,113071
Bachelor's degree,102723.0,1.2346,113121
High school diploma or equivalent,,0.0,119013
Bachelor's degree,96556.0,4.4248,119021
Master's degree,80099.0,1.8828,119032
Master's degree,,4.2553,119033
Bachelor's degree,69280.0,3.0303,119039
Bachelor's degree,125949.0,2.9412,119041
High school diploma or equivalent,59937.0,2.9412,119051
Bachelor's degree,89282.0,26.8583,119111
High school diploma or equivalent,88245.0,-10.8696,119131
High school diploma or equivalent,44181.0,2.6144,119141
Bachelor's degree,63870.0,7.5472,119151
Bachelor's degree,76161.0,5.8824,119161
Associate degree,55542.0,5.6604,119171
Bachelor's degree,82017.0,0.6515,119199
Not reported,60936.0,2.7888,130000
Bachelor's degree,58483.0,-8.7719,131020
High school diploma or equivalent,81593.0,-13.1148,131031
Bachelor's degree,53112.0,3.3058,131041
Bachelor's degree,61425.0,-3.8462,131051
Bachelor's degree,55582.0,2.2573,131071
Bachelor's degree,56643.0,11.7647,131081
Bachelor's degree,76320.0,3.6145,131082
Bachelor's degree,76650.0,9.8592,131111
Bachelor's degree,43904.0,13.1579,131121
Bachelor's degree,61510.0,2.2727,131131
Bachelor's degree,47367.0,4.5455,131141
Bachelor's degree,51380.0,4.0404,131151
Bachelor's degree,53682.0,12.7389,131161
Bachelor's degree,65008.0,1.2552,131199
Bachelor's degree,62981.0,4.936,132011
Bachelor's degree,62058.0,9.0909,132031
Bachelor's degree,88784.0,-6.0606,132041
Bachelor's degree,67276.0,4.7619,132051
Bachelor's degree,84076.0,13.1579,132052
Bachelor's degree,56936.0,27.7778,132061
Bachelor's degree,43878.0,0.0,132071
Bachelor's degree,62485.0,1.1236,132072
Bachelor's degree,53342.0,0.0,132081
High school diploma or equivalent,31247.0,6.1728,132082
Bachelor's degree,62908.0,8.3333,132099
Not reported,64153.0,8.6659,150000
Bachelor's degree,72192.0,1.8868,151211
Bachelor's degree,93635.0,26.9231,151212
Associate degree,62985.0,0.0,151231
"Some college, no degree",47785.0,2.8226,151232
Bachelor's degree,76254.0,3.7037,151241
Bachelor's degree,64037.0,10.0,151242
Bachelor's degree,62069.0,1.7544,151244
Bachelor's degree,89833.0,-5.2632,151251
Bachelor's degree,95984.0,28.3582,151252
Bachelor's degree,50108.0,14.6853,151299
Bachelor's degree,60150.0,38.0952,152051
Not reported,65269.0,1.1168,170000
Bachelor's degree,,7.6923,171021
Bachelor's degree,58990.0,0.0,171022
Bachelor's degree,82964.0,6.1947,172051
Bachelor's degree,87571.0,-2.439,172071
Bachelor's degree,78857.0,15.3846,172072
Bachelor's degree,107362.0,-7.6923,172081
Bachelor's degree,85829.0,14.2857,172141
Bachelor's degree,102411.0,-9.434,172151
Associate degree,83471.0,3.4483,173011
Associate degree,46101.0,1.5355,173022
Associate degree,69212.0,-6.8966,173023
Associate degree,54255.0,-6.6667,173025
Associate degree,,0.0,173029
High school diploma or equivalent,58013.0,0.0,173031
Not reported,71542.0,2.356,190000
Bachelor's degree,72791.0,-4.0,191029
Bachelor's degree,46652.0,3.8462,191032
Bachelor's degree,49726.0,2.9412,192041
Doctoral or professional degree,134972.0,15.9091,193033
Master's degree,64635.0,0.0,193034
Master's degree,,5.6604,193039
Master's degree,47339.0,5.0,193051
Bachelor's degree,78936.0,-5.7143,193099
Associate degree,49329.0,11.5385,194042
Associate degree,,-7.1429,194043
Associate degree,41143.0,-2.8571,194071
Associate degree,93545.0,3.3333,194099
Bachelor's degree,82744.0,0.0,195011
High school diploma or equivalent,58394.0,-14.7059,195012
Not reported,44790.0,9.6048,210000
Master's degree,53742.0,5.6604,211012
Master's degree,44724.0,5.042,211015
Bachelor's degree,47652.0,18.1559,211018
Bachelor's degree,42135.0,3.3663,211021
Master's degree,52215.0,9.6257,211022
Master's degree,46375.0,12.3188,211023
Bachelor's degree,49592.0,6.5217,211029
Bachelor's degree,45071.0,6.8966,211091
Bachelor's degree,40153.0,1.9417,211092
High school diploma or equivalent,34664.0,7.5495,211093
High school diploma or equivalent,36602.0,11.9565,211094
Bachelor's degree,39872.0,7.4074,211099
Not reported,84253.0,6.6879,230000
Doctoral or professional degree,91146.0,6.7449,231011
Associate degree,47881.0,8.2609,232011
Not reported,49436.0,1.8895,250000
Doctoral or professional degree,84637.0,7.6923,251011
Doctoral or professional degree,67267.0,5.2632,251021
Doctoral or professional degree,56158.0,5.7143,251022
Doctoral or professional degree,,9.589,251042
Doctoral or professional degree,81422.0,7.6923,251052
Doctoral or professional degree,,5.2632,251066
Doctoral or professional degree,59345.0,5.8824,251069
Doctoral or professional degree,78279.0,19.4444,251072
Doctoral or professional degree,75056.0,4.0,251081
Master's degree,72223.0,3.2258,251121
Doctoral or professional degree,58227.0,6.6667,251122
Doctoral or professional degree,55602.0,0.0,251123
Doctoral or professional degree,65645.0,0.0,251125
Doctoral or professional degree,,0.0,251126
Bachelor's degree,50446.0,-0.6667,251194
Doctoral or professional degree,65183.0,3.8835,251199
Associate degree,35534.0,4.4693,252011
Bachelor's degree,51628.0,1.1583,252012
Bachelor's degree,53234.0,1.3867,252021
Bachelor's degree,53057.0,1.421,252022
Bachelor's degree,55342.0,1.7872,252031
Bachelor's degree,53270.0,0.6356,252052
Bachelor's degree,53393.0,0.8929,252057
Bachelor's degree,55057.0,1.1364,252058
Bachelor's degree,53929.0,2.0833,252059
Bachelor's degree,43030.0,-12.0482,253011
"Some college, no degree",23856.0,3.6697,253041
Bachelor's degree,50389.0,2.1918,253099
Master's degree,58680.0,2.6738,254022
Master's degree,67631.0,2.9851,259031
Bachelor's degree,43753.0,4.1667,259044
"Some college, no degree",24587.0,1.0739,259045
Bachelor's degree,47515.0,2.5862,259099
Not reported,42980.0,0.5148,270000
High school diploma or equivalent,28609.0,-19.6721,271023
Bachelor's degree,45382.0,6.9767,271024
High school diploma or equivalent,34121.0,1.2821,271026
Bachelor's degree,46848.0,0.0,272012
Bachelor's degree,67326.0,7.3394,272022
Bachelor's degree,28146.0,-17.2414,273011
Bachelor's degree,28332.0,-13.5135,273023
Bachelor's degree,52638.0,3.6364,273031
Bachelor's degree,37623.0,-14.8148,273041
Postsecondary nondegree award,35615.0,14.2857,274011
Associate degree,54169.0,-5.8824,274012
Not reported,82232.0,7.7333,290000
Doctoral or professional degree,64533.0,11.4286,291011
Doctoral or professional degree,146935.0,4.7619,291021
Bachelor's degree,60258.0,5.8824,291031
Doctoral or professional degree,131597.0,-0.5236,291051
Master's degree,97328.0,27.6316,291071
Master's degree,84478.0,10.9091,291122
Doctoral or professional degree,82052.0,14.5729,291123
Associate degree,56025.0,13.253,291126
Master's degree,73411.0,16.895,291127
Bachelor's degree,89872.0,12.0,291129
Doctoral or professional degree,88388.0,29.2683,291131
Bachelor's degree,72093.0,5.0148,291141
Master's degree,95186.0,47.7157,291171
Doctoral or professional degree,,0.0,291212
Doctoral or professional degree,291821.0,3.0702,291215
Doctoral or professional degree,272744.0,5.8824,291216
Doctoral or professional degree,340667.0,6.25,291218
Doctoral or professional degree,227161.0,0.0,291221
Doctoral or professional degree,213971.0,11.5385,291223
Doctoral or professional degree,428542.0,3.5714,291229
Doctoral or professional degree,,0.0,291249
Associate degree,64639.0,7.438,291292
Bachelor's degree,53784.0,3.9164,292010
Associate degree,,3.4483,292031
Associate degree,68867.0,15.9091,292032
Associate degree,,-9.0909,292033
Associate degree,59340.0,2.1739,292034
Associate degree,65578.0,4.3478,292035
Postsecondary nondegree award,31733.0,5.5394,292042
Postsecondary nondegree award,44938.0,5.53,292043
High school diploma or equivalent,32598.0,6.8935,292052
Postsecondary nondegree award,46002.0,4.1176,292055
Associate degree,30082.0,29.6296,292056
Postsecondary nondegree award,36767.0,11.8644,292057
Postsecondary nondegree award,50184.0,4.5365,292061
Postsecondary nondegree award,36959.0,6.6421,292072
High school diploma or equivalent,42208.0,3.8462,292081
Postsecondary nondegree award,45346.0,7.4324,292099
Associate degree,38306.0,19.4444,299021
Postsecondary nondegree award,73236.0,0.0,299099
Not reported,31942.0,13.1347,310000
High school diploma or equivalent,27578.0,24.2268,311120
Postsecondary nondegree award,31626.0,2.0263,311131
Associate degree,53327.0,23.3533,312021
High school diploma or equivalent,25986.0,1.9231,312022
Postsecondary nondegree award,43482.0,18.75,319011
Postsecondary nondegree award,35946.0,6.5217,319091
Postsecondary nondegree award,33415.0,13.0199,319092
High school diploma or equivalent,34729.0,5.0,319093
Postsecondary nondegree award,26503.0,-10.8108,319094
High school diploma or equivalent,32102.0,-2.5641,319095
High school diploma or equivalent,30026.0,28.8462,319096
Postsecondary nondegree award,36926.0,3.5294,319097
High school diploma or equivalent,42584.0,2.8571,319099
Not reported,36972.0,-4.0036,330000
High school diploma or equivalent,48716.0,-2.8926,331011
High school diploma or equivalent,62535.0,3.3708,331012
Postsecondary nondegree award,50952.0,4.4444,331021
High school diploma or equivalent,47415.0,0.0,331091
High school diploma or equivalent,,5.5556,331099
Postsecondary nondegree award,27704.0,3.2323,332011
Postsecondary nondegree award,,0.0,332021
High school diploma or equivalent,29178.0,0.0,333011
High school diploma or equivalent,40696.0,-6.559,333012
High school diploma or equivalent,48665.0,0.0,333021
High school diploma or equivalent,39011.0,3.8363,333051
High school diploma or equivalent,34606.0,3.7037,339011
High school diploma or equivalent,26823.0,-12.5763,339032
No formal educational credential,,7.1429,339092
High school diploma or equivalent,,0.0,339094
High school diploma or equivalent,44210.0,0.0,339099
Not reported,26100.0,3.7266,350000
High school diploma or equivalent,38032.0,9.2486,351011
High school diploma or equivalent,32130.0,12.3066,351012
No formal educational credential,22851.0,-5.6889,352011
No formal educational credential,26612.0,2.4609,352012
No formal educational credential,27275.0,31.4286,352014
No formal educational credential,24421.0,-1.9982,352021
No formal educational credential,21979.0,10.5466,353023
No formal educational credential,26509.0,4.5911,353031
No formal educational credential,23396.0,9.2105,359011
No formal educational credential,23465.0,3.6496,359021
Not reported,29160.0,2.2243,370000
High school diploma or equivalent,38525.0,2.2099,371011
High school diploma or equivalent,47360.0,3.3058,371012
No formal educational credential,27467.0,1.6896,372011
No formal educational credential,25499.0,1.3237,372012
High school diploma or equivalent,,2.381,372021
No formal educational credential,34600.0,5.8275,373011
Not reported,27890.0,2.5963,390000
High school diploma or equivalent,33395.0,6.8627,391014
High school diploma or equivalent,35844.0,7.5,391022
High school diploma or equivalent,26622.0,19.3277,392021
Associate degree,,3.9216,394011
High school diploma or equivalent,30054.0,6.0,394021
Postsecondary nondegree award,38235.0,9.0,395012
High school diploma or equivalent,24072.0,-2.684,399011
High school diploma or equivalent,,13.0435,399031
High school diploma or equivalent,31708.0,3.8647,399032
High school diploma or equivalent,26463.0,5.618,399041
High school diploma or equivalent,27011.0,10.0,399099
Not reported,32754.0,-4.0414,410000
High school diploma or equivalent,37212.0,-5.1934,411011
High school diploma or equivalent,72883.0,-6.1728,411012
No formal educational credential,22833.0,-7.4739,412011
No formal educational credential,33377.0,0.885,412021
No formal educational credential,33244.0,-1.7921,412022
No formal educational credential,32428.0,-1.8505,412031
High school diploma or equivalent,36435.0,-13.8889,413011
High school diploma or equivalent,40950.0,10.7692,413021
High school diploma or equivalent,56151.0,3.7234,413091
Bachelor's degree,81256.0,1.087,414011
High school diploma or equivalent,59187.0,1.6529,414012
High school diploma or equivalent,45106.0,1.3158,419022
High school diploma or equivalent,34171.0,7.6923,419099
Not reported,37039.0,-5.1795,430000
High school diploma or equivalent,38344.0,-9.6491,433011
High school diploma or equivalent,35257.0,-1.2945,433021
"Some college, no degree",39740.0,-6.8063,433031
High school diploma or equivalent,43707.0,-12.7451,433051
High school diploma or equivalent,32043.0,-15.1631,433071
High school diploma or equivalent,39120.0,2.0325,434031
High school diploma or equivalent,34153.0,-3.5853,434051
High school diploma or equivalent,46387.0,4.3011,434061
High school diploma or equivalent,24982.0,-13.1579,434071
High school diploma or equivalent,22853.0,8.0882,434081
High school diploma or equivalent,33046.0,-5.2632,434111
High school diploma or equivalent,25821.0,-5.4878,434121
High school diploma or equivalent,40467.0,-3.9474,434131
High school diploma or equivalent,41499.0,-15.873,434141
"Some college, no degree",31352.0,-13.7931,434151
Associate degree,38976.0,-5.2632,434161
High school diploma or equivalent,29004.0,2.4081,434171
High school diploma or equivalent,40497.0,0.0,434199
High school diploma or equivalent,29386.0,1.6949,435021
High school diploma or equivalent,31919.0,3.3333,435031
High school diploma or equivalent,44369.0,0.9174,435032
High school diploma or equivalent,44789.0,-10.1266,435041
No formal educational credential,57369.0,-10.9155,435051
No formal educational credential,57266.0,-10.6667,435052
High school diploma or equivalent,52521.0,6.6667,435061
High school diploma or equivalent,36386.0,-8.3067,435071
High school diploma or equivalent,38113.0,-4.5455,435111
High school diploma or equivalent,52053.0,-20.3704,436011
High school diploma or equivalent,35110.0,-17.9167,436012
High school diploma or equivalent,31651.0,5.2498,436013
High school diploma or equivalent,34238.0,-11.9466,436014
High school diploma or equivalent,33458.0,-20.8333,439021
High school diploma or equivalent,31972.0,-36.3636,439022
High school diploma or equivalent,34845.0,0.0,439041
High school diploma or equivalent,26850.0,-7.1429,439051
High school diploma or equivalent,32499.0,-6.5574,439061
High school diploma or equivalent,38458.0,-10.4575,439199
Not reported,31772.0,-12.2222,450000
High school diploma or equivalent,,-20.0,451011
No formal educational credential,,-10.8696,452041
No formal educational credential,,0.0,452091
High school diploma or equivalent,30862.0,-17.1171,454022
Not reported,50829.0,-2.1815,470000
High school diploma or equivalent,71697.0,-2.2764,471011
High school diploma or equivalent,46882.0,1.4851,472031
No formal educational credential,47792.0,0.0,472051
No formal educational credential,39915.0,2.1605,472061
High school diploma or equivalent,,-3.8462,472071
High school diploma or equivalent,54684.0,-1.8229,472073
High school diploma or equivalent,59749.0,0.2532,472111
No formal educational credential,44637.0,2.9412,472141
High school diploma or equivalent,55612.0,5.9322,472152
High school diploma or equivalent,33017.0,0.0,473013
High school diploma or equivalent,51011.0,-1.8519,474011
High school diploma or equivalent,32022.0,7.967,474051
High school diploma or equivalent,,-4.1667,474061
No formal educational credential,44151.0,-15.0,475012
High school diploma or equivalent,42338.0,-7.4627,475023
No formal educational credential,55152.0,-0.5168,475041
High school diploma or equivalent,55321.0,-30.4598,475043
No formal educational credential,57911.0,-18.1818,475044
No formal educational credential,51044.0,-14.5695,475049
No formal educational credential,33415.0,-8.0808,475071
Not reported,49042.0,1.783,490000
High school diploma or equivalent,65918.0,0.8511,491011
Associate degree,59286.0,-5.2632,492021
Postsecondary nondegree award,60540.0,6.0932,492022
Postsecondary nondegree award,,-6.6667,492095
High school diploma or equivalent,39055.0,0.0,493021
High school diploma or equivalent,,0.0,493022
Postsecondary nondegree award,39611.0,-0.3565,493023
High school diploma or equivalent,43514.0,-2.7682,493031
High school diploma or equivalent,,5.8824,493041
High school diploma or equivalent,52183.0,0.6803,493042
High school diploma or equivalent,,0.0,493043
Postsecondary nondegree award,37175.0,0.0,493052
High school diploma or equivalent,32314.0,-6.6667,493053
High school diploma or equivalent,,0.0,493093
High school diploma or equivalent,52417.0,0.0,499012
Postsecondary nondegree award,45210.0,8.3721,499021
High school diploma or equivalent,57162.0,11.1842,499041
High school diploma or equivalent,54121.0,-2.963,499043
High school diploma or equivalent,72901.0,1.9048,499051
High school diploma or equivalent,55971.0,3.3613,499052
Associate degree,,8.0,499062
High school diploma or equivalent,39030.0,1.6667,499071
High school diploma or equivalent,37520.0,-3.2258,499098
High school diploma or equivalent,34782.0,5.4545,499099
Not reported,38274.0,-1.0502,510000
High school diploma or equivalent,56329.0,3.3816,511011
High school diploma or equivalent,38120.0,23.0769,512028
High school diploma or equivalent,35797.0,-4.5752,512090
No formal educational credential,28289.0,3.3333,513011
No formal educational credential,29363.0,-1.5873,513021
No formal educational credential,39445.0,6.0,513022
No formal educational credential,,1.5068,513023
No formal educational credential,40531.0,6.6667,513091
No formal educational credential,35809.0,0.0,513099
High school diploma or equivalent,37032.0,-14.4578,514031
High school diploma or equivalent,47211.0,2.8846,514041
High school diploma or equivalent,43730.0,1.2195,514121
High school diploma or equivalent,42492.0,-6.25,514122
No formal educational credential,25851.0,3.876,516011
No formal educational credential,25194.0,-10.3333,516031
High school diploma or equivalent,21476.0,-12.0,516062
High school diploma or equivalent,33355.0,-9.6154,517041
High school diploma or equivalent,35890.0,-11.1111,517042
High school diploma or equivalent,42549.0,-5.1205,518031
High school diploma or equivalent,32692.0,-4.5455,519041
High school diploma or equivalent,36663.0,-0.8403,519061
High school diploma or equivalent,43235.0,8.7558,519111
High school diploma or equivalent,38282.0,1.4925,519124
High school diploma or equivalent,39484.0,-7.3826,519198
High school diploma or equivalent,36251.0,-1.1364,519199
Not reported,36747.0,5.4984,530000
High school diploma or equivalent,,0.0,533011
High school diploma or equivalent,31452.0,11.4,533031
Postsecondary nondegree award,49530.0,-4.6842,533032
High school diploma or equivalent,39349.0,12.8739,533033
High school diploma or equivalent,37682.0,0.4843,533051
High school diploma or equivalent,33078.0,11.1732,533052
No formal educational credential,27993.0,13.2353,533053
No formal educational credential,,20.2487,533054
No formal educational credential,28626.0,11.1111,533099
No formal educational credential,28416.0,0.0,536021
No formal educational credential,,-1.7241,536031
High school diploma or equivalent,63459.0,-4.1667,537021
No formal educational credential,39602.0,0.0,537051
No formal educational credential,31155.0,2.1186,537061
No formal educational credential,34037.0,2.5048,537062
No formal educational credential,28121.0,-8.982,537064
High school diploma or equivalent,29410.0,11.0218,537065
No formal educational credential,31214.0,-0.3731,537081
No formal educational credential,,7.1429,537199
Not reported,50606.0,2.3948,000000
Not reported,100506.0,6.5874,110000
Bachelor's degree,241352.0,-4.0,111011
Bachelor's degree,92698.0,4.0806,111021
Bachelor's degree,,-5.5556,112011
Bachelor's degree,102230.0,3.6364,112021
Bachelor's degree,120687.0,1.3378,112022
Bachelor's degree,97710.0,1.3889,113012
Bachelor's degree,98884.0,2.1739,113013
Bachelor's degree,126377.0,7.0175,113021
Bachelor's degree,125883.0,10.7759,113031
Bachelor's degree,105791.0,1.3289,113051
Bachelor's degree,99884.0,3.3333,113061
High school diploma or equivalent,99933.0,7.619,113071
Bachelor's degree,117393.0,1.8519,113121
High school diploma or equivalent,,16.6381,119013
Bachelor's degree,81506.0,6.0606,119021
Bachelor's degree,43158.0,0.0,119031
Master's degree,93811.0,3.7234,119032
Bachelor's degree,76976.0,0.0,119039
Bachelor's degree,138591.0,0.0,119041
High school diploma or equivalent,59998.0,3.0303,119051
Bachelor's degree,97727.0,27.3632,119111
High school diploma or equivalent,90522.0,-5.8824,119131
High school diploma or equivalent,48121.0,6.0606,119141
Bachelor's degree,72094.0,13.6364,119151
Bachelor's degree,101934.0,0.8658,119199
Not reported,69474.0,2.3734,130000
Bachelor's degree,67511.0,-6.383,131020
High school diploma or equivalent,73578.0,-8.5714,131031
Bachelor's degree,63616.0,0.8403,131041
Bachelor's degree,62813.0,-1.0417,131051
Bachelor's degree,63361.0,2.8481,131071
Bachelor's degree,48083.0,-1.7483,131075
Bachelor's degree,67445.0,14.1176,131081
Bachelor's degree,83249.0,2.5455,131082
Bachelor's degree,88406.0,2.1739,131111
Bachelor's degree,51570.0,0.0,131121
Bachelor's degree,49624.0,5.8824,131131
Bachelor's degree,57241.0,2.3622,131151
Bachelor's degree,59939.0,10.177,131161
Bachelor's degree,63353.0,5.9603,131199
Bachelor's degree,73971.0,2.1176,132011
Bachelor's degree,83808.0,-6.6667,132041
Bachelor's degree,84682.0,1.7857,132051
Bachelor's degree,107479.0,14.2857,132052
Bachelor's degree,68728.0,5.3333,132054
Bachelor's degree,,21.4286,132061
Bachelor's degree,70484.0,0.3344,132072
Bachelor's degree,45687.0,4.1667,132081
Bachelor's degree,74376.0,6.6667,132099
Not reported,74167.0,5.8296,150000
Bachelor's degree,84329.0,5.6452,151211
Bachelor's degree,102707.0,25.0,151212
Associate degree,59922.0,1.8182,151231
"Some college, no degree",52921.0,0.0,151232
Bachelor's degree,,-8.3333,151241
Bachelor's degree,61566.0,0.0,151242
Bachelor's degree,68950.0,0.0,151244
Bachelor's degree,83044.0,-13.7931,151251
Bachelor's degree,85323.0,19.2661,151252
Bachelor's degree,68250.0,2.7027,151253
Bachelor's degree,95283.0,10.7143,151299
Bachelor's degree,85526.0,32.1429,152051
Not reported,79452.0,3.4622,170000
Bachelor's degree,89313.0,-7.1429,171011
Bachelor's degree,68549.0,3.4483,171022
Bachelor's degree,93658.0,1.2987,172051
Bachelor's degree,94135.0,0.0,172071
Bachelor's degree,95803.0,0.0,172081
Bachelor's degree,87793.0,0.0,172111
Bachelor's degree,90651.0,10.1562,172112
Bachelor's degree,100134.0,5.3571,172131
Bachelor's degree,95935.0,7.0588,172141
Bachelor's degree,90311.0,6.8966,172199
Associate degree,53528.0,0.0,173011
Associate degree,59916.0,-7.4074,173013
Associate degree,49756.0,0.0,173022
Associate degree,69789.0,3.6145,173023
Associate degree,60068.0,-11.7647,173025
Associate degree,59893.0,0.9804,173026
High school diploma or equivalent,52979.0,0.0,173031
Not reported,67628.0,4.3796,190000
Bachelor's degree,77633.0,3.9216,191012
Bachelor's degree,82055.0,5.2632,192031
Bachelor's degree,73486.0,6.0606,192041
Master's degree,,3.5714,193034
Associate degree,,15.3846,194012
Associate degree,51980.0,4.2553,194013
Associate degree,57280.0,-2.5,194031
Associate degree,58629.0,0.0,194042
Associate degree,37302.0,0.0,194071
Associate degree,46013.0,2.0,194099
Bachelor's degree,75248.0,9.7345,195011
High school diploma or equivalent,51708.0,-6.6667,195012
Not reported,50057.0,10.1438,210000
Master's degree,53774.0,7.1429,211012
Master's degree,36008.0,9.6774,211015
Bachelor's degree,63318.0,24.3636,211018
Bachelor's degree,46729.0,2.3684,211021
Master's degree,58740.0,3.4483,211022
Master's degree,51737.0,14.2857,211023
Bachelor's degree,49253.0,0.0,211029
Bachelor's degree,42688.0,0.0,211092
High school diploma or equivalent,33044.0,12.8631,211093
High school diploma or equivalent,49101.0,16.6667,211094
Not reported,81115.0,0.2475,230000
Doctoral or professional degree,99960.0,2.1277,231011
Doctoral or professional degree,128608.0,6.6667,231023
Associate degree,46716.0,-2.1739,232011
Not reported,50282.0,3.1441,250000
Doctoral or professional degree,54919.0,5.2632,251022
Doctoral or professional degree,62423.0,25.0,251071
Doctoral or professional degree,,9.0909,251081
Master's degree,55009.0,8.3333,251121
Bachelor's degree,45952.0,-0.5051,251194
Associate degree,42042.0,6.5217,252011
Bachelor's degree,56688.0,3.7594,252012
Bachelor's degree,55141.0,2.7845,252021
Bachelor's degree,56181.0,3.3573,252022
Bachelor's degree,59870.0,3.1915,252031
Bachelor's degree,54300.0,1.8405,252052
Bachelor's degree,53218.0,2.1978,252057
Bachelor's degree,57599.0,3.3898,252058
High school diploma or equivalent,45922.0,0.0,253021
Bachelor's degree,45077.0,4.5977,253099
Master's degree,60690.0,2.8037,254022
Postsecondary nondegree award,40063.0,-9.2593,254031
"Some college, no degree",28995.0,2.3944,259045
Bachelor's degree,45435.0,4.4118,259099
Not reported,47259.0,1.1994,270000
High school diploma or equivalent,30507.0,-6.6667,271023
Bachelor's degree,49389.0,-3.3898,271024
High school diploma or equivalent,37363.0,2.439,271026
Bachelor's degree,48951.0,0.0,272012
Bachelor's degree,46194.0,-13.0435,273023
Bachelor's degree,64339.0,1.7544,273031
Bachelor's degree,74670.0,4.1667,273091
Postsecondary nondegree award,29092.0,7.1429,274011
Not reported,87336.0,7.2102,290000
Doctoral or professional degree,86964.0,7.1429,291011
Doctoral or professional degree,187062.0,4.4776,291021
Bachelor's degree,65739.0,8.5106,291031
Doctoral or professional degree,167116.0,10.0,291041
Doctoral or professional degree,128009.0,0.4673,291051
Master's degree,123153.0,28.2051,291071
Master's degree,86759.0,14.5631,291122
Doctoral or professional degree,87899.0,17.0,291123
Associate degree,99665.0,0.0,291124
Associate degree,64294.0,12.9032,291126
Master's degree,82569.0,22.695,291127
Bachelor's degree,87015.0,10.8696,291129
Doctoral or professional degree,95789.0,15.6863,291131
Bachelor's degree,77455.0,4.6632,291141
Master's degree,117695.0,44.0678,291171
Doctoral or professional degree,266033.0,3.5088,291215
Doctoral or professional degree,334797.0,4.1667,291216
Doctoral or professional degree,,2.6667,291229
Doctoral or professional degree,430988.0,0.0,291249
Associate degree,71226.0,6.4,291292
Bachelor's degree,55167.0,3.8911,292010
Associate degree,81682.0,14.2857,292032
Associate degree,61116.0,1.7045,292034
Postsecondary nondegree award,35981.0,5.036,292042
Postsecondary nondegree award,46359.0,4.4444,292043
High school diploma or equivalent,37902.0,3.5971,292052
Postsecondary nondegree award,55552.0,5.0,292055
Associate degree,33405.0,16.6667,292056
Postsecondary nondegree award,,14.2857,292057
Postsecondary nondegree award,55994.0,4.0169,292061
Postsecondary nondegree award,44418.0,6.6667,292072
High school diploma or equivalent,40106.0,5.7692,292081
Postsecondary nondegree award,56431.0,5.3763,292099
Postsecondary nondegree award,,7.6923,299093
Not reported,35680.0,14.206,310000
High school diploma or equivalent,32590.0,23.9972,311120
Postsecondary nondegree award,34860.0,2.6749,311131
Associate degree,64185.0,33.3333,312011
Associate degree,61578.0,27.4194,312021
Postsecondary nondegree award,38151.0,7.7778,319091
Postsecondary nondegree award,35719.0,13.8716,319092
High school diploma or equivalent,32361.0,15.625,319096
Postsecondary nondegree award,37922.0,7.4074,319097
High school diploma or equivalent,33611.0,4.6875,319099
Not reported,39579.0,0.2378,330000
High school diploma or equivalent,67217.0,2.1978,331012
Postsecondary nondegree award,58124.0,2.8986,331021
High school diploma or equivalent,43594.0,0.0,331091
High school diploma or equivalent,33935.0,0.0,333011
High school diploma or equivalent,38219.0,-6.4,333012
High school diploma or equivalent,65410.0,7.6923,333021
High school diploma or equivalent,50799.0,2.8674,333051
High school diploma or equivalent,,13.3333,339011
High school diploma or equivalent,31960.0,-1.9417,339032
High school diploma or equivalent,36281.0,6.25,339099
Not reported,27899.0,5.7314,350000
High school diploma or equivalent,47770.0,11.5385,351011
High school diploma or equivalent,36179.0,12.1481,351012
No formal educational credential,24278.0,-6.6816,352011
No formal educational credential,28394.0,3.4426,352012
No formal educational credential,29654.0,30.9878,352014
No formal educational credential,26049.0,-1.4925,352021
No formal educational credential,24740.0,10.3106,353023
No formal educational credential,28928.0,3.8634,353031
No formal educational credential,25781.0,4.4872,359021
No formal educational credential,24320.0,8.0321,359031
Not reported,31898.0,2.4678,370000
High school diploma or equivalent,42548.0,2.8409,371011
High school diploma or equivalent,50202.0,4.2373,371012
No formal educational credential,30601.0,1.5228,372011
No formal educational credential,27722.0,0.8518,372012
High school diploma or equivalent,41015.0,6.8966,372021
No formal educational credential,32729.0,6.015,373011
High school diploma or equivalent,40673.0,0.0,373013
Not reported,29869.0,6.6378,390000
High school diploma or equivalent,43504.0,6.8966,391022
Postsecondary nondegree award,,1.3158,395012
Postsecondary nondegree award,48317.0,2.7778,395094
High school diploma or equivalent,25937.0,0.4808,399011
High school diploma or equivalent,25884.0,6.4516,399032
High school diploma or equivalent,24852.0,9.3458,399041
Not reported,39740.0,-1.6692,410000
High school diploma or equivalent,42929.0,-4.2889,411011
High school diploma or equivalent,77977.0,-6.0976,411012
No formal educational credential,24993.0,-6.5365,412011
No formal educational credential,36538.0,-2.1505,412021
No formal educational credential,38055.0,0.0,412022
No formal educational credential,33571.0,2.112,412031
High school diploma or equivalent,59695.0,7.9832,413021
Bachelor's degree,95323.0,6.1798,413031
High school diploma or equivalent,60704.0,0.9868,413091
Bachelor's degree,76292.0,0.0,414011
High school diploma or equivalent,65640.0,0.4847,414012
High school diploma or equivalent,,0.0,419021
High school diploma or equivalent,64882.0,1.3986,419022
No formal educational credential,,-15.0,419041
High school diploma or equivalent,40364.0,5.5556,419099
Not reported,41972.0,-6.2118,430000
High school diploma or equivalent,40633.0,-15.9664,433011
High school diploma or equivalent,40706.0,-2.9091,433021
"Some college, no degree",45089.0,-7.1852,433031
High school diploma or equivalent,49021.0,-17.3333,433051
High school diploma or equivalent,43759.0,-3.5714,433061
High school diploma or equivalent,34787.0,-16.7857,433071
High school diploma or equivalent,40162.0,2.2059,434031
High school diploma or equivalent,38287.0,-6.6225,434051
High school diploma or equivalent,50640.0,0.0,434061
High school diploma or equivalent,25423.0,0.0,434081
High school diploma or equivalent,26595.0,-8.9552,434121
High school diploma or equivalent,44062.0,-5.1064,434131
High school diploma or equivalent,39944.0,-16.6667,434141
"Some college, no degree",36764.0,-15.625,434151
Associate degree,40390.0,-4.878,434161
High school diploma or equivalent,31045.0,3.1359,434171
High school diploma or equivalent,43205.0,4.3478,434199
High school diploma or equivalent,35918.0,-3.125,435021
High school diploma or equivalent,40893.0,3.1915,435031
High school diploma or equivalent,44679.0,-3.7879,435032
High school diploma or equivalent,44850.0,-7.1429,435041
No formal educational credential,58601.0,-8.0645,435051
No formal educational credential,57676.0,-6.7138,435052
High school diploma or equivalent,57878.0,1.8349,435061
High school diploma or equivalent,41683.0,-8.1664,435071
High school diploma or equivalent,42031.0,-8.5714,435111
High school diploma or equivalent,57100.0,-20.1835,436011
High school diploma or equivalent,41073.0,-25.0,436012
High school diploma or equivalent,37319.0,5.3691,436013
High school diploma or equivalent,37972.0,-11.0245,436014
High school diploma or equivalent,32443.0,-23.3333,439021
High school diploma or equivalent,43325.0,0.0,439041
High school diploma or equivalent,28201.0,-15.3846,439051
High school diploma or equivalent,36562.0,-6.4954,439061
High school diploma or equivalent,44415.0,-5.0,439199
Not reported,41225.0,12.63,450000
High school diploma or equivalent,61112.0,17.1429,451011
Bachelor's degree,52398.0,0.0,452011
No formal educational credential,33795.0,-6.1224,452041
No formal educational credential,37452.0,22.6087,452092
No formal educational credential,43202.0,12.1693,452093
No formal educational credential,,0.0,453031
High school diploma or equivalent,,-5.2632,454022
Not reported,54514.0,2.5816,470000
High school diploma or equivalent,75647.0,2.0888,471011
High school diploma or equivalent,55326.0,1.6129,472021
High school diploma or equivalent,50787.0,4.5564,472031
No formal educational credential,49831.0,-2.6316,472051
No formal educational credential,41892.0,6.7568,472061
High school diploma or equivalent,59297.0,1.5267,472073
High school diploma or equivalent,57200.0,7.7193,472111
No formal educational credential,43656.0,3.7594,472141
High school diploma or equivalent,65735.0,4.3103,472152
No formal educational credential,,3.5088,472181
High school diploma or equivalent,46964.0,2.0,472211
High school diploma or equivalent,34072.0,3.3333,473015
High school diploma or equivalent,50934.0,-4.1667,474011
High school diploma or equivalent,35727.0,8.2707,474051
High school diploma or equivalent,,-2.0,475022
High school diploma or equivalent,34785.0,-10.5263,475099
Not reported,56377.0,4.4269,490000
High school diploma or equivalent,75707.0,0.2571,491011
"Some college, no degree",39559.0,-5.0,492011
Postsecondary nondegree award,,3.7736,492022
Postsecondary nondegree award,72491.0,-6.0,492094
Postsecondary nondegree award,82043.0,-5.7143,492095
Postsecondary nondegree award,55069.0,5.7143,493011
High school diploma or equivalent,46309.0,2.381,493021
Postsecondary nondegree award,44848.0,1.3889,493023
High school diploma or equivalent,49446.0,-2.5316,493031
High school diploma or equivalent,47040.0,10.0,493041
High school diploma or equivalent,57568.0,0.0,493042
High school diploma or equivalent,,-9.0909,493043
High school diploma or equivalent,32076.0,-1.9608,493093
High school diploma or equivalent,70444.0,0.0,499012
Postsecondary nondegree award,56238.0,8.1272,499021
High school diploma or equivalent,,-7.6923,499031
High school diploma or equivalent,63919.0,13.1952,499041
High school diploma or equivalent,56938.0,3.3708,499043
High school diploma or equivalent,63459.0,0.0,499044
High school diploma or equivalent,77122.0,3.5088,499051
Associate degree,58558.0,-5.8824,499062
High school diploma or equivalent,48953.0,3.8425,499071
High school diploma or equivalent,34717.0,3.3333,499098
Not reported,48057.0,-2.5124,510000
High school diploma or equivalent,72435.0,1.0329,511011
High school diploma or equivalent,42899.0,-1.8104,512090
No formal educational credential,31702.0,0.0,513021
No formal educational credential,37535.0,0.0,513022
No formal educational credential,55021.0,-14.7287,513091
High school diploma or equivalent,41614.0,4.7619,513092
High school diploma or equivalent,45919.0,-2.8571,513093
No formal educational credential,36655.0,2.2727,513099
High school diploma or equivalent,49217.0,-2.5974,514021
High school diploma or equivalent,,-6.9182,514023
High school diploma or equivalent,39412.0,-8.6022,514031
High school diploma or equivalent,44555.0,-11.5385,514033
High school diploma or equivalent,,-7.1429,514034
High school diploma or equivalent,57719.0,-11.6883,514035
High school diploma or equivalent,55560.0,0.5831,514041
High school diploma or equivalent,56441.0,-2.381,514051
High school diploma or equivalent,44845.0,-4.6392,514072
High school diploma or equivalent,37303.0,3.5088,514081
Postsecondary nondegree award,56849.0,-7.1429,514111
High school diploma or equivalent,45974.0,4.5597,514121
High school diploma or equivalent,,-7.6923,514199
High school diploma or equivalent,37606.0,-1.5873,515112
No formal educational credential,28041.0,-3.3898,516011
No formal educational credential,25771.0,1.2987,516031
High school diploma or equivalent,,-1.5873,517042
High school diploma or equivalent,50870.0,-8.0645,518031
High school diploma or equivalent,74693.0,-10.5263,518092
High school diploma or equivalent,57651.0,-6.0241,519011
High school diploma or equivalent,,1.4837,519012
High school diploma or equivalent,41019.0,-3.8462,519021
High school diploma or equivalent,48701.0,-2.2727,519023
High school diploma or equivalent,39405.0,-12.2449,519032
High school diploma or equivalent,,-4.0,519041
High school diploma or equivalent,44975.0,-2.2581,519061
High school diploma or equivalent,47572.0,1.5287,519111
High school diploma or equivalent,48144.0,1.2987,519124
High school diploma or equivalent,50053.0,-10.0,519161
Postsecondary nondegree award,63704.0,6.0606,519162
High school diploma or equivalent,38921.0,-9.0909,519198
High school diploma or equivalent,41306.0,1.5284,519199
Not reported,41606.0,4.3723,530000
High school diploma or equivalent,65580.0,4.5198,531047
High school diploma or equivalent,32591.0,11.0849,533031
Postsecondary nondegree award,50579.0,1.7451,533032
High school diploma or equivalent,44617.0,9.5238,533033
High school diploma or equivalent,37315.0,1.7143,533051
High school diploma or equivalent,37512.0,4.8387,533052
No formal educational credential,28728.0,9.0,533053
High school diploma or equivalent,,3.125,534011
No formal educational credential,,4.1667,536031
High school diploma or equivalent,62317.0,3.2258,537021
No formal educational credential,45473.0,2.4671,537051
No formal educational credential,35166.0,2.5568,537061
No formal educational credential,40071.0,1.756,537062
No formal educational credential,44880.0,0.0,537063
No formal educational credential,35344.0,3.4268,537064
High school diploma or equivalent,33521.0,8.0311,537065
No formal educational credential,38310.0,-3.3898,537081
Not reported,59135.0,5.8001,000000
Not reported,115975.0,8.5173,110000
Bachelor's degree,251275.0,-7.8329,111011
Bachelor's degree,106015.0,6.6979,111021
Bachelor's degree,78618.0,0.0,112011
Bachelor's degree,131613.0,7.5638,112021
Bachelor's degree,127071.0,5.2481,112022
Bachelor's degree,113737.0,4.6154,112032
Bachelor's degree,111729.0,3.6364,112033
Bachelor's degree,112743.0,6.9347,113012
Bachelor's degree,89171.0,7.1782,113013
Bachelor's degree,143472.0,14.6654,113021
Bachelor's degree,140199.0,16.6441,113031
Bachelor's degree,117723.0,5.6777,113051
Bachelor's degree,123871.0,7.4766,113061
High school diploma or equivalent,97201.0,16.7969,113071
Bachelor's degree,145004.0,1.8182,113111
Bachelor's degree,122198.0,5.3908,113121
Bachelor's degree,97218.0,11.2583,113131
High school diploma or equivalent,,-9.7826,119013
Bachelor's degree,113304.0,7.2115,119021
Bachelor's degree,46332.0,-2.1739,119031
Master's degree,108810.0,5.3905,119032
Master's degree,135697.0,8.1461,119033
Bachelor's degree,73619.0,3.2258,119039
Bachelor's degree,141352.0,9.2593,119041
High school diploma or equivalent,66484.0,8.8015,119051
Bachelor's degree,66958.0,6.1224,119072
Bachelor's degree,121597.0,30.0541,119111
Bachelor's degree,127514.0,5.5556,119121
High school diploma or equivalent,99120.0,-5.0,119131
High school diploma or equivalent,59885.0,2.7913,119141
Bachelor's degree,70815.0,7.0225,119151
Associate degree,60697.0,4.065,119171
High school diploma or equivalent,50863.0,2.7778,119179
Bachelor's degree,129613.0,6.0606,119199
Not reported,76268.0,6.242,130000
Bachelor's degree,69548.0,-4.3155,131020
High school diploma or equivalent,68190.0,-4.106,131031
Bachelor's degree,76523.0,6.6152,131041
Bachelor's degree,74024.0,-2.1505,131051
Bachelor's degree,69092.0,7.0909,131071
Bachelor's degree,53591.0,-1.2212,131075
Bachelor's degree,72406.0,24.4253,131081
Bachelor's degree,90479.0,7.3994,131082
Bachelor's degree,88570.0,9.3982,131111
Bachelor's degree,48072.0,7.5718,131121
Bachelor's degree,55087.0,3.7975,131131
Bachelor's degree,65235.0,15.7795,131141
Bachelor's degree,62814.0,8.0204,131151
Bachelor's degree,69004.0,13.8562,131161
Bachelor's degree,80280.0,7.3031,131199
Bachelor's degree,79316.0,5.6934,132011
Bachelor's degree,56486.0,4.5455,132020
Bachelor's degree,83615.0,6.8376,132031
Bachelor's degree,80824.0,-5.5233,132041
Bachelor's degree,68973.0,9.2257,132051
Bachelor's degree,130390.0,12.949,132052
Bachelor's degree,76914.0,-4.059,132053
Bachelor's degree,89252.0,4.698,132054
Bachelor's degree,85855.0,15.2632,132061
Bachelor's degree,54211.0,5.9406,132071
Bachelor's degree,76611.0,0.6836,132072
Bachelor's degree,67502.0,0.0,132081
High school diploma or equivalent,55516.0,3.5842,132082
Bachelor's degree,73145.0,6.087,132099
Not reported,89397.0,14.2521,150000
Bachelor's degree,90029.0,10.7069,151211
Bachelor's degree,99907.0,29.9065,151212
Master's degree,101964.0,26.3158,151221
Associate degree,72384.0,9.561,151231
"Some college, no degree",57072.0,6.2969,151232
Bachelor's degree,114726.0,4.6875,151241
Bachelor's degree,93384.0,6.8249,151242
Bachelor's degree,114282.0,7.6023,151243
Bachelor's degree,92179.0,4.1538,151244
Bachelor's degree,93894.0,-9.1391,151251
Bachelor's degree,111198.0,24.1242,151252
Bachelor's degree,78738.0,19.4127,151253
Bachelor's degree,83702.0,15.7303,151254
Bachelor's degree,96721.0,13.1687,151255
Bachelor's degree,88994.0,10.6907,151299
Bachelor's degree,81169.0,22.4432,152031
Master's degree,93975.0,26.8293,152041
Bachelor's degree,97821.0,33.6336,152051
Bachelor's degree,54665.0,0.0,152099
Not reported,84081.0,9.6138,170000
Bachelor's degree,93643.0,5.6604,171011
Bachelor's degree,88799.0,1.8182,171012
Bachelor's degree,73937.0,6.0,171021
Bachelor's degree,62053.0,6.6176,171022
Bachelor's degree,121227.0,8.9286,172011
Bachelor's degree,107754.0,8.3333,172031
Bachelor's degree,102247.0,8.6957,172041
Bachelor's degree,99935.0,6.0175,172051
Bachelor's degree,69008.0,5.9701,172061
Bachelor's degree,91454.0,5.9809,172071
Bachelor's degree,105453.0,11.1111,172072
Bachelor's degree,101479.0,10.687,172081
Bachelor's degree,85050.0,6.1538,172111
Bachelor's degree,90280.0,21.4692,172112
Bachelor's degree,96825.0,10.1449,172131
Bachelor's degree,102235.0,15.8221,172141
Bachelor's degree,90350.0,7.0485,172199
Associate degree,55238.0,1.8072,173011
Associate degree,57469.0,2.5974,173012
Associate degree,73528.0,-2.834,173013
Associate degree,45827.0,-3.207,173019
Associate degree,47623.0,0.625,173022
Associate degree,69194.0,4.0761,173023
Associate degree,49348.0,-2.7778,173024
Associate degree,52259.0,1.3158,173025
Associate degree,62435.0,9.3151,173026
Associate degree,72254.0,2.9412,173027
Associate degree,70679.0,4.6729,173029
High school diploma or equivalent,49569.0,4.878,173031
Not reported,74669.0,9.3779,190000
Bachelor's degree,,6.25,191012
Bachelor's degree,65648.0,8.8235,191013
Bachelor's degree,81460.0,4.7619,191029
Bachelor's degree,54171.0,15.7895,191031
Master's degree,57861.0,7.7348,191041
Doctoral or professional degree,78083.0,15.1515,191042
Doctoral or professional degree,134735.0,4.7619,192012
Bachelor's degree,79865.0,-2.6316,192021
Bachelor's degree,80058.0,7.4074,192031
Bachelor's degree,80158.0,0.0,192032
Bachelor's degree,72486.0,9.5238,192041
Doctoral or professional degree,94073.0,13.7339,193033
Master's degree,88494.0,4.9383,193034
Master's degree,113151.0,9.5694,193039
Master's degree,73194.0,2.1739,193051
Master's degree,,8.3333,193091
Bachelor's degree,75390.0,4.2553,193099
Associate degree,54908.0,5.5556,194013
Associate degree,57504.0,4.1667,194031
Associate degree,56559.0,8.4746,194042
Associate degree,58175.0,6.5089,194099
Bachelor's degree,79282.0,17.6768,195011
High school diploma or equivalent,68676.0,21.25,195012
Not reported,54585.0,10.5902,210000
Master's degree,65697.0,9.6601,211012
Master's degree,58767.0,16.129,211013
Master's degree,42059.0,10.6227,211015
Bachelor's degree,58559.0,20.7843,211018
Master's degree,53650.0,16.6667,211019
Bachelor's degree,49178.0,2.6677,211021
Master's degree,66645.0,11.5566,211022
Master's degree,52118.0,11.1111,211023
Bachelor's degree,77291.0,6.6667,211029
Bachelor's degree,62091.0,8.9552,211091
Bachelor's degree,39962.0,0.3413,211092
High school diploma or equivalent,42590.0,8.886,211093
High school diploma or equivalent,54604.0,12.2986,211094
Bachelor's degree,41675.0,7.6087,211099
Bachelor's degree,53815.0,8.9888,212011
Not reported,101966.0,6.6889,230000
Doctoral or professional degree,124134.0,8.3333,231011
Doctoral or professional degree,79182.0,1.0989,231021
Doctoral or professional degree,137921.0,1.8182,231023
Associate degree,57531.0,5.1876,232011
Not reported,61195.0,5.9137,250000
Doctoral or professional degree,97247.0,11.5108,251011
Doctoral or professional degree,71775.0,10.9091,251021
Doctoral or professional degree,69282.0,8.5366,251022
Doctoral or professional degree,77379.0,13.253,251042
Doctoral or professional degree,83153.0,7.8947,251052
Doctoral or professional degree,108516.0,8.0,251063
Doctoral or professional degree,,10.5263,251066
Doctoral or professional degree,84004.0,24.581,251071
Doctoral or professional degree,75171.0,8.1395,251081
Master's degree,62696.0,7.3034,251121
Doctoral or professional degree,71028.0,7.2464,251122
Doctoral or professional degree,69934.0,5.8824,251123
Doctoral or professional degree,,4.0,251124
Doctoral or professional degree,80233.0,7.2727,251126
Bachelor's degree,54455.0,3.6415,251194
Doctoral or professional degree,86996.0,7.9284,251199
Associate degree,39291.0,6.0241,252011
Bachelor's degree,65549.0,3.9095,252012
Bachelor's degree,64558.0,5.2111,252021
Bachelor's degree,64067.0,5.3404,252022
Bachelor's degree,67209.0,5.5389,252031
Bachelor's degree,62488.0,4.0717,252052
Bachelor's degree,60367.0,4.142,252057
Bachelor's degree,63413.0,4.4554,252058
Bachelor's degree,68532.0,6.3636,252059
Bachelor's degree,46143.0,-12.9412,253011
High school diploma or equivalent,41891.0,5.1867,253021
Bachelor's degree,31437.0,6.25,253031
"Some college, no degree",39183.0,8.2324,253041
Bachelor's degree,58576.0,6.8246,253099
Master's degree,50652.0,11.6279,254011
Master's degree,53683.0,8.5714,254012
Bachelor's degree,40764.0,9.5238,254013
Master's degree,69161.0,5.0992,254022
Postsecondary nondegree award,34918.0,-6.4935,254031
Master's degree,,1.3889,259021
Master's degree,59949.0,6.9444,259031
Bachelor's degree,42483.0,8.6957,259044
"Some college, no degree",35576.0,4.6532,259045
Bachelor's degree,77930.0,7.0588,259099
Not reported,60052.0,3.5943,270000
Bachelor's degree,83347.0,1.8939,271011
Bachelor's degree,80299.0,4.878,271021
High school diploma or equivalent,32761.0,-15.8273,271023
Bachelor's degree,55795.0,4.5369,271024
Bachelor's degree,60524.0,6.7308,271025
High school diploma or equivalent,37850.0,3.1519,271026
Bachelor's degree,52218.0,5.1724,271027
Bachelor's degree,64442.0,5.1724,271029
"Some college, no degree",,-2.7027,272011
Bachelor's degree,65684.0,5.919,272012
No formal educational credential,46238.0,7.2464,272021
Bachelor's degree,74545.0,12.3116,272022
Bachelor's degree,43625.0,-3.7037,272041
No formal educational credential,,-2.0661,272042
High school diploma or equivalent,,7.563,272091
Bachelor's degree,41372.0,-16.6667,273011
Bachelor's degree,58939.0,-12.2449,273023
Bachelor's degree,73266.0,8.215,273031
Bachelor's degree,76650.0,-15.7303,273041
Bachelor's degree,79314.0,8.4615,273042
Bachelor's degree,61603.0,2.0725,273043
Bachelor's degree,48915.0,5.2133,273091
Postsecondary nondegree award,45014.0,11.9048,274011
Associate degree,72455.0,-12.1212,274012
High school diploma or equivalent,44824.0,6.0837,274021
Bachelor's degree,50129.0,-0.8403,274031
Bachelor's degree,47275.0,10.5263,274032
Not reported,92039.0,11.0267,290000
Doctoral or professional degree,79742.0,8.3871,291011
Doctoral or professional degree,180703.0,4.0625,291021
Doctoral or professional degree,,5.5046,291022
Doctoral or professional degree,127703.0,6.9767,291029
Bachelor's degree,67935.0,11.1111,291031
Doctoral or professional degree,163459.0,8.7912,291041
Doctoral or professional degree,135011.0,7.1219,291051
Master's degree,101070.0,27.0517,291071
Doctoral or professional degree,,5.0,291081
Master's degree,86612.0,14.8485,291122
Doctoral or professional degree,87280.0,17.5287,291123
Associate degree,89155.0,5.8824,291124
Bachelor's degree,52270.0,8.1633,291125
Associate degree,71203.0,17.7189,291126
Master's degree,96316.0,24.7467,291127
Bachelor's degree,93819.0,11.25,291129
Doctoral or professional degree,110760.0,21.7765,291131
Bachelor's degree,86551.0,9.5665,291141
Master's degree,114071.0,45.0458,291171
Doctoral or professional degree,76885.0,16.6667,291181
Doctoral or professional degree,,3.1579,291211
Doctoral or professional degree,295982.0,4.2105,291215
Doctoral or professional degree,,5.6604,291216
Doctoral or professional degree,,2.3148,291218
Doctoral or professional degree,207417.0,1.1765,291221
Doctoral or professional degree,384501.0,5.7692,291222
Doctoral or professional degree,216213.0,9.6774,291223
Doctoral or professional degree,394773.0,5.0926,291224
Doctoral or professional degree,290972.0,5.3237,291229
Doctoral or professional degree,,3.125,291242
Doctoral or professional degree,197357.0,2.3923,291249
Associate degree,77768.0,8.0374,291292
Bachelor's degree,61777.0,7.9202,292010
Associate degree,66156.0,8.6643,292034
Postsecondary nondegree award,44890.0,6.263,292042
Postsecondary nondegree award,55230.0,6.1798,292043
High school diploma or equivalent,41508.0,7.8831,292052
Postsecondary nondegree award,39233.0,11.5385,292053
Postsecondary nondegree award,54844.0,9.5092,292055
Associate degree,36504.0,22.2738,292056
Postsecondary nondegree award,41142.0,13.1579,292057
Postsecondary nondegree award,58404.0,7.3382,292061
Postsecondary nondegree award,49402.0,10.3982,292072
High school diploma or equivalent,44781.0,3.0612,292081
Master's degree,81677.0,27.451,292091
High school diploma or equivalent,56918.0,23.8095,292092
Postsecondary nondegree award,60395.0,9.0786,292099
Associate degree,65332.0,23.1939,299021
Master's degree,56477.0,20.1149,299091
Postsecondary nondegree award,67620.0,7.6471,299093
Postsecondary nondegree award,88016.0,5.7143,299099
Not reported,39005.0,14.6911,310000
High school diploma or equivalent,34763.0,22.2128,311120
Postsecondary nondegree award,38837.0,6.6009,311131
Associate degree,69010.0,18.6335,312011
High school diploma or equivalent,,0.0,312012
Associate degree,58682.0,24.0126,312021
High school diploma or equivalent,31635.0,6.1224,312022
Postsecondary nondegree award,70533.0,18.3267,319011
Postsecondary nondegree award,48086.0,7.1953,319091
Postsecondary nondegree award,40132.0,14.3276,319092
High school diploma or equivalent,44321.0,9.6491,319093
High school diploma or equivalent,34811.0,-0.8658,319095
Postsecondary nondegree award,40410.0,9.6026,319097
High school diploma or equivalent,45430.0,7.8292,319099
Not reported,45466.0,2.3433,330000
High school diploma or equivalent,53707.0,-4.4586,331011
High school diploma or equivalent,85910.0,3.0769,331012
Postsecondary nondegree award,70216.0,3.3742,331021
High school diploma or equivalent,48315.0,0.9259,331091
High school diploma or equivalent,67838.0,6.383,331099
Postsecondary nondegree award,44602.0,2.8465,332011
High school diploma or equivalent,,0.0,333011
High school diploma or equivalent,40700.0,-8.1882,333012
High school diploma or equivalent,95891.0,1.1299,333021
High school diploma or equivalent,57589.0,3.3898,333051
High school diploma or equivalent,42297.0,2.6316,339011
High school diploma or equivalent,56191.0,7.7778,339021
High school diploma or equivalent,35500.0,2.4013,339032
No formal educational credential,33552.0,7.4766,339091
No formal educational credential,27386.0,9.2243,339092
High school diploma or equivalent,43468.0,6.1047,339099
Not reported,30764.0,7.7653,350000
High school diploma or equivalent,57951.0,13.0319,351011
High school diploma or equivalent,40097.0,13.5496,351012
No formal educational credential,26763.0,-6.1385,352011
No formal educational credential,35809.0,6.1672,352012
Postsecondary nondegree award,,-23.0769,352013
No formal educational credential,32369.0,31.0785,352014
No formal educational credential,30772.0,-0.6599,352021
No formal educational credential,34617.0,9.8076,353011
No formal educational credential,26659.0,10.4044,353023
No formal educational credential,30207.0,4.7315,353031
No formal educational credential,31665.0,7.7909,353041
No formal educational credential,30350.0,14.5581,359011
No formal educational credential,28598.0,5.3518,359021
No formal educational credential,25882.0,9.3581,359031
No formal educational credential,29759.0,11.5942,359099
Not reported,34979.0,5.5937,370000
High school diploma or equivalent,43411.0,8.0304,371011
High school diploma or equivalent,53984.0,5.0,371012
No formal educational credential,33516.0,4.2301,372011
No formal educational credential,30532.0,8.8738,372012
No formal educational credential,36940.0,4.8764,373011
No formal educational credential,50199.0,4.2553,373019
Not reported,35395.0,6.1798,390000
High school diploma or equivalent,44562.0,7.9365,391022
High school diploma or equivalent,41626.0,10.9813,392011
High school diploma or equivalent,31054.0,9.046,392021
No formal educational credential,25442.0,11.0727,393031
No formal educational credential,25216.0,5.942,393091
High school diploma or equivalent,32612.0,5.3763,394021
Associate degree,50297.0,4.8193,394031
Postsecondary nondegree award,,9.7625,395011
Postsecondary nondegree award,66595.0,9.7665,395012
Postsecondary nondegree award,61906.0,11.5523,395094
High school diploma or equivalent,39624.0,12.0,396011
High school diploma or equivalent,31044.0,11.7021,396012
High school diploma or equivalent,36924.0,7.5658,397010
High school diploma or equivalent,29138.0,-1.4347,399011
High school diploma or equivalent,47251.0,15.6442,399031
High school diploma or equivalent,30326.0,4.7917,399032
High school diploma or equivalent,26481.0,7.4138,399041
High school diploma or equivalent,25519.0,13.8298,399099
Not reported,49870.0,0.0243,410000
High school diploma or equivalent,49927.0,-3.1635,411011
High school diploma or equivalent,87026.0,-0.1359,411012
No formal educational credential,28555.0,-7.9756,412011
No formal educational credential,39098.0,9.6089,412021
No formal educational credential,35065.0,2.0139,412031
High school diploma or equivalent,49558.0,-11.8971,413011
High school diploma or equivalent,70785.0,5.8297,413021
Bachelor's degree,94781.0,6.2452,413031
High school diploma or equivalent,43135.0,4.8193,413041
High school diploma or equivalent,68699.0,5.7991,413091
Bachelor's degree,109080.0,3.559,414011
High school diploma or equivalent,74407.0,2.4248,414012
No formal educational credential,34839.0,4.6332,419011
High school diploma or equivalent,54213.0,0.332,419022
Bachelor's degree,109816.0,9.2593,419031
No formal educational credential,,-18.8849,419041
High school diploma or equivalent,57291.0,8.5515,419099
Not reported,44962.0,-3.5119,430000
High school diploma or equivalent,48889.0,-5.3229,433011
High school diploma or equivalent,44222.0,-0.2694,433021
"Some college, no degree",47701.0,-5.595,433031
High school diploma or equivalent,54949.0,-15.5673,433051
High school diploma or equivalent,46616.0,-3.4965,433061
High school diploma or equivalent,38087.0,-16.9772,433071
High school diploma or equivalent,50439.0,-9.0909,434011
High school diploma or equivalent,39143.0,2.0581,434031
High school diploma or equivalent,41045.0,-3.9382,434051
High school diploma or equivalent,48999.0,1.0989,434061
High school diploma or equivalent,37074.0,-12.9032,434071
High school diploma or equivalent,28964.0,14.5856,434081
High school diploma or equivalent,41397.0,-1.6332,434111
High school diploma or equivalent,30428.0,-5.3659,434121
High school diploma or equivalent,47967.0,-4.9793,434131
High school diploma or equivalent,44090.0,-14.2857,434141
"Some college, no degree",36066.0,-14.6392,434151
Associate degree,46361.0,0.8671,434161
High school diploma or equivalent,33314.0,1.7912,434171
High school diploma or equivalent,51366.0,6.2295,434181
High school diploma or equivalent,45848.0,5.0794,434199
High school diploma or equivalent,47398.0,14.4552,435011
High school diploma or equivalent,36984.0,2.0802,435021
High school diploma or equivalent,46680.0,3.268,435031
High school diploma or equivalent,50007.0,0.8789,435032
High school diploma or equivalent,47288.0,-7.6923,435041
No formal educational credential,62176.0,-5.2239,435051
No formal educational credential,59324.0,-5.2561,435052
No formal educational credential,55317.0,-9.8881,435053
High school diploma or equivalent,54627.0,9.3988,435061
High school diploma or equivalent,42469.0,-5.1214,435071
High school diploma or equivalent,44338.0,9.1346,435111
High school diploma or equivalent,60977.0,-19.7259,436011
High school diploma or equivalent,44980.0,-20.5074,436012
High school diploma or equivalent,40383.0,8.1652,436013
High school diploma or equivalent,43689.0,-8.759,436014
High school diploma or equivalent,35470.0,-23.3463,439021
Associate degree,43741.0,-28.5714,439031
High school diploma or equivalent,48417.0,-3.8674,439041
High school diploma or equivalent,36532.0,-4.0698,439051
High school diploma or equivalent,37532.0,-4.7269,439061
High school diploma or equivalent,44828.0,0.0,439071
Bachelor's degree,41018.0,-13.0435,439081
High school diploma or equivalent,47302.0,-4.3807,439199
Not reported,36915.0,-5.9774,450000
High school diploma or equivalent,38795.0,-8.5106,451011
Bachelor's degree,,7.1429,452011
No formal educational credential,39157.0,-11.2676,452041
No formal educational credential,29206.0,-13.2184,452092
No formal educational credential,32125.0,1.1429,452093
Not reported,56795.0,4.0212,470000
High school diploma or equivalent,71160.0,3.7942,471011
High school diploma or equivalent,59326.0,0.7143,472021
High school diploma or equivalent,53842.0,2.9195,472031
No formal educational credential,45299.0,7.6923,472042
No formal educational credential,47096.0,6.4171,472044
No formal educational credential,50595.0,-3.6262,472051
No formal educational credential,45951.0,6.5973,472061
High school diploma or equivalent,57319.0,0.0,472071
High school diploma or equivalent,59301.0,4.9404,472073
High school diploma or equivalent,62635.0,8.0865,472111
No formal educational credential,43513.0,0.9852,472131
High school diploma or equivalent,57378.0,1.31,472132
No formal educational credential,48012.0,1.7886,472141
No formal educational credential,66191.0,-2.994,472151
High school diploma or equivalent,65009.0,2.8662,472152
No formal educational credential,49848.0,1.9523,472181
High school diploma or equivalent,55336.0,-1.3825,472211
High school diploma or equivalent,69952.0,2.3622,472221
High school diploma or equivalent,36867.0,-3.8462,473013
High school diploma or equivalent,35755.0,2.7322,473015
High school diploma or equivalent,61031.0,-0.9524,474011
High school diploma or equivalent,83615.0,1.1364,474021
High school diploma or equivalent,49179.0,-1.4286,474041
High school diploma or equivalent,42873.0,8.2192,474051
High school diploma or equivalent,44749.0,5.6604,474071
High school diploma or equivalent,,5.2632,474090
High school diploma or equivalent,42097.0,3.5088,475022
Not reported,58597.0,8.0468,490000
High school diploma or equivalent,79520.0,6.5769,491011
"Some college, no degree",44756.0,-4.9242,492011
Associate degree,59597.0,14.8936,492021
Postsecondary nondegree award,70921.0,10.4167,492022
High school diploma or equivalent,,3.3333,492092
Postsecondary nondegree award,57684.0,1.7857,492094
High school diploma or equivalent,57508.0,0.0,492096
High school diploma or equivalent,52579.0,5.8824,492098
Postsecondary nondegree award,90644.0,10.1632,493011
High school diploma or equivalent,50910.0,6.089,493021
Postsecondary nondegree award,46905.0,6.625,493023
High school diploma or equivalent,55520.0,3.3448,493031
High school diploma or equivalent,48254.0,6.6038,493041
High school diploma or equivalent,61067.0,9.9138,493042
High school diploma or equivalent,44932.0,0.6452,493053
High school diploma or equivalent,37798.0,5.3004,493093
High school diploma or equivalent,67024.0,5.3333,499012
Postsecondary nondegree award,57130.0,6.3526,499021
High school diploma or equivalent,62086.0,20.6134,499041
High school diploma or equivalent,57385.0,7.8493,499043
High school diploma or equivalent,73586.0,11.4338,499051
High school diploma or equivalent,57496.0,10.8696,499052
Associate degree,53534.0,17.7677,499062
High school diploma or equivalent,35012.0,0.0,499063
High school diploma or equivalent,51267.0,8.2908,499071
High school diploma or equivalent,43004.0,-3.5088,499091
High school diploma or equivalent,43214.0,-5.8824,499094
High school diploma or equivalent,37866.0,3.6789,499098
High school diploma or equivalent,50407.0,6.4194,499099
Not reported,48278.0,1.4975,510000
High school diploma or equivalent,71954.0,3.9937,511011
High school diploma or equivalent,43154.0,10.4683,512028
High school diploma or equivalent,50412.0,-15.0327,512041
High school diploma or equivalent,46786.0,2.6418,512090
No formal educational credential,34666.0,5.6911,513011
No formal educational credential,40599.0,-0.7752,513021
No formal educational credential,40761.0,0.0,513091
High school diploma or equivalent,42678.0,13.3721,513092
High school diploma or equivalent,38532.0,0.8333,513093
No formal educational credential,38484.0,3.3149,513099
High school diploma or equivalent,48916.0,-1.2903,514021
High school diploma or equivalent,48432.0,-10.0,514022
High school diploma or equivalent,49143.0,-11.3445,514023
High school diploma or equivalent,53113.0,-7.3418,514031
High school diploma or equivalent,46705.0,-4.4444,514033
High school diploma or equivalent,55588.0,8.2579,514041
High school diploma or equivalent,47632.0,-1.5444,514072
High school diploma or equivalent,46971.0,8.8889,514081
Postsecondary nondegree award,69005.0,0.0,514111
High school diploma or equivalent,50810.0,6.1117,514121
High school diploma or equivalent,46732.0,-3.8348,514122
High school diploma or equivalent,46018.0,-1.8868,514199
Postsecondary nondegree award,41593.0,-11.2281,515111
High school diploma or equivalent,45162.0,-3.4797,515112
High school diploma or equivalent,40086.0,-16.2921,515113
No formal educational credential,28156.0,4.9943,516011
No formal educational credential,29566.0,-19.7368,516021
No formal educational credential,31591.0,-8.5443,516031
No formal educational credential,33071.0,-7.0175,516052
High school diploma or equivalent,41436.0,2.6316,516093
High school diploma or equivalent,44585.0,2.3256,517011
High school diploma or equivalent,43244.0,3.1579,517021
High school diploma or equivalent,38625.0,-1.6611,517042
High school diploma or equivalent,107226.0,3.7736,518012
High school diploma or equivalent,71645.0,6.0,518021
High school diploma or equivalent,54675.0,-7.0796,518031
High school diploma or equivalent,56145.0,-8.8235,518092
High school diploma or equivalent,,0.0,518093
High school diploma or equivalent,62898.0,6.25,518099
High school diploma or equivalent,63003.0,-8.3218,519011
High school diploma or equivalent,55520.0,0.2481,519012
High school diploma or equivalent,44699.0,-3.125,519021
High school diploma or equivalent,56164.0,7.772,519023
High school diploma or equivalent,42152.0,-3.2258,519032
High school diploma or equivalent,43054.0,-3.2,519041
High school diploma or equivalent,46718.0,0.5567,519061
High school diploma or equivalent,42058.0,-2.4,519081
High school diploma or equivalent,,6.7961,519082
High school diploma or equivalent,36257.0,2.9412,519083
High school diploma or equivalent,44529.0,2.6268,519111
No formal educational credential,46562.0,3.7736,519123
High school diploma or equivalent,46677.0,5.543,519124
High school diploma or equivalent,48095.0,-1.9656,519161
Postsecondary nondegree award,53650.0,21.2121,519162
High school diploma or equivalent,43963.0,-2.8986,519191
High school diploma or equivalent,49672.0,5.0,519194
High school diploma or equivalent,40348.0,4.1667,519195
High school diploma or equivalent,49971.0,-8.6093,519196
High school diploma or equivalent,39784.0,-5.1913,519198
High school diploma or equivalent,37166.0,3.8337,519199
Not reported,56291.0,11.1482,530000
Postsecondary nondegree award,,7.3529,532012
High school diploma or equivalent,130997.0,11.2583,532022
High school diploma or equivalent,38724.0,15.3082,533031
Postsecondary nondegree award,59500.0,6.2423,533032
High school diploma or equivalent,51379.0,14.2026,533033
High school diploma or equivalent,48772.0,4.186,533051
High school diploma or equivalent,52527.0,3.907,533052
No formal educational credential,33422.0,14.1479,533053
No formal educational credential,37735.0,17.3684,533099
High school diploma or equivalent,,0.0,534022
High school diploma or equivalent,,0.0,534031
No formal educational credential,30133.0,2.8926,536021
No formal educational credential,33541.0,-2.1277,536031
High school diploma or equivalent,98061.0,3.2967,536051
No formal educational credential,43632.0,11.5108,537011
High school diploma or equivalent,53772.0,2.0619,537021
No formal educational credential,46547.0,9.8634,537051
No formal educational credential,34193.0,9.5339,537061
No formal educational credential,42863.0,12.6989,537062
No formal educational credential,47005.0,27.4949,537063
No formal educational credential,36991.0,7.6391,537064
High school diploma or equivalent,40916.0,11.4133,537065
No formal educational credential,43259.0,2.3758,537081
Not reported,49387.0,7.1552,000000
Not reported,96011.0,9.8624,110000
Bachelor's degree,180542.0,-4.5752,111011
Bachelor's degree,87322.0,7.9935,111021
Bachelor's degree,107659.0,3.8961,112021
Bachelor's degree,119166.0,6.0284,112022
Bachelor's degree,97425.0,20.0,112032
Bachelor's degree,107613.0,6.3158,113012
Bachelor's degree,78495.0,11.1111,113013
Bachelor's degree,130385.0,12.5,113021
Bachelor's degree,119756.0,19.4245,113031
Bachelor's degree,105654.0,11.7834,113051
Bachelor's degree,129590.0,10.0,113061
High school diploma or equivalent,86492.0,7.1429,113071
Bachelor's degree,116454.0,4.5455,113121
Bachelor's degree,95845.0,10.0,119021
Bachelor's degree,44650.0,0.0,119031
Master's degree,92813.0,3.321,119032
Bachelor's degree,98977.0,-2.6846,119039
Bachelor's degree,132854.0,11.1111,119041
High school diploma or equivalent,60991.0,10.6383,119051
Bachelor's degree,66631.0,7.1429,119072
Bachelor's degree,98962.0,40.2985,119111
High school diploma or equivalent,90884.0,-11.7647,119131
High school diploma or equivalent,47952.0,10.8844,119141
Bachelor's degree,66122.0,6.1224,119151
Associate degree,62380.0,2.3529,119171
Bachelor's degree,119653.0,4.428,119199
Not reported,74168.0,3.7638,130000
Bachelor's degree,68372.0,-2.2901,131020
High school diploma or equivalent,,-8.3333,131031
Bachelor's degree,64619.0,5.6818,131041
Bachelor's degree,62376.0,-1.0417,131051
Bachelor's degree,75833.0,-0.8303,131071
Bachelor's degree,79084.0,16.9118,131081
Bachelor's degree,84845.0,5.7851,131082
Bachelor's degree,93974.0,14.8,131111
Bachelor's degree,52124.0,4.4444,131121
Bachelor's degree,57517.0,6.0606,131141
Bachelor's degree,62015.0,9.2199,131151
Bachelor's degree,61984.0,13.3333,131161
Bachelor's degree,81303.0,-1.7081,131199
Bachelor's degree,68874.0,7.2835,132011
Bachelor's degree,,7.1429,132020
Bachelor's degree,86097.0,-1.1494,132031
Bachelor's degree,71558.0,-1.7241,132041
Bachelor's degree,82745.0,12.1212,132051
Bachelor's degree,79312.0,10.8108,132052
Bachelor's degree,66425.0,12.8205,132054
Bachelor's degree,71759.0,24.1379,132061
Bachelor's degree,39877.0,16.6667,132071
Bachelor's degree,67440.0,5.4348,132072
Bachelor's degree,40500.0,7.6923,132081
Bachelor's degree,76834.0,0.0,132099
Not reported,84505.0,14.1526,150000
Bachelor's degree,81361.0,16.129,151211
Bachelor's degree,91158.0,32.0,151212
Associate degree,72687.0,6.8966,151231
"Some college, no degree",53968.0,8.0247,151232
Bachelor's degree,111388.0,12.5,151241
Bachelor's degree,77056.0,7.6923,151242
Bachelor's degree,70416.0,4.1322,151244
Bachelor's degree,90362.0,-9.6774,151251
Bachelor's degree,94677.0,27.3196,151252
Bachelor's degree,63045.0,19.4444,151253
Bachelor's degree,78631.0,4.3478,151255
Bachelor's degree,97028.0,14.0511,151299
Bachelor's degree,98215.0,16.0,152031
Not reported,75252.0,12.439,170000
Bachelor's degree,49437.0,7.4074,171022
Bachelor's degree,90063.0,4.5455,172051
Bachelor's degree,76975.0,0.0,172071
Bachelor's degree,97918.0,14.2857,172072
Bachelor's degree,90497.0,5.0,172111
Bachelor's degree,83799.0,25.4753,172112
Bachelor's degree,92826.0,16.6667,172131
Bachelor's degree,86444.0,22.8311,172141
Bachelor's degree,78125.0,0.0,172199
Associate degree,50845.0,10.0,173011
Associate degree,59142.0,6.25,173012
Associate degree,57429.0,5.4545,173013
Associate degree,48498.0,4.7619,173019
Associate degree,44787.0,0.7752,173022
Associate degree,70993.0,4.4444,173023
Associate degree,58093.0,12.5,173026
Associate degree,59498.0,11.1111,173027
Associate degree,76421.0,-6.6667,173029
High school diploma or equivalent,49575.0,2.6316,173031
Not reported,69984.0,7.3922,190000
Bachelor's degree,,7.6923,191029
Bachelor's degree,67827.0,0.0,191031
Bachelor's degree,83395.0,7.1429,192031
Bachelor's degree,74261.0,0.0,192041
Doctoral or professional degree,97278.0,22.2222,193033
Master's degree,70928.0,2.5,193034
Associate degree,36706.0,5.2632,194012
Associate degree,61995.0,9.0909,194031
Associate degree,,9.0909,194071
Associate degree,60870.0,13.4615,194099
Bachelor's degree,70095.0,13.7255,195011
High school diploma or equivalent,63073.0,20.0,195012
Not reported,50435.0,11.2285,210000
Master's degree,67706.0,7.1429,211012
Master's degree,41103.0,4.7619,211015
Bachelor's degree,51945.0,23.5294,211018
Bachelor's degree,47761.0,4.1769,211021
Master's degree,54472.0,19.1176,211022
Master's degree,59357.0,14.2857,211023
Bachelor's degree,72034.0,0.0,211029
Bachelor's degree,59026.0,17.3913,211091
Bachelor's degree,42122.0,0.0,211092
High school diploma or equivalent,37258.0,10.6618,211093
High school diploma or equivalent,49063.0,23.5294,211094
Not reported,77574.0,3.5545,230000
Doctoral or professional degree,89535.0,4.8193,231011
Doctoral or professional degree,131810.0,0.0,231023
Associate degree,52512.0,2.2556,232011
Not reported,51434.0,2.8638,250000
Doctoral or professional degree,76010.0,5.9701,251199
Associate degree,39866.0,4.8889,252011
Bachelor's degree,57485.0,3.0864,252012
Bachelor's degree,57344.0,3.2888,252021
Bachelor's degree,57560.0,3.1373,252022
Bachelor's degree,59747.0,3.5311,252031
Bachelor's degree,62102.0,2.439,252032
Bachelor's degree,57940.0,1.7467,252052
Bachelor's degree,58733.0,1.8349,252057
Bachelor's degree,59063.0,2.8369,252058
"Some college, no degree",,0.0,253041
Bachelor's degree,58218.0,-0.885,253099
Master's degree,63282.0,3.9604,254022
Postsecondary nondegree award,29780.0,-7.1429,254031
Master's degree,75646.0,1.9608,259031
"Some college, no degree",29942.0,2.9197,259045
Bachelor's degree,43465.0,1.4286,259099
Not reported,48897.0,1.0376,270000
High school diploma or equivalent,29774.0,-9.375,271023
Bachelor's degree,51044.0,0.0,271024
High school diploma or equivalent,36702.0,3.4188,271026
Bachelor's degree,65695.0,10.0,272012
Bachelor's degree,40399.0,6.9767,272022
Bachelor's degree,35246.0,-8.0,273011
Bachelor's degree,32274.0,-25.0,273023
Bachelor's degree,65830.0,2.9703,273031
Bachelor's degree,78407.0,6.25,273042
Bachelor's degree,,-6.4516,273043
Not reported,83082.0,19.3778,290000
Doctoral or professional degree,92678.0,10.0,291011
Doctoral or professional degree,186236.0,3.75,291021
Bachelor's degree,58177.0,13.8889,291031
Doctoral or professional degree,134101.0,10.3448,291041
Doctoral or professional degree,127980.0,9.9548,291051
Master's degree,97749.0,30.4348,291071
Master's degree,85998.0,21.4286,291122
Doctoral or professional degree,84110.0,25.1656,291123
Associate degree,65581.0,39.7849,291126
Master's degree,76778.0,21.7687,291127
Bachelor's degree,,12.7907,291129
Doctoral or professional degree,94252.0,17.3077,291131
Bachelor's degree,77656.0,23.0969,291141
Master's degree,110569.0,53.012,291171
Doctoral or professional degree,,10.5263,291214
Doctoral or professional degree,266982.0,5.6604,291215
Doctoral or professional degree,,20.0,291223
Doctoral or professional degree,283193.0,8.5106,291229
Associate degree,69322.0,7.2727,291292
Bachelor's degree,55975.0,24.6269,292010
Associate degree,61746.0,25.0,292034
Postsecondary nondegree award,35606.0,8.5271,292042
Postsecondary nondegree award,49007.0,8.0,292043
High school diploma or equivalent,37385.0,14.4554,292052
Postsecondary nondegree award,,38.0,292053
Associate degree,31922.0,21.7391,292056
Postsecondary nondegree award,33090.0,13.7931,292057
Postsecondary nondegree award,54452.0,10.3896,292061
Postsecondary nondegree award,46606.0,16.875,292072
High school diploma or equivalent,41655.0,5.5556,292081
Postsecondary nondegree award,55767.0,22.0588,292099
Associate degree,56934.0,34.7826,299021
Not reported,35261.0,19.1223,310000
High school diploma or equivalent,33322.0,24.8222,311120
Postsecondary nondegree award,34138.0,11.583,311131
Associate degree,55084.0,34.2593,312021
High school diploma or equivalent,,6.0606,312022
Postsecondary nondegree award,37588.0,6.5421,319091
Postsecondary nondegree award,34188.0,17.2348,319092
Postsecondary nondegree award,,-11.7647,319094
High school diploma or equivalent,32120.0,4.2553,319095
High school diploma or equivalent,,23.5294,319096
Postsecondary nondegree award,37303.0,24.0,319097
High school diploma or equivalent,50430.0,6.4516,319099
Not reported,42333.0,1.8549,330000
High school diploma or equivalent,70027.0,2.7273,331012
Postsecondary nondegree award,54290.0,4.4118,331021
High school diploma or equivalent,52306.0,5.4054,331091
High school diploma or equivalent,37971.0,-5.8462,333012
High school diploma or equivalent,65446.0,-5.5556,333021
High school diploma or equivalent,50710.0,3.1088,333051
High school diploma or equivalent,35653.0,5.2632,339011
High school diploma or equivalent,32434.0,3.6364,339032
High school diploma or equivalent,41184.0,6.5789,339099
Not reported,27084.0,9.0546,350000
High school diploma or equivalent,40752.0,17.7419,351011
High school diploma or equivalent,35946.0,17.0431,351012
No formal educational credential,24314.0,-2.2346,352011
No formal educational credential,30996.0,5.5118,352012
No formal educational credential,28831.0,36.2994,352014
No formal educational credential,25119.0,3.9286,352021
No formal educational credential,32012.0,12.1324,353011
No formal educational credential,23738.0,14.4654,353023
No formal educational credential,26989.0,8.4871,353031
No formal educational credential,29465.0,20.0,353041
No formal educational credential,25119.0,17.5439,359011
No formal educational credential,23902.0,8.2759,359021
Not reported,31960.0,7.1403,370000
High school diploma or equivalent,39935.0,9.8684,371011
High school diploma or equivalent,45902.0,5.1852,371012
No formal educational credential,31885.0,5.4659,372011
No formal educational credential,26940.0,8.9466,372012
No formal educational credential,32133.0,8.3333,373011
High school diploma or equivalent,36060.0,6.6667,373013
Not reported,31468.0,6.2167,390000
High school diploma or equivalent,42801.0,18.3333,391014
High school diploma or equivalent,37942.0,6.0,391022
High school diploma or equivalent,,11.1111,392011
High school diploma or equivalent,27575.0,19.7368,392021
Associate degree,49751.0,0.0,394011
Associate degree,43829.0,0.0,394031
Postsecondary nondegree award,,7.7922,395011
Postsecondary nondegree award,40681.0,8.6331,395012
High school diploma or equivalent,43473.0,8.3333,397010
High school diploma or equivalent,27274.0,-1.6816,399011
High school diploma or equivalent,31202.0,4.5045,399032
High school diploma or equivalent,32422.0,6.0,399041
Not reported,38558.0,2.6282,410000
High school diploma or equivalent,42577.0,1.5371,411011
High school diploma or equivalent,80244.0,-5.1546,411012
No formal educational credential,25149.0,-2.8052,412011
No formal educational credential,34365.0,8.5106,412021
No formal educational credential,33417.0,6.3348,412022
No formal educational credential,33017.0,6.3586,412031
High school diploma or equivalent,48434.0,7.9422,413021
Bachelor's degree,89322.0,11.4286,413031
High school diploma or equivalent,56717.0,2.9268,413091
Bachelor's degree,80067.0,5.5556,414011
High school diploma or equivalent,71644.0,7.6033,414012
High school diploma or equivalent,51309.0,12.0879,419021
High school diploma or equivalent,39491.0,7.2368,419022
High school diploma or equivalent,43279.0,7.4627,419099
Not reported,40486.0,-2.865,430000
High school diploma or equivalent,43776.0,-2.0408,433011
High school diploma or equivalent,39354.0,6.701,433021
"Some college, no degree",42542.0,-4.3566,433031
High school diploma or equivalent,49051.0,-15.3846,433051
High school diploma or equivalent,47688.0,-2.3529,433061
High school diploma or equivalent,34080.0,-11.9883,433071
High school diploma or equivalent,44801.0,4.3478,433099
High school diploma or equivalent,38797.0,4.5714,434031
High school diploma or equivalent,36685.0,-2.0073,434051
High school diploma or equivalent,51540.0,0.0,434061
High school diploma or equivalent,35369.0,-7.6923,434071
High school diploma or equivalent,24951.0,1.5625,434081
High school diploma or equivalent,25900.0,-5.4545,434121
High school diploma or equivalent,42307.0,0.0,434131
High school diploma or equivalent,37871.0,-13.1579,434141
"Some college, no degree",34580.0,-14.5161,434151
Associate degree,50557.0,-10.8303,434161
High school diploma or equivalent,29659.0,4.4408,434171
High school diploma or equivalent,46813.0,0.0,434199
High school diploma or equivalent,30324.0,-2.2222,435021
High school diploma or equivalent,37031.0,4.9383,435031
High school diploma or equivalent,46190.0,0.8065,435032
High school diploma or equivalent,46725.0,-7.1429,435041
No formal educational credential,58274.0,-9.1954,435051
No formal educational credential,58216.0,-9.8113,435052
High school diploma or equivalent,53286.0,14.4144,435061
High school diploma or equivalent,36245.0,-2.8398,435071
High school diploma or equivalent,53904.0,-17.2932,436011
High school diploma or equivalent,36047.0,-21.6216,436012
High school diploma or equivalent,35897.0,13.5624,436013
High school diploma or equivalent,38881.0,-7.6991,436014
High school diploma or equivalent,31775.0,-24.7525,439021
High school diploma or equivalent,44200.0,1.2821,439041
High school diploma or equivalent,35913.0,-3.0666,439061
High school diploma or equivalent,44058.0,-7.438,439199
Not reported,36171.0,4.5455,450000
Not reported,50033.0,6.5137,470000
High school diploma or equivalent,65448.0,6.0386,471011
High school diploma or equivalent,47663.0,3.7086,472031
No formal educational credential,,-12.0,472041
No formal educational credential,46381.0,1.0471,472051
No formal educational credential,40624.0,8.7924,472061
High school diploma or equivalent,54932.0,7.1429,472073
High school diploma or equivalent,51372.0,12.7273,472111
No formal educational credential,38909.0,7.619,472141
High school diploma or equivalent,58765.0,7.7951,472152
No formal educational credential,,7.4074,472181
High school diploma or equivalent,46529.0,4.0816,472211
High school diploma or equivalent,55804.0,7.1429,472221
High school diploma or equivalent,61458.0,-9.2593,474011
High school diploma or equivalent,34039.0,8.3799,474051
High school diploma or equivalent,,0.0,474061
Not reported,51734.0,9.1446,490000
High school diploma or equivalent,68741.0,6.6313,491011
"Some college, no degree",40318.0,0.0,492011
Postsecondary nondegree award,61173.0,7.6923,492022
Postsecondary nondegree award,61744.0,0.0,492094
High school diploma or equivalent,,4.878,492098
High school diploma or equivalent,44684.0,5.8824,493021
Postsecondary nondegree award,40318.0,8.1132,493023
High school diploma or equivalent,45675.0,3.653,493031
High school diploma or equivalent,,9.3023,493041
High school diploma or equivalent,56086.0,7.2993,493042
High school diploma or equivalent,,-8.3333,493043
Postsecondary nondegree award,,6.25,493052
High school diploma or equivalent,34348.0,-2.381,493053
High school diploma or equivalent,35426.0,2.7523,493093
High school diploma or equivalent,45955.0,0.0,499012
Postsecondary nondegree award,50362.0,12.6394,499021
High school diploma or equivalent,61733.0,29.0076,499041
High school diploma or equivalent,55031.0,14.5098,499043
High school diploma or equivalent,74834.0,2.1277,499051
High school diploma or equivalent,63698.0,8.6207,499052
High school diploma or equivalent,46888.0,8.9799,499071
High school diploma or equivalent,32609.0,6.6667,499098
High school diploma or equivalent,53682.0,2.8986,499099
Not reported,43855.0,8.8101,510000
High school diploma or equivalent,66328.0,12.0036,511011
High school diploma or equivalent,40456.0,27.1676,512028
High school diploma or equivalent,,-2.2222,512041
High school diploma or equivalent,40110.0,13.5412,512090
No formal educational credential,33400.0,-1.2195,513021
High school diploma or equivalent,,8.7786,513092
No formal educational credential,35121.0,10.7143,513099
High school diploma or equivalent,40383.0,6.9264,514021
High school diploma or equivalent,38437.0,1.1442,514031
High school diploma or equivalent,39890.0,0.0,514033
High school diploma or equivalent,50859.0,12.5561,514041
High school diploma or equivalent,42876.0,6.5327,514072
High school diploma or equivalent,39509.0,14.4385,514081
Postsecondary nondegree award,58890.0,6.383,514111
High school diploma or equivalent,46322.0,19.2144,514121
High school diploma or equivalent,43522.0,4.1667,514122
High school diploma or equivalent,40687.0,-13.1148,515112
No formal educational credential,26156.0,3.9683,516011
High school diploma or equivalent,40319.0,10.5263,517011
High school diploma or equivalent,,9.7345,517021
High school diploma or equivalent,34245.0,4.321,517041
High school diploma or equivalent,33889.0,4.5714,517042
High school diploma or equivalent,45525.0,-5.914,518031
High school diploma or equivalent,59889.0,-10.0,518092
High school diploma or equivalent,58329.0,1.5267,519011
High school diploma or equivalent,54693.0,2.1084,519012
High school diploma or equivalent,35903.0,4.3478,519021
High school diploma or equivalent,46048.0,2.8037,519023
High school diploma or equivalent,42639.0,8.4722,519061
High school diploma or equivalent,47798.0,4.2748,519111
High school diploma or equivalent,40187.0,19.2593,519124
High school diploma or equivalent,45343.0,1.7341,519161
High school diploma or equivalent,36329.0,1.3793,519198
High school diploma or equivalent,35253.0,4.8093,519199
Not reported,39879.0,9.1958,530000
High school diploma or equivalent,31898.0,18.8192,533031
Postsecondary nondegree award,51564.0,5.5556,533032
High school diploma or equivalent,36691.0,11.5686,533033
High school diploma or equivalent,41078.0,2.2329,533051
No formal educational credential,27925.0,15.3226,533053
High school diploma or equivalent,,-2.7027,534011
No formal educational credential,30425.0,-3.8462,536031
No formal educational credential,48708.0,3.7037,537011
No formal educational credential,42371.0,8.0214,537051
No formal educational credential,29723.0,11.0701,537061
No formal educational credential,35444.0,9.9718,537062
No formal educational credential,34014.0,5.0676,537064
High school diploma or equivalent,34222.0,12.7039,537065
No formal educational credential,36936.0,7.0796,537081
No formal educational credential,,4.1667,537199
Not reported,58090.0,5.7615,000000
Not reported,116345.0,8.1316,110000
Bachelor's degree,243758.0,-8.1633,111011
Bachelor's degree,108351.0,7.9149,111021
Bachelor's degree,87447.0,7.0175,112011
Bachelor's degree,139923.0,8.75,112021
Bachelor's degree,138209.0,5.1181,112022
Bachelor's degree,112360.0,6.0241,112032
Bachelor's degree,138259.0,0.0,112033
Bachelor's degree,116324.0,6.6246,113012
Bachelor's degree,98997.0,6.2016,113013
Bachelor's degree,144416.0,14.8289,113021
Bachelor's degree,157659.0,15.5556,113031
Bachelor's degree,118011.0,6.7698,113051
Bachelor's degree,119174.0,5.7971,113061
High school diploma or equivalent,106991.0,16.2745,113071
Bachelor's degree,125904.0,6.3758,113121
Bachelor's degree,108833.0,9.2105,119021
Bachelor's degree,47343.0,0.0,119031
Master's degree,100038.0,4.0284,119032
Master's degree,127816.0,5.2083,119033
Bachelor's degree,82476.0,2.2222,119039
Bachelor's degree,147059.0,7.6923,119041
High school diploma or equivalent,69648.0,8.8608,119051
Bachelor's degree,53039.0,4.6512,119072
Bachelor's degree,119713.0,27.4431,119111
Bachelor's degree,143125.0,8.6957,119121
High school diploma or equivalent,95302.0,-10.0,119131
High school diploma or equivalent,61104.0,4.8193,119141
Bachelor's degree,76096.0,7.4627,119151
Bachelor's degree,69100.0,0.0,119161
Associate degree,60545.0,0.0,119171
Bachelor's degree,133721.0,2.0813,119199
Not reported,82937.0,5.8303,130000
Bachelor's degree,73967.0,-3.0411,131020
High school diploma or equivalent,71404.0,-4.5802,131031
Bachelor's degree,75997.0,3.352,131041
Bachelor's degree,78348.0,-1.1494,131051
Bachelor's degree,68252.0,7.6207,131071
Bachelor's degree,71941.0,25.8182,131081
Bachelor's degree,92583.0,6.9686,131082
Bachelor's degree,102814.0,10.1852,131111
Bachelor's degree,52079.0,8.2192,131121
Bachelor's degree,62221.0,4.9107,131131
Bachelor's degree,63375.0,12.7389,131141
Bachelor's degree,69198.0,9.2437,131151
Bachelor's degree,71310.0,13.9723,131161
Bachelor's degree,78260.0,5.7471,131199
Bachelor's degree,82652.0,6.1785,132011
Bachelor's degree,77235.0,5.0,132031
Bachelor's degree,80602.0,-9.0,132041
Bachelor's degree,94673.0,6.8548,132051
Bachelor's degree,187525.0,12.1449,132052
Bachelor's degree,90831.0,2.381,132054
Bachelor's degree,92833.0,20.8333,132061
Bachelor's degree,55984.0,5.7143,132071
Bachelor's degree,83487.0,-5.3371,132072
Bachelor's degree,58151.0,-7.2,132081
High school diploma or equivalent,46449.0,3.5714,132082
Bachelor's degree,85540.0,-3.4965,132099
Not reported,93308.0,13.2179,150000
Bachelor's degree,94424.0,12.4789,151211
Bachelor's degree,101890.0,30.3448,151212
Master's degree,109640.0,29.7297,151221
Associate degree,72275.0,8.7137,151231
"Some college, no degree",59286.0,5.2841,151232
Bachelor's degree,125035.0,5.3097,151241
Bachelor's degree,87229.0,4.0,151242
Bachelor's degree,102461.0,6.9444,151243
Bachelor's degree,101275.0,4.8469,151244
Bachelor's degree,119488.0,-11.4583,151251
Bachelor's degree,111004.0,25.5572,151252
Bachelor's degree,87168.0,19.2982,151253
Bachelor's degree,76555.0,8.7719,151254
Bachelor's degree,85204.0,14.1593,151255
Bachelor's degree,101602.0,12.7473,151299
Bachelor's degree,83260.0,23.913,152031
Bachelor's degree,97480.0,34.8485,152051
Not reported,85143.0,10.7512,170000
Bachelor's degree,93291.0,3.5294,171011
Bachelor's degree,62761.0,4.6512,171022
Bachelor's degree,118365.0,14.0741,172011
Bachelor's degree,107536.0,20.0,172041
Bachelor's degree,90924.0,5.102,172051
Bachelor's degree,81174.0,8.3333,172061
Bachelor's degree,94642.0,9.5238,172071
Bachelor's degree,100816.0,15.5556,172072
Bachelor's degree,,12.5,172081
Bachelor's degree,75955.0,4.3478,172111
Bachelor's degree,96375.0,21.7391,172112
Bachelor's degree,98911.0,4.3478,172131
Bachelor's degree,99174.0,15.6156,172141
Bachelor's degree,91955.0,5.5556,172199
Associate degree,63365.0,1.5385,173011
Associate degree,69466.0,0.0,173012
Associate degree,61718.0,-5.0,173013
Associate degree,55188.0,3.7736,173019
Associate degree,47469.0,1.2121,173022
Associate degree,60561.0,6.9182,173023
Associate degree,47403.0,2.7273,173025
Associate degree,68598.0,9.0909,173026
Associate degree,69141.0,4.3478,173027
Associate degree,75088.0,20.0,173028
Associate degree,57887.0,3.3333,173029
High school diploma or equivalent,49851.0,8.6957,173031
Not reported,73679.0,9.6591,190000
Bachelor's degree,74146.0,10.6061,191012
Bachelor's degree,73651.0,5.0633,191029
Bachelor's degree,89449.0,13.7931,192031
Bachelor's degree,73639.0,6.4516,192041
Bachelor's degree,,6.0,192099
Doctoral or professional degree,124778.0,8.8235,193033
Master's degree,73755.0,4.0816,193034
Master's degree,,-1.3514,193039
Master's degree,74162.0,3.4483,193051
Bachelor's degree,65716.0,-6.6667,193099
Bachelor's degree,44607.0,9.375,194021
Associate degree,57867.0,6.5789,194031
Bachelor's degree,67373.0,7.1429,194061
Associate degree,60705.0,8.6667,194099
Bachelor's degree,79030.0,20.0,195011
High school diploma or equivalent,67417.0,21.0526,195012
Not reported,53375.0,7.9674,210000
Master's degree,60524.0,7.8534,211012
Master's degree,47462.0,2.7778,211015
Bachelor's degree,55574.0,18.9084,211018
Bachelor's degree,48413.0,3.0,211021
Master's degree,65471.0,6.1404,211022
Master's degree,51731.0,9.434,211023
Bachelor's degree,67880.0,2.7778,211029
Bachelor's degree,66043.0,7.1429,211091
Bachelor's degree,41790.0,1.2821,211092
High school diploma or equivalent,43609.0,7.8995,211093
High school diploma or equivalent,55136.0,6.1224,211094
Bachelor's degree,42876.0,5.0,211099
Bachelor's degree,61110.0,2.0,212011
Not reported,93726.0,5.3604,230000
Doctoral or professional degree,120982.0,6.9018,231011
Doctoral or professional degree,78505.0,-3.2258,231021
Doctoral or professional degree,135169.0,0.0,231023
Associate degree,55882.0,5.1095,232011
High school diploma or equivalent,48496.0,-3.0303,232093
Associate degree,51377.0,2.3256,232099
Not reported,56334.0,4.0378,250000
Doctoral or professional degree,92921.0,9.4118,251011
Doctoral or professional degree,77592.0,8.5714,251021
Doctoral or professional degree,72762.0,6.8182,251022
Doctoral or professional degree,72943.0,11.9048,251042
Doctoral or professional degree,66306.0,0.0,251054
Doctoral or professional degree,,7.1429,251063
Doctoral or professional degree,,7.1429,251066
Doctoral or professional degree,63608.0,6.7568,251081
Doctoral or professional degree,56448.0,8.6957,251122
Doctoral or professional degree,,0.0,251124
Bachelor's degree,53577.0,0.9259,251194
Doctoral or professional degree,77394.0,5.9259,251199
Associate degree,38335.0,7.9861,252011
Bachelor's degree,57855.0,3.1111,252012
Bachelor's degree,58466.0,3.3294,252021
Bachelor's degree,57779.0,3.4146,252022
Bachelor's degree,60115.0,3.8726,252031
Bachelor's degree,56330.0,2.027,252052
Bachelor's degree,55934.0,1.875,252057
Bachelor's degree,59272.0,2.9126,252058
Bachelor's degree,62329.0,0.0,252059
Bachelor's degree,44675.0,-5.8824,253011
High school diploma or equivalent,42458.0,4.9587,253021
Bachelor's degree,,7.1429,253031
"Some college, no degree",41993.0,4.3956,253041
Bachelor's degree,53483.0,3.7037,253099
Master's degree,,13.5135,254012
Master's degree,61187.0,3.6145,254022
Postsecondary nondegree award,36532.0,-6.4865,254031
Master's degree,68799.0,4.9505,259031
"Some college, no degree",36059.0,3.0954,259045
Bachelor's degree,58882.0,7.1429,259099
Not reported,53700.0,6.2114,270000
Bachelor's degree,77819.0,7.1429,271011
Bachelor's degree,85565.0,0.0,271021
Bachelor's degree,54649.0,6.8817,271024
Bachelor's degree,65832.0,5.4054,271025
High school diploma or equivalent,40914.0,4.4586,271026
Bachelor's degree,,-1.2821,271029
Bachelor's degree,79308.0,7.8125,272012
Bachelor's degree,45239.0,9.7826,272022
Bachelor's degree,66103.0,8.9347,273031
Bachelor's degree,82403.0,10.5263,273042
Bachelor's degree,67031.0,2.8169,273043
Bachelor's degree,53271.0,7.3171,273091
Postsecondary nondegree award,45897.0,10.4478,274011
High school diploma or equivalent,31921.0,12.5,274021
Bachelor's degree,49980.0,2.7778,274031
Bachelor's degree,38988.0,14.2857,274032
Not reported,96598.0,8.1594,290000
Doctoral or professional degree,80294.0,8.2192,291011
Doctoral or professional degree,231813.0,4.8485,291021
Bachelor's degree,70235.0,9.6491,291031
Doctoral or professional degree,191188.0,10.5263,291041
Doctoral or professional degree,136380.0,3.8781,291051
Master's degree,109083.0,24.7619,291071
Master's degree,92991.0,11.2994,291122
Doctoral or professional degree,93792.0,15.142,291123
Bachelor's degree,54711.0,-4.1667,291125
Associate degree,75786.0,12.1849,291126
Master's degree,83618.0,18.1818,291127
Bachelor's degree,,11.9403,291129
Doctoral or professional degree,108618.0,22.6277,291131
Bachelor's degree,88722.0,4.5874,291141
Master's degree,119283.0,48.6005,291171
Doctoral or professional degree,,0.0,291212
Doctoral or professional degree,275424.0,4.1096,291215
Doctoral or professional degree,236425.0,-1.9231,291221
Doctoral or professional degree,298479.0,2.7174,291229
Associate degree,82054.0,7.5075,291292
Bachelor's degree,57233.0,5.5556,292010
Associate degree,,2.2989,292031
Associate degree,,13.2353,292032
Associate degree,,-5.5556,292033
Associate degree,67634.0,2.9304,292034
Associate degree,,10.2041,292035
Postsecondary nondegree award,38900.0,4.8485,292042
Postsecondary nondegree award,51077.0,4.8387,292043
High school diploma or equivalent,41283.0,8.4525,292052
Postsecondary nondegree award,56326.0,3.876,292055
Associate degree,38274.0,22.3529,292056
Postsecondary nondegree award,41684.0,14.3678,292057
Postsecondary nondegree award,59782.0,3.6442,292061
Postsecondary nondegree award,51967.0,7.398,292072
High school diploma or equivalent,47593.0,5.0,292081
Master's degree,,13.3333,292091
High school diploma or equivalent,57318.0,36.3636,292092
Postsecondary nondegree award,72429.0,5.0562,292099
Associate degree,61360.0,17.6471,299021
Master's degree,,18.1818,299091
Not reported,39409.0,11.9133,310000
High school diploma or equivalent,33780.0,18.9736,311120
Postsecondary nondegree award,38984.0,7.6808,311131
Associate degree,72880.0,13.6364,312011
Associate degree,65701.0,20.1299,312021
Postsecondary nondegree award,69876.0,18.1373,319011
Postsecondary nondegree award,44309.0,7.3446,319091
Postsecondary nondegree award,39905.0,13.8122,319092
Postsecondary nondegree award,45549.0,-7.2464,319094
High school diploma or equivalent,35109.0,23.4848,319096
Postsecondary nondegree award,38746.0,8.3067,319097
High school diploma or equivalent,,1.5152,319099
Not reported,47680.0,2.2464,330000
High school diploma or equivalent,65635.0,-1.2821,331011
High school diploma or equivalent,80294.0,3.8911,331012
Postsecondary nondegree award,73061.0,3.4091,331021
High school diploma or equivalent,48262.0,1.087,331091
High school diploma or equivalent,60025.0,-3.9216,331099
High school diploma or equivalent,31412.0,-1.1494,333011
High school diploma or equivalent,44187.0,-6.8826,333012
High school diploma or equivalent,88020.0,2.6667,333021
High school diploma or equivalent,61195.0,3.4483,333051
High school diploma or equivalent,39093.0,6.0606,339011
High school diploma or equivalent,56641.0,1.5873,339021
High school diploma or equivalent,35437.0,2.939,339032
No formal educational credential,37923.0,8.5714,339091
High school diploma or equivalent,38638.0,5.3892,339099
Not reported,30856.0,8.2773,350000
High school diploma or equivalent,56011.0,14.4105,351011
High school diploma or equivalent,41010.0,14.8756,351012
No formal educational credential,27451.0,-4.371,352011
No formal educational credential,33121.0,3.4413,352012
No formal educational credential,32757.0,33.0005,352014
No formal educational credential,32306.0,0.0,352019
No formal educational credential,29796.0,2.5037,352021
No formal educational credential,34276.0,9.9385,353011
No formal educational credential,27420.0,12.037,353023
No formal educational credential,29774.0,6.1243,353031
No formal educational credential,32179.0,6.6007,353041
No formal educational credential,28414.0,6.5263,359021
No formal educational credential,26450.0,10.8359,359031
Not reported,36000.0,4.8452,370000
High school diploma or equivalent,43883.0,5.1802,371011
High school diploma or equivalent,53371.0,4.9708,371012
No formal educational credential,35195.0,4.5586,372011
No formal educational credential,30787.0,4.0876,372012
No formal educational credential,36621.0,5.7504,373011
High school diploma or equivalent,42389.0,4.7619,373013
Not reported,35342.0,7.1108,390000
High school diploma or equivalent,44948.0,9.542,391022
High school diploma or equivalent,46125.0,22.0,392011
High school diploma or equivalent,30972.0,16.8098,392021
No formal educational credential,26510.0,4.9296,393091
High school diploma or equivalent,,3.0303,394021
Associate degree,49183.0,6.6667,394031
Postsecondary nondegree award,46336.0,7.578,395012
Postsecondary nondegree award,55428.0,9.6552,395094
High school diploma or equivalent,30437.0,1.2853,399011
High school diploma or equivalent,47846.0,14.0,399031
High school diploma or equivalent,30233.0,5.0992,399032
High school diploma or equivalent,33869.0,8.8235,399041
High school diploma or equivalent,29285.0,0.0,399099
Not reported,51445.0,1.9297,410000
High school diploma or equivalent,48890.0,-0.7603,411011
High school diploma or equivalent,108606.0,-0.1812,411012
No formal educational credential,28305.0,-4.8463,412011
No formal educational credential,41225.0,8.4184,412021
No formal educational credential,42786.0,3.481,412022
No formal educational credential,38075.0,4.766,412031
High school diploma or equivalent,70450.0,7.7477,413021
Bachelor's degree,99116.0,4.1265,413031
High school diploma or equivalent,64593.0,8.0616,413091
Bachelor's degree,107591.0,8.1731,414011
High school diploma or equivalent,80852.0,4.878,414012
No formal educational credential,34581.0,6.6667,419011
High school diploma or equivalent,50228.0,2.2573,419022
Bachelor's degree,107807.0,11.2676,419031
No formal educational credential,60071.0,-10.4478,419091
High school diploma or equivalent,63240.0,10.8527,419099
Not reported,47452.0,-2.753,430000
High school diploma or equivalent,46301.0,-12.5,433011
High school diploma or equivalent,41800.0,-2.1782,433021
"Some college, no degree",49755.0,-5.6166,433031
High school diploma or equivalent,55022.0,-13.8614,433051
High school diploma or equivalent,50091.0,-2.0833,433061
High school diploma or equivalent,40675.0,-23.7467,433071
High school diploma or equivalent,,-9.127,434011
High school diploma or equivalent,41916.0,2.8,434031
High school diploma or equivalent,47987.0,-13.1579,434041
High school diploma or equivalent,43333.0,-2.5277,434051
High school diploma or equivalent,50334.0,-6.9913,434061
High school diploma or equivalent,28488.0,4.1943,434081
High school diploma or equivalent,31921.0,-4.1916,434111
High school diploma or equivalent,26753.0,-6.4,434121
High school diploma or equivalent,51395.0,-12.3932,434131
High school diploma or equivalent,,-21.6216,434141
"Some college, no degree",45128.0,-11.5789,434151
Associate degree,49177.0,0.9756,434161
High school diploma or equivalent,32541.0,1.3443,434171
High school diploma or equivalent,55816.0,4.0571,434181
High school diploma or equivalent,47905.0,0.0,434199
High school diploma or equivalent,52719.0,15.5606,435011
High school diploma or equivalent,38436.0,4.7244,435021
High school diploma or equivalent,50095.0,3.5503,435031
High school diploma or equivalent,51013.0,5.1485,435032
No formal educational credential,59167.0,-12.381,435051
No formal educational credential,59909.0,-13.0435,435052
High school diploma or equivalent,58543.0,12.015,435061
High school diploma or equivalent,43391.0,-3.0391,435071
High school diploma or equivalent,47185.0,7.9208,435111
High school diploma or equivalent,65270.0,-20.339,436011
High school diploma or equivalent,45021.0,-20.904,436012
High school diploma or equivalent,41841.0,6.5609,436013
High school diploma or equivalent,43659.0,-8.1903,436014
High school diploma or equivalent,36959.0,-23.0769,439021
High school diploma or equivalent,53353.0,-1.3575,439041
High school diploma or equivalent,40041.0,-5.287,439061
High school diploma or equivalent,47064.0,-5.0542,439199
Not reported,35917.0,-1.0256,450000
Not reported,55955.0,4.4384,470000
High school diploma or equivalent,71033.0,4.0629,471011
High school diploma or equivalent,58022.0,2.0408,472021
High school diploma or equivalent,53469.0,3.2437,472031
No formal educational credential,37336.0,4.3478,472042
No formal educational credential,50009.0,7.3171,472044
No formal educational credential,53992.0,-3.6765,472051
No formal educational credential,47038.0,6.8433,472061
High school diploma or equivalent,62436.0,4.8696,472073
No formal educational credential,50693.0,0.0,472081
High school diploma or equivalent,61890.0,7.3084,472111
No formal educational credential,47619.0,1.8576,472141
High school diploma or equivalent,62355.0,2.7634,472152
No formal educational credential,48392.0,1.6393,472181
High school diploma or equivalent,52491.0,0.0,472211
High school diploma or equivalent,64915.0,3.3333,472221
High school diploma or equivalent,,2.2222,473015
High school diploma or equivalent,60317.0,-0.8197,474011
High school diploma or equivalent,44325.0,8.9494,474051
High school diploma or equivalent,48277.0,4.1667,474071
Not reported,61554.0,8.9815,490000
High school diploma or equivalent,79259.0,8.9226,491011
"Some college, no degree",45297.0,-4.1322,492011
Postsecondary nondegree award,61693.0,8.6538,492022
Associate degree,,11.1635,492091
Postsecondary nondegree award,65149.0,3.1746,492094
Postsecondary nondegree award,56706.0,3.8462,492095
High school diploma or equivalent,55922.0,8.0,492098
Postsecondary nondegree award,80373.0,11.7112,493011
High school diploma or equivalent,50679.0,3.1646,493021
High school diploma or equivalent,49622.0,2.8571,493022
Postsecondary nondegree award,45965.0,4.1073,493023
High school diploma or equivalent,58105.0,5.87,493031
High school diploma or equivalent,62657.0,6.9869,493042
Postsecondary nondegree award,,5.5556,493052
High school diploma or equivalent,43647.0,1.2195,493053
High school diploma or equivalent,32460.0,3.5874,493093
High school diploma or equivalent,72618.0,4.2553,499012
Postsecondary nondegree award,55760.0,6.2278,499021
High school diploma or equivalent,63578.0,20.8983,499041
High school diploma or equivalent,60111.0,12.5581,499043
High school diploma or equivalent,79296.0,8.5603,499051
High school diploma or equivalent,61687.0,16.0,499052
Associate degree,55621.0,21.2903,499062
High school diploma or equivalent,51401.0,8.5264,499071
High school diploma or equivalent,45183.0,-6.6667,499094
High school diploma or equivalent,,0.0,499097
High school diploma or equivalent,39793.0,3.871,499098
High school diploma or equivalent,61863.0,7.2046,499099
Not reported,47926.0,2.8408,510000
High school diploma or equivalent,73915.0,6.1386,511011
High school diploma or equivalent,50269.0,-11.4286,512021
High school diploma or equivalent,46680.0,7.8431,512028
High school diploma or equivalent,45645.0,-6.8966,512041
High school diploma or equivalent,40373.0,3.1047,512090
No formal educational credential,36267.0,10.1695,513011
No formal educational credential,38936.0,-0.6289,513021
No formal educational credential,38705.0,1.25,513023
High school diploma or equivalent,48316.0,11.5681,513092
No formal educational credential,40794.0,4.5455,513099
High school diploma or equivalent,56191.0,1.1834,514021
High school diploma or equivalent,49557.0,-2.5157,514023
High school diploma or equivalent,46266.0,-2.6814,514031
High school diploma or equivalent,48271.0,-3.0075,514033
High school diploma or equivalent,46130.0,-5.2632,514034
High school diploma or equivalent,54840.0,8.0808,514041
High school diploma or equivalent,48680.0,4.3651,514051
High school diploma or equivalent,46126.0,-1.105,514072
High school diploma or equivalent,47534.0,6.7834,514081
Postsecondary nondegree award,63953.0,0.0,514111
High school diploma or equivalent,52601.0,7.6923,514121
High school diploma or equivalent,49643.0,0.0,514122
Postsecondary nondegree award,41657.0,1.3158,515111
High school diploma or equivalent,45866.0,-4.6602,515112
High school diploma or equivalent,39071.0,-18.0952,515113
No formal educational credential,28873.0,2.0548,516011
No formal educational credential,35329.0,-5.4422,516031
No formal educational credential,32632.0,-8.046,516052
High school diploma or equivalent,44253.0,6.6667,516093
High school diploma or equivalent,78757.0,-2.381,518013
High school diploma or equivalent,50291.0,-5.1613,518031
High school diploma or equivalent,62172.0,-2.994,519011
High school diploma or equivalent,47980.0,3.7975,519012
No formal educational credential,,-7.6923,519022
High school diploma or equivalent,50223.0,9.0,519023
High school diploma or equivalent,45569.0,6.7797,519032
High school diploma or equivalent,50849.0,1.2987,519041
High school diploma or equivalent,45794.0,-0.5767,519061
High school diploma or equivalent,49768.0,0.0,519081
High school diploma or equivalent,,0.0,519082
High school diploma or equivalent,42963.0,8.7197,519111
High school diploma or equivalent,54060.0,6.6667,519124
High school diploma or equivalent,55907.0,-3.0651,519161
Postsecondary nondegree award,,25.0,519162
High school diploma or equivalent,,4.6875,519192
High school diploma or equivalent,,10.5263,519194
High school diploma or equivalent,43037.0,-3.9007,519198
High school diploma or equivalent,40384.0,5.8946,519199
Not reported,54269.0,10.6236,530000
High school diploma or equivalent,58448.0,12.9032,531041
High school diploma or equivalent,64432.0,12.5,531047
Postsecondary nondegree award,237044.0,6.7485,532012
High school diploma or equivalent,39019.0,16.7636,533031
Postsecondary nondegree award,60390.0,11.4993,533032
High school diploma or equivalent,53140.0,17.328,533033
High school diploma or equivalent,44470.0,2.7375,533051
High school diploma or equivalent,37749.0,20.5479,533052
No formal educational credential,30584.0,19.6721,533053
High school diploma or equivalent,,2.3256,534011
High school diploma or equivalent,,0.0,534022
Postsecondary nondegree award,98642.0,4.1667,535021
No formal educational credential,26604.0,0.0,536021
No formal educational credential,33616.0,0.0,536031
High school diploma or equivalent,103701.0,4.6512,536051
No formal educational credential,43602.0,8.6957,537011
High school diploma or equivalent,50393.0,5.6338,537021
No formal educational credential,52132.0,7.381,537051
No formal educational credential,35618.0,7.3529,537061
No formal educational credential,41757.0,11.9311,537062
No formal educational credential,46758.0,19.5767,537063
No formal educational credential,36771.0,6.7729,537064
High school diploma or equivalent,43118.0,8.2002,537065
No formal educational credential,42610.0,3.1546,537081
No formal educational credential,54349.0,13.1148,537199
Not reported,48456.0,5.6721,000000
Not reported,98198.0,8.4589,110000
Bachelor's degree,209501.0,-6.1224,111011
Bachelor's degree,86797.0,7.8272,111021
Bachelor's degree,124946.0,6.1728,112021
Bachelor's degree,129546.0,6.25,112022
Bachelor's degree,107999.0,0.0,112032
Bachelor's degree,115275.0,7.2727,113012
Bachelor's degree,100260.0,5.1282,113013
Bachelor's degree,124918.0,16.6667,113021
Bachelor's degree,123611.0,15.0183,113031
Bachelor's degree,119185.0,11.0048,113051
Bachelor's degree,111590.0,12.5,113061
High school diploma or equivalent,84146.0,7.483,113071
Bachelor's degree,109893.0,2.6316,113121
Bachelor's degree,103570.0,11.7647,119021
Bachelor's degree,44937.0,-5.2632,119031
Master's degree,87482.0,2.4138,119032
Master's degree,121039.0,5.1724,119033
Bachelor's degree,,6.25,119039
Bachelor's degree,133783.0,11.4754,119041
High school diploma or equivalent,63094.0,11.5385,119051
Bachelor's degree,60807.0,9.0909,119072
Bachelor's degree,100474.0,27.833,119111
Bachelor's degree,149586.0,9.0909,119121
High school diploma or equivalent,92715.0,0.0,119131
High school diploma or equivalent,48970.0,4.943,119141
Bachelor's degree,64142.0,5.1724,119151
Associate degree,50990.0,3.0928,119171
Bachelor's degree,111086.0,4.5082,119199
Not reported,68164.0,5.6928,130000
Bachelor's degree,63038.0,-1.3514,131020
High school diploma or equivalent,65816.0,-3.8095,131031
Bachelor's degree,58292.0,4.5685,131041
Bachelor's degree,61997.0,2.0619,131051
Bachelor's degree,63219.0,6.7797,131071
Bachelor's degree,69520.0,25.0,131081
Bachelor's degree,86281.0,5.4839,131082
Bachelor's degree,88657.0,8.5714,131111
Bachelor's degree,44430.0,6.4516,131121
Bachelor's degree,50324.0,4.1667,131131
Bachelor's degree,55433.0,6.5217,131141
Bachelor's degree,61336.0,7.1038,131151
Bachelor's degree,57663.0,11.9355,131161
Bachelor's degree,70000.0,4.9419,131199
Bachelor's degree,73236.0,4.91,132011
Bachelor's degree,45884.0,8.3333,132020
Bachelor's degree,65800.0,0.0,132031
Bachelor's degree,85053.0,-4.4444,132041
Bachelor's degree,80121.0,8.8608,132051
Bachelor's degree,96637.0,13.8298,132052
Bachelor's degree,72844.0,3.5714,132054
Bachelor's degree,56310.0,25.0,132061
Bachelor's degree,39785.0,6.8966,132071
Bachelor's degree,70215.0,1.3953,132072
Bachelor's degree,46943.0,6.4516,132081
High school diploma or equivalent,,0.0,132082
Not reported,75808.0,9.3197,150000
Bachelor's degree,83479.0,6.4815,151211
Bachelor's degree,85416.0,27.2727,151212
Associate degree,61922.0,2.8571,151231
"Some college, no degree",52043.0,3.861,151232
Bachelor's degree,102676.0,0.0,151241
Bachelor's degree,72269.0,3.4483,151242
Bachelor's degree,77136.0,3.9474,151244
Bachelor's degree,98138.0,19.6581,151252
Bachelor's degree,57802.0,10.5263,151254
Bachelor's degree,55500.0,15.3846,151255
Bachelor's degree,88615.0,8.9552,151299
Bachelor's degree,,17.7778,152031
Bachelor's degree,94779.0,43.2432,152051
Not reported,76298.0,11.3048,170000
Bachelor's degree,63293.0,3.8462,171021
Bachelor's degree,48930.0,4.3478,171022
Bachelor's degree,82238.0,2.9197,172051
Bachelor's degree,93453.0,7.1429,172071
Bachelor's degree,86603.0,14.2857,172072
Bachelor's degree,110133.0,9.0909,172081
Bachelor's degree,94148.0,0.0,172111
Bachelor's degree,88996.0,22.5296,172112
Bachelor's degree,96442.0,15.3846,172131
Bachelor's degree,95132.0,19.2308,172141
Bachelor's degree,61328.0,9.0909,172199
Associate degree,49962.0,0.0,173011
Associate degree,77488.0,-4.1667,173013
Associate degree,57041.0,-5.7143,173019
Associate degree,44041.0,1.0309,173022
Associate degree,67082.0,5.7143,173023
Associate degree,58629.0,11.0294,173026
Associate degree,64067.0,4.3478,173027
High school diploma or equivalent,40577.0,3.2258,173031
Not reported,67852.0,8.1803,190000
Bachelor's degree,75722.0,0.0,191029
Bachelor's degree,,5.8824,192031
Bachelor's degree,56592.0,3.2258,192041
Doctoral or professional degree,105319.0,12.5,193033
Master's degree,64078.0,0.0,193034
Master's degree,61190.0,10.0,193051
Bachelor's degree,,0.0,193099
Associate degree,,5.8824,194013
Bachelor's degree,44090.0,0.0,194021
Associate degree,56904.0,7.4074,194031
Associate degree,46327.0,8.8608,194099
Bachelor's degree,69828.0,20.5357,195011
High school diploma or equivalent,52055.0,10.0,195012
Not reported,47704.0,8.4699,210000
Master's degree,55234.0,5.6106,211012
Master's degree,,20.5128,211013
Master's degree,41004.0,11.4583,211015
Bachelor's degree,54627.0,19.1223,211018
Bachelor's degree,44685.0,2.7778,211021
Master's degree,56418.0,5.0,211022
Master's degree,45657.0,11.3636,211023
Bachelor's degree,45511.0,5.0,211029
Bachelor's degree,56370.0,10.3448,211091
Bachelor's degree,41285.0,0.0,211092
High school diploma or equivalent,35965.0,8.4691,211093
High school diploma or equivalent,57180.0,10.7143,211094
Not reported,97957.0,4.8154,230000
Doctoral or professional degree,122807.0,5.6995,231011
Doctoral or professional degree,127925.0,0.0,231023
Associate degree,49848.0,3.1915,232011
Not reported,54657.0,3.09,250000
Doctoral or professional degree,115068.0,7.4074,251011
Doctoral or professional degree,90071.0,4.878,251022
Doctoral or professional degree,,9.0909,251042
Doctoral or professional degree,,8.1081,251066
Doctoral or professional degree,114196.0,20.3125,251071
Doctoral or professional degree,80158.0,20.0,251072
Doctoral or professional degree,,4.4444,251122
Bachelor's degree,51975.0,0.0,251194
Doctoral or professional degree,83038.0,4.7794,251199
Associate degree,41034.0,4.1451,252011
Bachelor's degree,54195.0,1.9355,252012
Bachelor's degree,52376.0,2.0619,252021
Bachelor's degree,54105.0,2.8235,252022
Bachelor's degree,56701.0,2.5346,252031
Bachelor's degree,53914.0,0.0,252032
Bachelor's degree,53027.0,1.083,252052
Bachelor's degree,53398.0,1.4925,252057
Bachelor's degree,55043.0,2.0134,252058
Bachelor's degree,45598.0,-12.0,253011
High school diploma or equivalent,36514.0,1.8519,253021
Bachelor's degree,37545.0,3.6232,253099
Bachelor's degree,,10.0,254013
Master's degree,60804.0,3.6765,254022
Postsecondary nondegree award,31641.0,-5.0,254031
Master's degree,72836.0,4.3103,259031
"Some college, no degree",27772.0,1.6185,259045
Bachelor's degree,43667.0,4.4025,259099
Not reported,42894.0,2.0721,270000
Bachelor's degree,,4.7619,271013
High school diploma or equivalent,28971.0,-16.3934,271023
Bachelor's degree,47735.0,1.6,271024
High school diploma or equivalent,35261.0,6.6667,271026
Bachelor's degree,44907.0,0.0,272012
Bachelor's degree,32711.0,10.5882,272022
High school diploma or equivalent,45360.0,12.5,272023
Bachelor's degree,31300.0,-6.8182,273011
Bachelor's degree,37292.0,-13.9535,273023
Bachelor's degree,59030.0,6.0,273031
Bachelor's degree,52500.0,-8.8889,273041
Bachelor's degree,67598.0,2.8169,273043
Bachelor's degree,53543.0,0.0,273091
Postsecondary nondegree award,35651.0,4.0,274011
Associate degree,39806.0,0.0,274012
High school diploma or equivalent,33990.0,-2.7778,274021
Not reported,76858.0,9.4005,290000
Doctoral or professional degree,67476.0,10.2564,291011
Doctoral or professional degree,186641.0,3.6036,291021
Bachelor's degree,64763.0,7.4627,291031
Doctoral or professional degree,130416.0,5.3125,291051
Master's degree,91996.0,25.4237,291071
Master's degree,85276.0,16.8919,291122
Doctoral or professional degree,91889.0,16.4557,291123
Associate degree,57060.0,13.2948,291126
Master's degree,79904.0,23.2955,291127
Bachelor's degree,82357.0,7.3171,291129
Doctoral or professional degree,88406.0,21.1268,291131
Bachelor's degree,72933.0,5.3339,291141
Master's degree,107122.0,47.1311,291171
Doctoral or professional degree,252664.0,0.0,291211
Doctoral or professional degree,587463.0,2.8571,291212
Doctoral or professional degree,314157.0,3.9216,291215
Doctoral or professional degree,292677.0,5.2632,291216
Doctoral or professional degree,299003.0,3.5088,291229
Doctoral or professional degree,270220.0,-4.7619,291249
Associate degree,70072.0,7.0064,291292
Bachelor's degree,53455.0,4.3321,292010
Associate degree,,3.8462,292031
Associate degree,75544.0,13.3333,292032
Associate degree,85014.0,5.5556,292033
Associate degree,58959.0,3.8462,292034
Associate degree,75196.0,3.125,292035
Postsecondary nondegree award,36894.0,6.7633,292042
Postsecondary nondegree award,49137.0,6.701,292043
Associate degree,30258.0,8.3333,292051
High school diploma or equivalent,37045.0,14.5646,292052
Postsecondary nondegree award,48560.0,5.0847,292055
Associate degree,32187.0,21.6981,292056
Postsecondary nondegree award,33624.0,12.766,292057
Postsecondary nondegree award,53897.0,3.9252,292061
Postsecondary nondegree award,44990.0,7.6923,292072
High school diploma or equivalent,41851.0,6.1856,292081
Postsecondary nondegree award,60910.0,6.0606,292099
Associate degree,59489.0,18.1818,299021
Master's degree,50592.0,17.6471,299091
Not reported,35534.0,13.2984,310000
High school diploma or equivalent,33637.0,22.3596,311120
Postsecondary nondegree award,34296.0,1.8553,311131
Associate degree,65783.0,21.4286,312011
Associate degree,61632.0,22.619,312021
Postsecondary nondegree award,37855.0,6.3291,319091
Postsecondary nondegree award,34739.0,12.8095,319092
High school diploma or equivalent,,4.0,319093
Postsecondary nondegree award,35244.0,-14.2857,319094
High school diploma or equivalent,29986.0,22.0779,319096
Postsecondary nondegree award,35029.0,6.25,319097
High school diploma or equivalent,38884.0,8.1633,319099
Not reported,41106.0,3.0435,330000
High school diploma or equivalent,54032.0,0.0,331011
High school diploma or equivalent,66762.0,5.0,331012
Postsecondary nondegree award,54374.0,6.8182,331021
High school diploma or equivalent,44806.0,0.0,331091
High school diploma or equivalent,,0.0,331099
High school diploma or equivalent,28508.0,1.6949,333011
High school diploma or equivalent,36439.0,-3.9216,333012
High school diploma or equivalent,77119.0,3.3333,333021
High school diploma or equivalent,44745.0,5.8427,333051
High school diploma or equivalent,36150.0,6.8966,339011
High school diploma or equivalent,35116.0,-0.1828,339032
No formal educational credential,23152.0,13.6364,339092
High school diploma or equivalent,37488.0,5.618,339099
Not reported,27388.0,10.6789,350000
High school diploma or equivalent,53870.0,16.3265,351011
High school diploma or equivalent,35934.0,18.27,351012
No formal educational credential,24133.0,-1.3158,352011
No formal educational credential,28718.0,4.3478,352012
No formal educational credential,29162.0,37.6931,352014
No formal educational credential,28807.0,8.6957,352015
No formal educational credential,26062.0,3.7627,352021
No formal educational credential,30635.0,13.7809,353011
No formal educational credential,24464.0,15.8816,353023
No formal educational credential,27576.0,9.6491,353031
No formal educational credential,28869.0,10.9375,353041
No formal educational credential,26552.0,19.1304,359011
No formal educational credential,26355.0,9.9631,359021
No formal educational credential,23672.0,14.3275,359031
No formal educational credential,26313.0,19.2308,359099
Not reported,31654.0,4.7173,370000
High school diploma or equivalent,36674.0,4.7826,371011
High school diploma or equivalent,48115.0,4.8387,371012
No formal educational credential,31965.0,3.2761,372011
No formal educational credential,27108.0,6.0049,372012
No formal educational credential,32294.0,6.26,373011
Not reported,30351.0,6.7424,390000
High school diploma or equivalent,38597.0,6.3063,391022
No formal educational credential,23388.0,8.5427,393091
Associate degree,46392.0,7.4074,394031
Postsecondary nondegree award,46197.0,9.6591,395012
Postsecondary nondegree award,44846.0,13.9535,395094
High school diploma or equivalent,33438.0,7.1429,397010
High school diploma or equivalent,25206.0,-2.2959,399011
High school diploma or equivalent,36378.0,18.3036,399031
High school diploma or equivalent,27960.0,6.6351,399032
Not reported,41204.0,1.1653,410000
High school diploma or equivalent,42703.0,-0.9288,411011
High school diploma or equivalent,79883.0,-2.2989,411012
No formal educational credential,24748.0,-4.7647,412011
No formal educational credential,35478.0,3.7433,412022
No formal educational credential,33559.0,4.9927,412031
High school diploma or equivalent,62655.0,7.3059,413021
Bachelor's degree,65407.0,6.1983,413031
High school diploma or equivalent,62929.0,3.25,413091
Bachelor's degree,96734.0,5.4054,414011
High school diploma or equivalent,73163.0,5.2144,414012
High school diploma or equivalent,57968.0,1.9231,419021
High school diploma or equivalent,47002.0,3.719,419022
No formal educational credential,,-16.0,419041
No formal educational credential,,-17.5439,419091
High school diploma or equivalent,46292.0,7.6087,419099
Not reported,39678.0,-3.8605,430000
High school diploma or equivalent,40855.0,-8.9744,433011
High school diploma or equivalent,39025.0,0.7782,433021
"Some college, no degree",42672.0,-4.6003,433031
High school diploma or equivalent,49576.0,-12.3967,433051
High school diploma or equivalent,41297.0,-1.9608,433061
High school diploma or equivalent,34931.0,-16.1538,433071
High school diploma or equivalent,39439.0,4.1026,434031
High school diploma or equivalent,34954.0,-4.4227,434051
High school diploma or equivalent,46250.0,0.0,434061
High school diploma or equivalent,35200.0,-6.25,434071
High school diploma or equivalent,24537.0,6.6079,434081
High school diploma or equivalent,37378.0,-4.8193,434111
High school diploma or equivalent,26598.0,-4.0541,434121
High school diploma or equivalent,41921.0,-4.1379,434131
High school diploma or equivalent,39761.0,-14.2857,434141
"Some college, no degree",34588.0,-10.7143,434151
Associate degree,39775.0,0.0,434161
High school diploma or equivalent,29126.0,1.451,434171
High school diploma or equivalent,42560.0,3.4483,434199
High school diploma or equivalent,45964.0,12.5,435011
High school diploma or equivalent,26553.0,-0.7299,435021
High school diploma or equivalent,37830.0,3.8462,435031
High school diploma or equivalent,42550.0,0.7874,435032
High school diploma or equivalent,41908.0,-9.0909,435041
No formal educational credential,59606.0,-2.5641,435051
No formal educational credential,56475.0,-3.1792,435052
No formal educational credential,62488.0,-9.5238,435053
High school diploma or equivalent,55960.0,8.7977,435061
High school diploma or equivalent,39219.0,-2.8736,435071
High school diploma or equivalent,41814.0,6.6667,435111
High school diploma or equivalent,57195.0,-17.6471,436011
High school diploma or equivalent,37508.0,-22.6562,436012
High school diploma or equivalent,35807.0,6.5134,436013
High school diploma or equivalent,36678.0,-9.7411,436014
High school diploma or equivalent,35065.0,-25.6098,439021
High school diploma or equivalent,45631.0,4.9383,439041
High school diploma or equivalent,34392.0,-4.4896,439061
High school diploma or equivalent,40148.0,-4.5455,439199
Not reported,41149.0,4.9713,450000
High school diploma or equivalent,56276.0,8.6957,451011
No formal educational credential,,12.1212,452091
High school diploma or equivalent,33609.0,1.2048,454022
High school diploma or equivalent,45227.0,-3.5714,454023
Not reported,50047.0,7.1429,470000
High school diploma or equivalent,66698.0,6.9959,471011
High school diploma or equivalent,49341.0,6.9324,472031
No formal educational credential,,-17.6471,472041
No formal educational credential,51149.0,-1.7751,472051
No formal educational credential,40702.0,10.1754,472061
High school diploma or equivalent,56502.0,7.5472,472073
High school diploma or equivalent,56725.0,11.2633,472111
No formal educational credential,40582.0,5.6872,472141
High school diploma or equivalent,59571.0,4.5161,472152
No formal educational credential,43742.0,4.0,472181
High school diploma or equivalent,43881.0,6.9444,472211
High school diploma or equivalent,,5.0,472221
High school diploma or equivalent,,-2.2222,473013
High school diploma or equivalent,55580.0,-1.1494,474011
High school diploma or equivalent,,0.0,474041
High school diploma or equivalent,34835.0,11.2821,474051
High school diploma or equivalent,,0.0,474061
Not reported,51731.0,8.9884,490000
High school diploma or equivalent,69444.0,5.5675,491011
"Some college, no degree",39535.0,-11.9048,492011
Postsecondary nondegree award,58331.0,4.5113,492022
Postsecondary nondegree award,62224.0,2.439,492094
Postsecondary nondegree award,49190.0,2.5,493011
High school diploma or equivalent,44082.0,1.0417,493021
Postsecondary nondegree award,41906.0,4.2232,493023
High school diploma or equivalent,47583.0,3.5714,493031
High school diploma or equivalent,45372.0,11.9403,493041
High school diploma or equivalent,52137.0,11.0526,493042
High school diploma or equivalent,42587.0,12.5,493092
High school diploma or equivalent,30337.0,4.0,493093
High school diploma or equivalent,49794.0,4.6512,499012
Postsecondary nondegree award,49194.0,7.5758,499021
High school diploma or equivalent,39881.0,4.5455,499031
High school diploma or equivalent,59870.0,23.7194,499041
High school diploma or equivalent,55116.0,11.3971,499043
High school diploma or equivalent,63842.0,11.4754,499044
High school diploma or equivalent,73909.0,5.7471,499051
High school diploma or equivalent,54344.0,4.0,499052
Associate degree,45862.0,17.0732,499062
High school diploma or equivalent,46628.0,7.8137,499071
High school diploma or equivalent,47403.0,-6.25,499094
High school diploma or equivalent,,0.0,499096
High school diploma or equivalent,32424.0,5.5556,499098
High school diploma or equivalent,42215.0,4.7619,499099
Not reported,44917.0,5.0444,510000
High school diploma or equivalent,64859.0,8.5735,511011
High school diploma or equivalent,40024.0,9.7826,512028
High school diploma or equivalent,38717.0,-6.25,512041
High school diploma or equivalent,44856.0,6.429,512090
No formal educational credential,39429.0,11.1111,513011
No formal educational credential,30309.0,-2.8846,513021
High school diploma or equivalent,,8.7748,513092
No formal educational credential,38589.0,0.0,513099
High school diploma or equivalent,42582.0,0.4478,514031
High school diploma or equivalent,40211.0,2.1053,514033
High school diploma or equivalent,50183.0,12.3457,514041
High school diploma or equivalent,45586.0,5.6773,514072
High school diploma or equivalent,44290.0,10.3679,514081
Postsecondary nondegree award,57177.0,1.1407,514111
High school diploma or equivalent,47375.0,14.0385,514121
High school diploma or equivalent,45177.0,-5.2632,514191
High school diploma or equivalent,42285.0,-7.5342,515112
No formal educational credential,25479.0,3.6145,516011
No formal educational credential,27020.0,-9.5238,516031
No formal educational credential,,-7.4074,516052
High school diploma or equivalent,40444.0,16.3265,517011
High school diploma or equivalent,33613.0,3.6269,517041
High school diploma or equivalent,,5.7471,517042
High school diploma or equivalent,,6.25,518021
High school diploma or equivalent,43366.0,-4.1667,518031
High school diploma or equivalent,47594.0,-2.9412,519011
High school diploma or equivalent,43653.0,10.0,519012
High school diploma or equivalent,42427.0,0.9091,519023
High school diploma or equivalent,45609.0,1.2739,519032
High school diploma or equivalent,43296.0,6.7568,519041
High school diploma or equivalent,,7.6923,519051
High school diploma or equivalent,41746.0,5.9507,519061
High school diploma or equivalent,,6.8966,519081
High school diploma or equivalent,39435.0,7.0452,519111
High school diploma or equivalent,44544.0,9.0909,519124
High school diploma or equivalent,47163.0,0.9804,519161
Postsecondary nondegree award,54688.0,19.3548,519162
High school diploma or equivalent,,4.878,519191
High school diploma or equivalent,48576.0,-6.2147,519196
High school diploma or equivalent,34801.0,-6.383,519198
High school diploma or equivalent,39518.0,3.8118,519199
Not reported,39126.0,8.5917,530000
High school diploma or equivalent,31560.0,18.0723,533031
Postsecondary nondegree award,50605.0,7.0087,533032
High school diploma or equivalent,40848.0,14.8462,533033
High school diploma or equivalent,38755.0,1.1885,533051
High school diploma or equivalent,36687.0,5.3333,533052
No formal educational credential,29131.0,9.2199,533053
No formal educational credential,28863.0,8.0,533099
High school diploma or equivalent,,2.2222,534011
No formal educational credential,30069.0,13.3333,536021
No formal educational credential,29478.0,-3.125,536031
No formal educational credential,,2.439,537011
High school diploma or equivalent,54369.0,11.1111,537021
No formal educational credential,41333.0,6.8354,537051
No formal educational credential,30048.0,7.1066,537061
No formal educational credential,36282.0,8.5757,537062
No formal educational credential,37647.0,10.0,537063
No formal educational credential,36699.0,5.1034,537064
High school diploma or equivalent,34046.0,9.1717,537065
No formal educational credential,35786.0,8.6093,537081
Not reported,48594.0,3.0785,000000
Not reported,92277.0,2.3414,110000
Bachelor's degree,200939.0,-9.4203,111011
Bachelor's degree,84976.0,4.4776,111021
Bachelor's degree,96237.0,0.0,112021
Bachelor's degree,103447.0,2.0921,112022
Bachelor's degree,114495.0,8.6207,113012
Bachelor's degree,80059.0,5.0,113013
Bachelor's degree,112982.0,14.6341,113021
Bachelor's degree,106202.0,14.0351,113031
Bachelor's degree,86880.0,7.3298,113051
High school diploma or equivalent,85199.0,5.6604,113071
Bachelor's degree,100910.0,0.0,113121
Bachelor's degree,92034.0,6.3291,119021
Master's degree,80836.0,2.8986,119032
Master's degree,97624.0,4.0,119033
Bachelor's degree,,9.5238,119039
Bachelor's degree,125041.0,0.0,119041
High school diploma or equivalent,59208.0,7.7922,119051
Bachelor's degree,108367.0,29.1954,119111
High school diploma or equivalent,90686.0,-6.25,119131
High school diploma or equivalent,47862.0,9.2105,119141
Bachelor's degree,60678.0,9.0909,119151
Associate degree,51542.0,5.9829,119171
Bachelor's degree,110265.0,2.0833,119199
Not reported,65373.0,2.6549,130000
Bachelor's degree,60938.0,-3.2895,131020
High school diploma or equivalent,74295.0,-7.8431,131031
Bachelor's degree,61243.0,6.5359,131041
Bachelor's degree,74093.0,0.0,131051
Bachelor's degree,59417.0,4.6358,131071
Bachelor's degree,44116.0,-1.6043,131075
Bachelor's degree,84743.0,2.4242,131082
Bachelor's degree,101987.0,3.8961,131111
Bachelor's degree,47751.0,-10.0,131121
Bachelor's degree,47812.0,9.0909,131141
Bachelor's degree,54595.0,3.9216,131151
Bachelor's degree,55125.0,12.2951,131161
Bachelor's degree,63928.0,4.4304,131199
Bachelor's degree,69482.0,1.9774,132011
Bachelor's degree,69016.0,-7.1429,132041
Bachelor's degree,76689.0,2.9412,132051
Bachelor's degree,72211.0,11.1111,132052
Bachelor's degree,,20.0,132061
Bachelor's degree,43048.0,4.5455,132071
Bachelor's degree,62384.0,-0.6944,132072
Bachelor's degree,57007.0,0.0,132081
High school diploma or equivalent,49351.0,-4.1667,132082
Bachelor's degree,,0.0,132099
Not reported,74919.0,5.6604,150000
Bachelor's degree,80106.0,4.5455,151211
Bachelor's degree,92978.0,20.8333,151212
Associate degree,73134.0,-1.5625,151231
"Some college, no degree",50815.0,2.0833,151232
Bachelor's degree,85898.0,0.0,151241
Bachelor's degree,68994.0,0.0,151242
Bachelor's degree,72747.0,-1.2821,151244
Bachelor's degree,87899.0,-15.7895,151251
Bachelor's degree,90405.0,19.0476,151252
Bachelor's degree,71988.0,14.2857,151253
Bachelor's degree,104997.0,5.8824,151255
Bachelor's degree,61722.0,4.878,151299
Bachelor's degree,101375.0,25.0,152051
Not reported,73229.0,4.3972,170000
Bachelor's degree,46087.0,0.0,171022
Bachelor's degree,91508.0,1.5385,172051
Bachelor's degree,92454.0,3.7736,172071
Bachelor's degree,84963.0,15.8333,172112
Bachelor's degree,86445.0,15.3846,172141
Bachelor's degree,80586.0,0.0,172199
Associate degree,45653.0,0.0,173022
Associate degree,73001.0,7.6923,173023
Associate degree,60841.0,6.5574,173026
High school diploma or equivalent,,0.0,173031
Not reported,61439.0,3.1792,190000
Bachelor's degree,69655.0,0.0,191031
Bachelor's degree,60575.0,0.0,191032
Bachelor's degree,61103.0,0.0,192041
Bachelor's degree,71155.0,0.0,193099
Bachelor's degree,57368.0,0.0,194061
Associate degree,46897.0,0.0,194071
Bachelor's degree,74858.0,17.0213,195011
High school diploma or equivalent,,0.0,195012
Not reported,45523.0,8.6081,210000
Master's degree,55446.0,6.9519,211012
Master's degree,,18.1818,211013
Master's degree,48995.0,11.7647,211015
Bachelor's degree,46109.0,18.4783,211018
Bachelor's degree,43474.0,1.4706,211021
Master's degree,59038.0,10.5263,211022
Master's degree,42452.0,10.8696,211023
Bachelor's degree,45591.0,7.1429,211029
Bachelor's degree,57570.0,13.6364,211091
Bachelor's degree,41679.0,2.7778,211092
High school diploma or equivalent,35533.0,7.7694,211093
High school diploma or equivalent,39431.0,15.5556,211094
Bachelor's degree,,7.1429,212011
Not reported,82026.0,0.9375,230000
Doctoral or professional degree,94340.0,1.4151,231011
Associate degree,47050.0,0.0,232011
Not reported,50525.0,2.8884,250000
Doctoral or professional degree,84632.0,8.3333,251011
Doctoral or professional degree,,9.0909,251021
Doctoral or professional degree,66110.0,3.8462,251022
Doctoral or professional degree,65905.0,11.7647,251042
Doctoral or professional degree,65096.0,20.5882,251071
Bachelor's degree,51094.0,0.8772,251194
Doctoral or professional degree,63633.0,5.5556,251199
Associate degree,41471.0,5.4264,252011
Bachelor's degree,54349.0,1.8182,252012
Bachelor's degree,52723.0,2.3653,252021
Bachelor's degree,52910.0,2.4,252022
Bachelor's degree,55460.0,2.5,252031
Bachelor's degree,58893.0,3.0303,252032
Bachelor's degree,53495.0,1.8868,252052
Bachelor's degree,50235.0,1.3158,252057
Bachelor's degree,54923.0,1.1628,252058
Bachelor's degree,50591.0,-11.3208,253011
High school diploma or equivalent,39264.0,-5.4545,253021
Bachelor's degree,55808.0,2.9703,253099
Master's degree,53955.0,4.2553,254022
Postsecondary nondegree award,28839.0,-6.6667,254031
"Some college, no degree",25560.0,2.0,259045
Bachelor's degree,36113.0,4.6512,259099
Not reported,42620.0,-0.1681,270000
High school diploma or equivalent,26958.0,-12.5,271023
Bachelor's degree,41316.0,2.1277,271024
High school diploma or equivalent,34481.0,6.25,271026
Bachelor's degree,43476.0,6.8966,272022
Bachelor's degree,30692.0,-27.7778,273011
Bachelor's degree,,0.0,273023
Bachelor's degree,59407.0,2.7778,273031
Bachelor's degree,48484.0,-26.6667,273041
Not reported,87477.0,10.2142,290000
Doctoral or professional degree,164366.0,3.6364,291021
Bachelor's degree,66508.0,8.3333,291031
Doctoral or professional degree,135927.0,5.0,291041
Doctoral or professional degree,130583.0,6.9264,291051
Master's degree,95195.0,27.7228,291071
Master's degree,88871.0,15.873,291122
Doctoral or professional degree,90946.0,17.2414,291123
Associate degree,61209.0,15.6028,291126
Master's degree,81695.0,18.6441,291127
Bachelor's degree,,11.1111,291129
Doctoral or professional degree,,14.5833,291131
Bachelor's degree,79096.0,7.7001,291141
Master's degree,110727.0,45.1178,291171
Doctoral or professional degree,262047.0,0.0,291211
Doctoral or professional degree,,4.0,291212
Doctoral or professional degree,,6.25,291214
Doctoral or professional degree,258118.0,2.9126,291215
Doctoral or professional degree,235696.0,5.0,291216
Doctoral or professional degree,323069.0,3.8462,291218
Doctoral or professional degree,224579.0,0.0,291221
Doctoral or professional degree,,0.0,291224
Doctoral or professional degree,352879.0,4.918,291229
Doctoral or professional degree,289032.0,5.8824,291249
Associate degree,70073.0,6.3158,291292
Bachelor's degree,54400.0,6.4935,292010
Associate degree,69330.0,17.6471,292032
Associate degree,,0.0,292033
Associate degree,62744.0,6.6667,292034
Postsecondary nondegree award,33243.0,6.25,292042
Postsecondary nondegree award,46439.0,5.5556,292043
High school diploma or equivalent,36727.0,9.6154,292052
Postsecondary nondegree award,45941.0,6.8966,292055
Associate degree,,15.8537,292056
Postsecondary nondegree award,50572.0,6.25,292061
Postsecondary nondegree award,48797.0,9.2105,292072
High school diploma or equivalent,45014.0,2.1739,292081
Postsecondary nondegree award,52523.0,7.8431,292099
Associate degree,56160.0,20.0,299021
Not reported,33820.0,13.6019,310000
High school diploma or equivalent,31147.0,21.3855,311120
Associate degree,64144.0,24.0,312011
Associate degree,58059.0,26.8293,312021
Postsecondary nondegree award,36312.0,5.7143,319091
Postsecondary nondegree award,34452.0,14.0511,319092
Postsecondary nondegree award,,-11.5385,319094
Postsecondary nondegree award,37969.0,7.5,319097
High school diploma or equivalent,45603.0,12.2449,319099
Not reported,40913.0,1.388,330000
High school diploma or equivalent,66439.0,3.0,331012
Postsecondary nondegree award,56089.0,2.6316,331021
High school diploma or equivalent,43263.0,0.0,331091
High school diploma or equivalent,26357.0,0.0,333011
High school diploma or equivalent,47375.0,-2.449,333012
High school diploma or equivalent,65160.0,4.7619,333021
High school diploma or equivalent,43855.0,3.5191,333051
High school diploma or equivalent,,0.0,339011
High school diploma or equivalent,30500.0,0.277,339032
High school diploma or equivalent,39703.0,2.9412,339099
Not reported,26489.0,5.7794,350000
High school diploma or equivalent,53803.0,11.2676,351011
High school diploma or equivalent,34606.0,13.4177,351012
No formal educational credential,23637.0,-5.5988,352011
No formal educational credential,26831.0,3.0019,352012
No formal educational credential,28794.0,32.1608,352014
No formal educational credential,,0.0,352015
No formal educational credential,25073.0,-0.4435,352021
No formal educational credential,29022.0,9.6154,353011
No formal educational credential,23497.0,11.0604,353023
No formal educational credential,27390.0,4.6465,353031
No formal educational credential,30751.0,6.6038,353041
No formal educational credential,24385.0,4.7904,359021
No formal educational credential,23146.0,9.5694,359031
Not reported,31350.0,3.3273,370000
High school diploma or equivalent,38126.0,3.0303,371011
High school diploma or equivalent,53694.0,3.4091,371012
No formal educational credential,30129.0,2.6369,372011
No formal educational credential,28462.0,3.9106,372012
High school diploma or equivalent,40963.0,9.0909,372021
No formal educational credential,32691.0,3.6866,373011
Not reported,27642.0,5.8685,390000
High school diploma or equivalent,37068.0,11.8644,391014
High school diploma or equivalent,44459.0,4.3478,391022
No formal educational credential,21488.0,14.6341,393031
No formal educational credential,21910.0,6.3063,393091
Associate degree,49008.0,6.25,394011
Associate degree,45485.0,5.2632,394031
Postsecondary nondegree award,33324.0,9.5506,395012
High school diploma or equivalent,24119.0,-0.7707,399011
High school diploma or equivalent,30650.0,5.2174,399032
High school diploma or equivalent,22731.0,6.0241,399041
Not reported,36321.0,-1.942,410000
High school diploma or equivalent,41271.0,-4.1754,411011
High school diploma or equivalent,77336.0,-6.4103,411012
No formal educational credential,24525.0,-6.1233,412011
No formal educational credential,31349.0,5.0847,412021
No formal educational credential,33798.0,2.1429,412022
No formal educational credential,31823.0,1.5633,412031
High school diploma or equivalent,36370.0,-16.0,413011
High school diploma or equivalent,59051.0,8.7719,413021
Bachelor's degree,76022.0,4.0984,413031
High school diploma or equivalent,59204.0,-0.6557,413091
Bachelor's degree,91298.0,1.4184,414011
High school diploma or equivalent,71071.0,1.4327,414012
High school diploma or equivalent,50982.0,5.1948,419022
High school diploma or equivalent,39897.0,6.5574,419099
Not reported,38643.0,-4.9518,430000
High school diploma or equivalent,41192.0,-2.8571,433011
High school diploma or equivalent,38164.0,1.9048,433021
"Some college, no degree",42086.0,-6.7204,433031
High school diploma or equivalent,42637.0,-16.1765,433051
High school diploma or equivalent,33630.0,-18.6709,433071
High school diploma or equivalent,39614.0,2.7778,434031
High school diploma or equivalent,,-10.5263,434041
High school diploma or equivalent,33996.0,-5.5866,434051
High school diploma or equivalent,50178.0,3.8462,434061
High school diploma or equivalent,23276.0,0.9901,434081
High school diploma or equivalent,24707.0,-5.6604,434121
High school diploma or equivalent,41725.0,-6.3158,434131
High school diploma or equivalent,37810.0,-18.1818,434141
"Some college, no degree",35961.0,-13.7931,434151
Associate degree,37916.0,0.0,434161
High school diploma or equivalent,29649.0,1.1686,434171
High school diploma or equivalent,42146.0,0.0,434199
High school diploma or equivalent,37696.0,-2.6667,435021
High school diploma or equivalent,37016.0,1.087,435031
High school diploma or equivalent,43098.0,-3.7037,435032
High school diploma or equivalent,38761.0,-5.8824,435041
No formal educational credential,58708.0,-3.2787,435051
No formal educational credential,57360.0,-2.7778,435052
High school diploma or equivalent,56899.0,9.6774,435061
High school diploma or equivalent,41191.0,-5.3061,435071
High school diploma or equivalent,34166.0,-3.0303,435111
High school diploma or equivalent,55147.0,-18.1818,436011
High school diploma or equivalent,34399.0,-25.3968,436012
High school diploma or equivalent,34856.0,7.2569,436013
High school diploma or equivalent,36119.0,-11.4486,436014
High school diploma or equivalent,33322.0,-27.1605,439021
High school diploma or equivalent,41547.0,0.0,439041
High school diploma or equivalent,33233.0,-6.1261,439061
High school diploma or equivalent,37745.0,-6.8493,439199
Not reported,41690.0,-41.4747,450000
No formal educational credential,,-31.25,452041
High school diploma or equivalent,,0.0,454023
Not reported,53350.0,5.1913,470000
High school diploma or equivalent,69558.0,3.4091,471011
High school diploma or equivalent,51640.0,6.6381,472031
No formal educational credential,48579.0,-6.4935,472051
No formal educational credential,44161.0,8.4764,472061
High school diploma or equivalent,58567.0,7.0225,472073
High school diploma or equivalent,56400.0,6.1433,472111
High school diploma or equivalent,48817.0,0.0,472121
No formal educational credential,43698.0,4.5455,472141
High school diploma or equivalent,63007.0,4.0431,472152
No formal educational credential,43829.0,-1.4493,472181
High school diploma or equivalent,72962.0,6.4815,472221
High school diploma or equivalent,57215.0,0.0,474011
High school diploma or equivalent,36238.0,-8.1081,474041
High school diploma or equivalent,37099.0,8.6735,474051
High school diploma or equivalent,,0.0,474061
High school diploma or equivalent,42875.0,0.0,474071
Not reported,50622.0,4.409,490000
High school diploma or equivalent,67335.0,2.1583,491011
"Some college, no degree",42124.0,0.0,492011
Postsecondary nondegree award,66660.0,2.4096,492022
Postsecondary nondegree award,,-7.6923,492094
High school diploma or equivalent,,4.0,492098
Postsecondary nondegree award,39471.0,2.2923,493023
High school diploma or equivalent,47083.0,0.0,493031
High school diploma or equivalent,36868.0,-2.6316,493041
High school diploma or equivalent,55975.0,4.3478,493042
High school diploma or equivalent,38137.0,0.0,493043
High school diploma or equivalent,,3.2258,493053
High school diploma or equivalent,31612.0,0.0,493093
High school diploma or equivalent,58441.0,2.7778,499012
Postsecondary nondegree award,50818.0,2.8571,499021
High school diploma or equivalent,,0.0,499031
High school diploma or equivalent,61744.0,9.6085,499041
High school diploma or equivalent,51825.0,11.1111,499043
High school diploma or equivalent,75919.0,16.0494,499051
High school diploma or equivalent,,8.3333,499052
Associate degree,,12.6214,499062
High school diploma or equivalent,44049.0,3.9648,499071
High school diploma or equivalent,33603.0,2.6667,499098
High school diploma or equivalent,47478.0,2.2222,499099
Not reported,45686.0,1.3038,510000
High school diploma or equivalent,67379.0,4.6233,511011
High school diploma or equivalent,36479.0,2.975,512090
No formal educational credential,30182.0,5.8824,513011
No formal educational credential,28665.0,0.0,513021
No formal educational credential,,-6.6667,513099
High school diploma or equivalent,39877.0,0.0,514021
High school diploma or equivalent,,-13.0435,514023
High school diploma or equivalent,39856.0,-4.8913,514031
High school diploma or equivalent,40850.0,-10.5263,514033
High school diploma or equivalent,47358.0,2.1053,514041
High school diploma or equivalent,40094.0,-1.0101,514072
High school diploma or equivalent,42990.0,0.0,514081
Postsecondary nondegree award,55286.0,-3.3898,514111
High school diploma or equivalent,45700.0,6.8966,514121
High school diploma or equivalent,38947.0,-8.8235,515112
No formal educational credential,27309.0,3.6697,516011
High school diploma or equivalent,36079.0,0.7874,517041
High school diploma or equivalent,35339.0,0.885,517042
High school diploma or equivalent,43082.0,-4.6632,518031
High school diploma or equivalent,68683.0,-5.0847,519011
High school diploma or equivalent,,-7.6923,519012
High school diploma or equivalent,51735.0,-1.5385,519023
High school diploma or equivalent,,6.8966,519051
High school diploma or equivalent,42806.0,3.0508,519061
High school diploma or equivalent,40822.0,12.5,519124
High school diploma or equivalent,47094.0,-5.0,519161
High school diploma or equivalent,36294.0,-6.4286,519198
High school diploma or equivalent,37493.0,0.0,519199
Not reported,41796.0,5.2353,530000
High school diploma or equivalent,32660.0,16.092,533031
Postsecondary nondegree award,51638.0,1.7798,533032
High school diploma or equivalent,40361.0,4.6154,533033
High school diploma or equivalent,37712.0,0.8403,533051
High school diploma or equivalent,34793.0,9.375,533052
No formal educational credential,27393.0,11.8812,533053
No formal educational credential,29188.0,13.1579,533099
High school diploma or equivalent,,3.8462,534011
No formal educational credential,28219.0,8.0,536021
No formal educational credential,28260.0,-1.6949,536031
No formal educational credential,39650.0,3.6364,537051
No formal educational credential,29954.0,2.7523,537061
No formal educational credential,34883.0,4.8726,537062
No formal educational credential,,7.5472,537063
No formal educational credential,29289.0,0.0,537064
High school diploma or equivalent,33220.0,8.5809,537065
No formal educational credential,35324.0,0.0,537081
Not reported,49927.0,4.1307,000000
Not reported,93709.0,7.1456,110000
Bachelor's degree,166327.0,-5.0,111011
Bachelor's degree,88512.0,5.9799,111021
Bachelor's degree,116944.0,5.1852,112021
Bachelor's degree,106202.0,3.7528,112022
Bachelor's degree,108280.0,6.5574,113012
Bachelor's degree,100158.0,2.7523,113013
Bachelor's degree,118032.0,13.4021,113021
Bachelor's degree,113852.0,17.9177,113031
Bachelor's degree,105191.0,5.2632,113051
Bachelor's degree,114832.0,7.8947,113061
High school diploma or equivalent,93940.0,6.383,113071
Bachelor's degree,109775.0,4.6154,113121
High school diploma or equivalent,58294.0,7.9268,119013
Bachelor's degree,100675.0,7.1429,119021
Bachelor's degree,45142.0,2.1277,119031
Master's degree,86226.0,2.6895,119032
Master's degree,84521.0,5.1948,119033
Bachelor's degree,97637.0,-9.9291,119039
Bachelor's degree,129996.0,9.5238,119041
High school diploma or equivalent,56590.0,6.7633,119051
Bachelor's degree,44542.0,14.2857,119072
High school diploma or equivalent,52998.0,4.3478,119081
Bachelor's degree,100127.0,28.2318,119111
Bachelor's degree,139976.0,0.0,119121
High school diploma or equivalent,91395.0,-18.5185,119131
High school diploma or equivalent,43594.0,9.3385,119141
Bachelor's degree,67530.0,8.8889,119151
Bachelor's degree,78038.0,7.1429,119161
Associate degree,63738.0,-3.4091,119171
Bachelor's degree,111489.0,1.8692,119199
Not reported,68359.0,5.1955,130000
Bachelor's degree,63653.0,-2.8133,131020
High school diploma or equivalent,63132.0,-6.25,131031
Bachelor's degree,62708.0,2.4055,131041
Bachelor's degree,67053.0,-1.1364,131051
Bachelor's degree,61655.0,6.0883,131071
Bachelor's degree,74554.0,18.3962,131081
Bachelor's degree,86231.0,7.7079,131082
Bachelor's degree,85444.0,9.1503,131111
Bachelor's degree,42181.0,2.381,131121
Bachelor's degree,52394.0,0.0,131131
Bachelor's degree,50772.0,10.7143,131141
Bachelor's degree,55507.0,9.5406,131151
Bachelor's degree,56537.0,13.9594,131161
Bachelor's degree,72660.0,-1.8462,131199
Bachelor's degree,68423.0,5.9859,132011
Bachelor's degree,41666.0,4.1667,132020
Bachelor's degree,81878.0,-3.2258,132031
Bachelor's degree,79171.0,-1.4925,132041
Bachelor's degree,85743.0,8.4746,132051
Bachelor's degree,88880.0,17.2662,132052
Bachelor's degree,101804.0,10.3448,132054
Bachelor's degree,70831.0,22.2222,132061
Bachelor's degree,36630.0,6.9767,132071
Bachelor's degree,70692.0,4.5833,132072
Bachelor's degree,42341.0,4.1667,132081
High school diploma or equivalent,44527.0,5.7692,132082
Bachelor's degree,53657.0,0.0,132099
Not reported,76109.0,12.0709,150000
Bachelor's degree,71497.0,12.4183,151211
Bachelor's degree,88796.0,34.8837,151212
Associate degree,66361.0,8.1967,151231
"Some college, no degree",53866.0,7.2289,151232
Bachelor's degree,100849.0,2.9412,151241
Bachelor's degree,76702.0,6.4516,151242
Bachelor's degree,115376.0,5.0,151243
Bachelor's degree,69326.0,5.1546,151244
Bachelor's degree,76300.0,0.0,151251
Bachelor's degree,99630.0,24.1071,151252
Bachelor's degree,71270.0,20.8333,151253
Bachelor's degree,54298.0,17.2414,151254
Bachelor's degree,94493.0,10.8303,151299
Bachelor's degree,88096.0,42.8571,152051
Bachelor's degree,,5.8824,152099
Not reported,81951.0,8.1377,170000
Bachelor's degree,95855.0,7.8947,171011
Bachelor's degree,57387.0,8.642,171022
Bachelor's degree,112916.0,11.3636,172041
Bachelor's degree,89127.0,6.8345,172051
Bachelor's degree,80761.0,4.4444,172071
Bachelor's degree,88075.0,21.0526,172072
Bachelor's degree,120051.0,4.2553,172081
Bachelor's degree,92303.0,4.4444,172111
Bachelor's degree,82250.0,16.9565,172112
Bachelor's degree,93960.0,10.6061,172131
Bachelor's degree,97213.0,16.2791,172141
Bachelor's degree,93694.0,-14.7059,172151
Bachelor's degree,146354.0,8.0,172161
Bachelor's degree,97586.0,5.3763,172199
Associate degree,56944.0,4.0,173011
Associate degree,66000.0,5.4545,173012
Associate degree,65323.0,1.6129,173013
Associate degree,60845.0,0.0,173019
Associate degree,46503.0,1.9048,173022
Associate degree,77276.0,2.439,173023
Associate degree,67392.0,4.5455,173025
Associate degree,66957.0,4.2857,173026
Associate degree,,8.3333,173027
Associate degree,69567.0,-7.1429,173029
High school diploma or equivalent,51290.0,8.1967,173031
Not reported,70904.0,5.2083,190000
Bachelor's degree,55370.0,-5.8824,191023
Bachelor's degree,75422.0,-10.3448,191029
Bachelor's degree,66661.0,-7.4074,191031
Bachelor's degree,56936.0,0.0,191032
Bachelor's degree,89578.0,7.5472,192031
Bachelor's degree,65412.0,5.2083,192041
Bachelor's degree,84777.0,13.3333,192042
Doctoral or professional degree,95949.0,12.5,193033
Master's degree,66953.0,0.0,193034
Master's degree,108096.0,-7.0175,193039
Master's degree,66544.0,10.5263,193051
Bachelor's degree,79346.0,-11.5385,193099
Associate degree,44759.0,8.5714,194012
Associate degree,50076.0,0.0,194031
Associate degree,55518.0,14.8148,194042
Associate degree,72008.0,6.6667,194043
Associate degree,,0.0,194071
Associate degree,55345.0,4.5455,194099
Bachelor's degree,76908.0,12.8099,195011
High school diploma or equivalent,72692.0,20.7792,195012
Not reported,46693.0,10.0372,210000
Master's degree,57015.0,7.1429,211012
Master's degree,49474.0,15.7143,211013
Master's degree,42324.0,10.0,211015
Bachelor's degree,48777.0,27.1605,211018
Bachelor's degree,44023.0,3.6127,211021
Master's degree,58318.0,9.1603,211022
Master's degree,46294.0,15.4762,211023
Bachelor's degree,63471.0,2.4691,211029
Bachelor's degree,58730.0,5.8824,211091
Bachelor's degree,41227.0,1.7857,211092
High school diploma or equivalent,33614.0,11.7647,211093
High school diploma or equivalent,41679.0,19.0476,211094
Bachelor's degree,46402.0,2.0408,212011
Not reported,81297.0,5.836,230000
Doctoral or professional degree,97276.0,6.4516,231011
Associate degree,49498.0,6.4327,232011
Not reported,52486.0,2.5884,250000
Doctoral or professional degree,105553.0,9.0909,251011
Doctoral or professional degree,,6.5574,251021
Doctoral or professional degree,77431.0,4.0816,251022
Doctoral or professional degree,122608.0,8.3333,251032
Doctoral or professional degree,93265.0,8.1081,251042
Doctoral or professional degree,,10.0,251062
Doctoral or professional degree,115761.0,5.0,251063
Doctoral or professional degree,,5.8824,251066
Doctoral or professional degree,65921.0,3.8462,251069
Doctoral or professional degree,108439.0,19.7183,251071
Doctoral or professional degree,73407.0,17.5,251072
Doctoral or professional degree,,4.3478,251081
Master's degree,74418.0,4.4118,251121
Doctoral or professional degree,77430.0,3.2258,251122
Doctoral or professional degree,74315.0,2.7027,251123
Bachelor's degree,46803.0,0.3937,251194
Doctoral or professional degree,68523.0,4.908,251199
Associate degree,40743.0,6.4516,252011
Bachelor's degree,56553.0,1.8265,252012
Bachelor's degree,54246.0,2.2343,252021
Bachelor's degree,54939.0,2.3088,252022
Bachelor's degree,56642.0,2.5987,252031
Bachelor's degree,54907.0,0.0,252032
Bachelor's degree,53235.0,1.5326,252052
Bachelor's degree,52644.0,0.7634,252057
Bachelor's degree,53510.0,1.6667,252058
Bachelor's degree,55916.0,3.4483,252059
Bachelor's degree,36764.0,-8.2474,253011
High school diploma or equivalent,39422.0,2.8777,253021
Bachelor's degree,46321.0,0.0,253099
Master's degree,57605.0,3.4722,254022
Postsecondary nondegree award,36034.0,-5.2632,254031
Master's degree,69724.0,2.8986,259031
Bachelor's degree,,4.3478,259044
"Some college, no degree",28111.0,1.9841,259045
Bachelor's degree,49516.0,-0.4098,259099
Not reported,47787.0,-0.2679,270000
High school diploma or equivalent,28728.0,-10.0,271023
Bachelor's degree,42464.0,1.9355,271024
Bachelor's degree,81388.0,12.5,271025
High school diploma or equivalent,34841.0,2.9557,271026
Bachelor's degree,45897.0,-6.6667,272012
Bachelor's degree,59749.0,8.5938,272022
Bachelor's degree,34487.0,-18.3673,273011
Bachelor's degree,34515.0,-20.0,273023
Bachelor's degree,59686.0,6.0,273031
Bachelor's degree,76890.0,15.7895,273042
Bachelor's degree,52828.0,-1.6949,273043
Bachelor's degree,60947.0,7.8431,273091
Postsecondary nondegree award,40181.0,-8.8608,274011
Associate degree,38923.0,-10.0,274012
High school diploma or equivalent,33395.0,1.25,274021
Not reported,82824.0,8.1936,290000
Doctoral or professional degree,150254.0,9.0909,291011
Doctoral or professional degree,202218.0,4.918,291021
Bachelor's degree,62907.0,8.642,291031
Doctoral or professional degree,163396.0,5.1282,291041
Doctoral or professional degree,129823.0,0.7653,291051
Master's degree,93857.0,28.7129,291071
Master's degree,86399.0,13.6691,291122
Doctoral or professional degree,91279.0,16.6667,291123
Associate degree,84552.0,0.0,291124
Associate degree,64251.0,12.5461,291126
Master's degree,75063.0,16.8367,291127
Bachelor's degree,86500.0,12.2807,291129
Doctoral or professional degree,94218.0,20.202,291131
Bachelor's degree,76168.0,5.6456,291141
Master's degree,151984.0,5.0,291151
Master's degree,99410.0,44.6809,291171
Doctoral or professional degree,78137.0,15.7895,291181
Doctoral or professional degree,401490.0,0.0,291212
Doctoral or professional degree,249757.0,3.8889,291215
Doctoral or professional degree,332547.0,2.0,291216
Doctoral or professional degree,213794.0,2.6316,291221
Doctoral or professional degree,392396.0,0.0,291229
Doctoral or professional degree,349772.0,0.0,291249
Associate degree,67462.0,7.6923,291292
Bachelor's degree,53804.0,4.0865,292010
Associate degree,56662.0,2.7778,292031
Associate degree,71251.0,12.1212,292032
Associate degree,81234.0,-4.3478,292033
Associate degree,61106.0,1.7291,292034
Associate degree,69084.0,2.0833,292035
Postsecondary nondegree award,33789.0,6.1728,292042
Postsecondary nondegree award,48335.0,5.53,292043
High school diploma or equivalent,37452.0,6.2119,292052
Postsecondary nondegree award,31719.0,10.7843,292053
Postsecondary nondegree award,49707.0,4.4248,292055
Associate degree,34286.0,23.1343,292056
Postsecondary nondegree award,34691.0,14.2857,292057
Postsecondary nondegree award,52753.0,8.3845,292061
Postsecondary nondegree award,42793.0,10.6667,292072
High school diploma or equivalent,41913.0,3.5398,292081
High school diploma or equivalent,,18.1818,292092
Postsecondary nondegree award,58358.0,5.303,292099
Associate degree,48852.0,16.4706,299021
Master's degree,51479.0,17.6471,299091
Not reported,34152.0,14.9822,310000
High school diploma or equivalent,28012.0,27.7778,311120
Postsecondary nondegree award,34247.0,9.628,311131
High school diploma or equivalent,31119.0,3.6364,311132
Associate degree,62046.0,17.9487,312011
Associate degree,59625.0,24.0,312021
Postsecondary nondegree award,47358.0,14.2857,319011
Postsecondary nondegree award,37212.0,4.7486,319091
Postsecondary nondegree award,35390.0,15.3591,319092
High school diploma or equivalent,39031.0,4.8387,319093
Postsecondary nondegree award,35999.0,-12.8205,319094
High school diploma or equivalent,32688.0,-3.8462,319095
High school diploma or equivalent,31036.0,26.8293,319096
Postsecondary nondegree award,34059.0,5.2288,319097
High school diploma or equivalent,47061.0,-4.3011,319099
Not reported,43903.0,-1.5445,330000
High school diploma or equivalent,48038.0,-2.8571,331011
High school diploma or equivalent,68753.0,3.9735,331012
Postsecondary nondegree award,59250.0,3.3708,331021
High school diploma or equivalent,59421.0,-13.6364,331091
High school diploma or equivalent,,0.0,331099
High school diploma or equivalent,31518.0,0.0,333011
High school diploma or equivalent,36118.0,-6.7093,333012
High school diploma or equivalent,75375.0,0.0,333021
High school diploma or equivalent,48539.0,4.2445,333051
High school diploma or equivalent,36845.0,9.5238,339011
High school diploma or equivalent,,0.0,339021
High school diploma or equivalent,39255.0,-9.6834,339032
High school diploma or equivalent,38834.0,9.8361,339099
Not reported,26766.0,6.9174,350000
High school diploma or equivalent,50275.0,13.2231,351011
High school diploma or equivalent,35269.0,13.8822,351012
No formal educational credential,23770.0,-5.1488,352011
No formal educational credential,29284.0,5.0818,352012
Postsecondary nondegree award,,7.1429,352013
No formal educational credential,28951.0,31.9473,352014
No formal educational credential,24138.0,2.8118,352021
No formal educational credential,27217.0,5.7692,353011
No formal educational credential,22935.0,12.2066,353023
No formal educational credential,27817.0,5.0916,353031
No formal educational credential,28657.0,3.0303,353041
No formal educational credential,24655.0,5.5276,359021
No formal educational credential,21993.0,9.9119,359031
Not reported,31056.0,4.0898,370000
High school diploma or equivalent,38196.0,3.2258,371011
High school diploma or equivalent,48530.0,4.0201,371012
No formal educational credential,30995.0,3.5267,372011
No formal educational credential,26439.0,2.4372,372012
No formal educational credential,32493.0,7.5269,373011
High school diploma or equivalent,42218.0,0.0,373012
High school diploma or equivalent,37756.0,8.8889,373013
No formal educational credential,44456.0,0.0,373019
Not reported,29671.0,6.1449,390000
High school diploma or equivalent,39609.0,9.8266,391022
No formal educational credential,23033.0,59.4595,393031
No formal educational credential,23021.0,6.9519,393091
Associate degree,50363.0,-5.1282,394011
Associate degree,42680.0,-1.6129,394031
Postsecondary nondegree award,41599.0,2.3364,395012
High school diploma or equivalent,25453.0,0.9015,399011
High school diploma or equivalent,40289.0,13.2075,399031
High school diploma or equivalent,27480.0,5.3763,399032
Not reported,38163.0,-0.6476,410000
High school diploma or equivalent,42012.0,-3.0784,411011
High school diploma or equivalent,73400.0,-8.1481,411012
No formal educational credential,24682.0,-5.4214,412011
No formal educational credential,33734.0,5.5046,412021
No formal educational credential,35796.0,0.8734,412022
No formal educational credential,31900.0,2.2015,412031
High school diploma or equivalent,51204.0,10.3797,413021
Bachelor's degree,157336.0,10.274,413031
High school diploma or equivalent,56115.0,1.1396,413091
Bachelor's degree,79097.0,4.6154,414011
High school diploma or equivalent,70537.0,4.0936,414012
No formal educational credential,,6.6667,419011
High school diploma or equivalent,46316.0,7.8189,419022
High school diploma or equivalent,44242.0,9.0909,419099
Not reported,39586.0,-4.1201,430000
High school diploma or equivalent,57044.0,-2.1444,431011
High school diploma or equivalent,39277.0,-5.53,433011
High school diploma or equivalent,37640.0,1.9499,433021
"Some college, no degree",43034.0,-4.9412,433031
High school diploma or equivalent,47506.0,-14.375,433051
High school diploma or equivalent,43220.0,-8.5366,433061
High school diploma or equivalent,33978.0,-12.5217,433071
High school diploma or equivalent,44435.0,-5.0,434011
High school diploma or equivalent,37580.0,2.7559,434031
High school diploma or equivalent,48057.0,-2.7027,434041
High school diploma or equivalent,35031.0,-1.4688,434051
High school diploma or equivalent,50202.0,2.1739,434061
High school diploma or equivalent,31932.0,-8.3333,434071
High school diploma or equivalent,23806.0,-0.9063,434081
High school diploma or equivalent,36396.0,-2.7397,434111
High school diploma or equivalent,28757.0,-5.2023,434121
High school diploma or equivalent,41758.0,-0.4762,434131
High school diploma or equivalent,39957.0,-12.8205,434141
"Some college, no degree",37126.0,-9.2105,434151
Associate degree,37132.0,-1.8868,434161
High school diploma or equivalent,29313.0,2.8329,434171
High school diploma or equivalent,46507.0,-3.3613,434199
High school diploma or equivalent,,10.0,435011
High school diploma or equivalent,32471.0,2.5806,435021
High school diploma or equivalent,36126.0,4.5455,435031
High school diploma or equivalent,44350.0,1.4388,435032
High school diploma or equivalent,47105.0,-8.1633,435041
No formal educational credential,57783.0,-18.2609,435051
No formal educational credential,57263.0,-17.9245,435052
No formal educational credential,58542.0,-20.0,435053
High school diploma or equivalent,55330.0,8.2888,435061
High school diploma or equivalent,39324.0,-4.4681,435071
High school diploma or equivalent,37998.0,7.9208,435111
High school diploma or equivalent,59142.0,-19.2118,436011
High school diploma or equivalent,36806.0,-19.0244,436012
High school diploma or equivalent,34656.0,7.2573,436013
High school diploma or equivalent,36927.0,-9.9325,436014
High school diploma or equivalent,30572.0,-21.164,439021
High school diploma or equivalent,40451.0,0.0,439041
High school diploma or equivalent,31801.0,4.5455,439051
High school diploma or equivalent,35058.0,-5.2347,439061
High school diploma or equivalent,31773.0,-6.6667,439071
High school diploma or equivalent,43460.0,-7.3394,439199
Not reported,41167.0,7.0943,450000
High school diploma or equivalent,56639.0,12.766,451011
Bachelor's degree,51187.0,-3.4483,452011
No formal educational credential,,-5.4054,452041
No formal educational credential,42907.0,17.8947,452091
No formal educational credential,36658.0,15.9494,452092
No formal educational credential,41611.0,0.9346,452093
No formal educational credential,,0.0,453031
High school diploma or equivalent,34095.0,-7.9545,454022
Not reported,52501.0,1.4881,470000
High school diploma or equivalent,70055.0,1.6371,471011
High school diploma or equivalent,77823.0,-5.8824,472011
High school diploma or equivalent,58149.0,-0.8547,472021
High school diploma or equivalent,48546.0,0.7968,472031
No formal educational credential,49134.0,-5.6604,472051
No formal educational credential,41731.0,4.34,472061
High school diploma or equivalent,54475.0,2.8415,472073
No formal educational credential,,-1.2048,472081
High school diploma or equivalent,56279.0,5.1535,472111
No formal educational credential,43832.0,0.0,472131
No formal educational credential,43691.0,0.0,472141
High school diploma or equivalent,63272.0,0.487,472152
No formal educational credential,45193.0,0.0,472181
High school diploma or equivalent,52405.0,1.6129,472211
High school diploma or equivalent,62399.0,2.027,472221
High school diploma or equivalent,34331.0,-5.4545,473013
High school diploma or equivalent,59949.0,-2.1053,474011
High school diploma or equivalent,,-3.0303,474021
High school diploma or equivalent,54296.0,0.0,474041
High school diploma or equivalent,34927.0,9.3567,474051
High school diploma or equivalent,36591.0,5.0,474071
High school diploma or equivalent,,-1.6393,475022
High school diploma or equivalent,,5.8824,475032
No formal educational credential,53594.0,-18.6047,475049
No formal educational credential,41110.0,4.3478,475051
No formal educational credential,,-25.0,475071
Not reported,55015.0,6.1456,490000
High school diploma or equivalent,70950.0,4.3202,491011
Postsecondary nondegree award,64282.0,3.7838,492022
Postsecondary nondegree award,60867.0,-3.125,492094
Postsecondary nondegree award,85973.0,-5.4545,492095
Postsecondary nondegree award,53203.0,-13.5135,492097
High school diploma or equivalent,49245.0,0.0,492098
High school diploma or equivalent,44597.0,6.0,493021
High school diploma or equivalent,38761.0,3.5714,493022
Postsecondary nondegree award,41423.0,3.3368,493023
High school diploma or equivalent,52573.0,2.6266,493031
High school diploma or equivalent,46024.0,12.6126,493041
High school diploma or equivalent,52324.0,2.6667,493042
High school diploma or equivalent,,16.9014,493043
High school diploma or equivalent,35671.0,-1.2658,493053
High school diploma or equivalent,34171.0,-1.0309,493093
High school diploma or equivalent,39867.0,8.0,499011
High school diploma or equivalent,58704.0,2.7027,499012
Postsecondary nondegree award,50098.0,3.132,499021
High school diploma or equivalent,62764.0,21.0396,499041
High school diploma or equivalent,62588.0,8.1159,499043
High school diploma or equivalent,57516.0,2.7778,499044
High school diploma or equivalent,73810.0,4.6584,499051
High school diploma or equivalent,53034.0,3.5714,499052
Associate degree,52005.0,18.1818,499062
High school diploma or equivalent,47244.0,6.7089,499071
High school diploma or equivalent,,-14.2857,499094
High school diploma or equivalent,32025.0,1.9608,499098
High school diploma or equivalent,48243.0,3.0822,499099
Not reported,46718.0,1.2588,510000
High school diploma or equivalent,74241.0,4.8741,511011
High school diploma or equivalent,36587.0,11.8644,512028
High school diploma or equivalent,38889.0,1.9275,512090
No formal educational credential,35294.0,9.8361,513011
No formal educational credential,33567.0,-2.1505,513021
No formal educational credential,33134.0,-5.9783,513023
High school diploma or equivalent,,3.1348,513092
No formal educational credential,36541.0,2.2989,513099
High school diploma or equivalent,47090.0,0.0,514021
High school diploma or equivalent,45333.0,-10.8108,514022
High school diploma or equivalent,44392.0,-6.6667,514031
High school diploma or equivalent,51507.0,9.9548,514041
High school diploma or equivalent,61026.0,0.3527,514072
High school diploma or equivalent,43074.0,4.6729,514081
Postsecondary nondegree award,54158.0,-1.2658,514111
High school diploma or equivalent,46644.0,8.9764,514121
High school diploma or equivalent,45833.0,4.6296,514122
High school diploma or equivalent,,0.0,514191
High school diploma or equivalent,35071.0,-9.6,515112
No formal educational credential,24056.0,2.1898,516011
No formal educational credential,28580.0,-29.1045,516031
High school diploma or equivalent,38648.0,2.1277,517011
High school diploma or equivalent,37227.0,1.3986,517041
High school diploma or equivalent,33017.0,3.2051,517042
High school diploma or equivalent,90787.0,0.0,518012
High school diploma or equivalent,,-14.7826,518013
High school diploma or equivalent,36717.0,0.0,518021
High school diploma or equivalent,45211.0,-5.2448,518031
High school diploma or equivalent,,-4.5455,518092
High school diploma or equivalent,55552.0,-4.0663,519011
High school diploma or equivalent,40081.0,-1.9231,519021
High school diploma or equivalent,52098.0,1.0753,519023
High school diploma or equivalent,38070.0,-5.2632,519041
High school diploma or equivalent,43009.0,2.0234,519061
High school diploma or equivalent,30318.0,0.0,519083
High school diploma or equivalent,41307.0,2.3661,519111
No formal educational credential,,0.0,519123
High school diploma or equivalent,44018.0,9.6939,519124
High school diploma or equivalent,44240.0,-4.1667,519161
Postsecondary nondegree award,,25.0,519162
High school diploma or equivalent,37032.0,2.2222,519195
High school diploma or equivalent,37559.0,-4.1841,519198
High school diploma or equivalent,35244.0,5.0505,519199
Not reported,45971.0,8.1052,530000
Postsecondary nondegree award,125334.0,11.4286,532012
High school diploma or equivalent,36363.0,15.7552,533031
Postsecondary nondegree award,51349.0,7.6693,533032
High school diploma or equivalent,42210.0,10.7283,533033
High school diploma or equivalent,,2.2546,533051
High school diploma or equivalent,34212.0,7.2165,533052
No formal educational credential,26899.0,13.3333,533053
No formal educational credential,25030.0,7.3529,533099
High school diploma or equivalent,,0.0,534011
No formal educational credential,47892.0,3.8151,535011
Postsecondary nondegree award,124089.0,2.6812,535021
No formal educational credential,,1.7544,536031
High school diploma or equivalent,40553.0,15.3846,536032
High school diploma or equivalent,59230.0,14.8148,536051
No formal educational credential,66546.0,-2.5641,537011
High school diploma or equivalent,52533.0,-6.25,537021
No formal educational credential,41768.0,11.922,537051
No formal educational credential,31007.0,5.1756,537061
No formal educational credential,35285.0,6.8944,537062
No formal educational credential,39167.0,24.3243,537063
No formal educational credential,33947.0,3.9326,537064
High school diploma or equivalent,34212.0,9.8888,537065
No formal educational credential,34853.0,3.2258,537081
