SERIALNO,TYPEHUGQ
2022GQ0000029,2
2022GQ0000118,2
2022GQ0000184,3
2022GQ0000384,3
2022GQ0000396,2
2022GQ0000431,2
2022GQ0000809,3
2022GQ0000861,3
2022GQ0000940,3
2022GQ0001033,2
2022GQ0001058,3
2022GQ0001176,3
2022GQ0001212,3
2022GQ0001354,3
2022GQ0001410,3
2022GQ0001465,2
2022GQ0001492,3
2022GQ0001615,3
2022GQ0001650,2
2022GQ0001654,2
2022GQ0001820,2
2022GQ0002053,3
2022GQ0002125,3
2022GQ0002131,3
2022GQ0002141,2
2022GQ0002142,3
2022GQ0002181,3
2022GQ0002211,2
2022GQ0002393,2
2022GQ0002450,3
2022GQ0002481,3
2022GQ0002491,3
2022GQ0002529,3
2022GQ0002624,3
2022GQ0002653,3
2022GQ0002755,3
2022GQ0002993,3
2022GQ0003229,3
2022GQ0003271,3
2022GQ0003274,2
2022GQ0003300,3
2022GQ0003332,3
2022GQ0003339,3
2022GQ0003356,2
2022GQ0003367,2
2022GQ0003491,3
2022GQ0003515,3
2022GQ0003619,3
2022GQ0003654,3
2022GQ0003662,3
2022GQ0003701,3
2022GQ0003924,3
2022GQ0003982,3
2022GQ0004051,2
2022GQ0004054,2
2022GQ0004171,3
2022GQ0004304,2
2022GQ0004310,2
2022GQ0004437,2
2022GQ0004785,2
2022GQ0005017,3
2022GQ0005110,3
2022GQ0005186,3
2022GQ0005292,3
2022GQ0005426,2
2022GQ0005641,3
2022GQ0005642,3
2022GQ0005766,2
2022GQ0005781,3
2022GQ0005856,2
2022GQ0005890,2
2022GQ0005915,2
2022GQ0006063,2
2022GQ0006256,2
2022GQ0006293,2
2022GQ0006316,2
2022GQ0006345,2
2022GQ0006591,3
2022GQ0006673,2
2022GQ0007032,3
2022GQ0007068,3
2022GQ0007144,3
2022GQ0007262,3
2022GQ0007473,2
2022GQ0007666,3
2022GQ0007719,3
2022GQ0007863,2
2022GQ0007988,2
2022GQ0008053,3
2022GQ0008142,2
2022GQ0008194,2
2022GQ0008259,2
2022GQ0008284,2
2022GQ0008511,3
2022GQ0008547,3
2022GQ0008606,2
2022GQ0008607,2
2022GQ0008731,2
2022GQ0008740,3
2022GQ0008754,2
2022GQ0008846,2
2022GQ0008888,3
2022GQ0009149,2
2022GQ0009345,3
2022GQ0009425,2
2022GQ0009569,3
2022GQ0009620,2
2022GQ0009646,2
2022GQ0009901,2
2022GQ0009903,2
2022GQ0009947,3
2022GQ0010046,2
2022GQ0010162,2
2022GQ0010218,2
2022GQ0010272,2
2022GQ0010403,2
2022GQ0010494,3
2022GQ0010522,3
2022GQ0010618,3
2022GQ0011051,3
2022GQ0011159,3
2022GQ0011414,2
2022GQ0011470,3
2022GQ0011610,2
2022GQ0011615,2
2022GQ0011623,2
2022GQ0011638,2
2022GQ0011652,2
2022GQ0011750,3
2022GQ0011825,3
2022GQ0011838,3
2022GQ0011978,3
2022GQ0012083,2
2022GQ0012109,2
2022GQ0012185,3
2022GQ0012400,3
2022GQ0012417,2
2022GQ0012528,3
2022GQ0012538,2
2022GQ0012646,3
2022GQ0012725,3
2022GQ0012906,2
2022GQ0012942,3
2022GQ0013074,2
2022GQ0013275,2
2022GQ0013280,3
2022GQ0013340,2
2022GQ0013597,3
2022GQ0013688,2
2022GQ0013691,2
2022GQ0013699,3
2022GQ0013761,3
2022GQ0013890,2
2022GQ0014179,2
2022GQ0014280,2
2022GQ0014284,3
2022GQ0014308,3
2022GQ0014451,2
2022GQ0014516,3
2022GQ0014611,2
2022GQ0014714,3
2022GQ0014729,2
2022GQ0014733,2
2022GQ0014902,2
2022GQ0014975,2
2022GQ0015190,3
2022GQ0015255,3
2022GQ0015279,2
2022GQ0015398,3
2022GQ0015404,2
2022GQ0015430,2
2022GQ0015680,3
2022GQ0015758,2
2022GQ0015867,2
2022GQ0015939,2
2022GQ0016016,3
2022GQ0016345,3
2022GQ0016476,3
2022GQ0016530,3
2022GQ0016634,2
2022GQ0016636,3
2022GQ0016648,3
2022GQ0016810,2
2022GQ0016845,3
2022GQ0016865,2
2022GQ0016878,3
2022GQ0017090,2
2022GQ0017247,3
2022GQ0017286,3
2022GQ0017409,2
2022GQ0017421,2
2022GQ0017522,3
2022GQ0017612,3
2022GQ0017727,2
2022GQ0017743,3
2022GQ0017754,3
2022GQ0017762,2
2022GQ0017828,2
2022GQ0018018,3
2022GQ0018040,2
2022GQ0018061,3
2022GQ0018065,3
2022GQ0018070,2
2022GQ0018078,3
2022GQ0018117,2
2022GQ0018128,2
2022GQ0018153,2
2022GQ0018186,2
2022GQ0018196,3
2022GQ0018328,3
2022GQ0018487,2
2022GQ0018506,2
2022GQ0018530,2
2022GQ0018606,2
2022GQ0018640,3
2022GQ0018658,2
2022GQ0018785,3
2022GQ0018812,3
2022GQ0018937,3
2022GQ0019118,3
2022GQ0019122,3
2022GQ0019216,3
2022GQ0019372,3
2022GQ0019688,3
2022GQ0019938,2
2022GQ0019994,3
2022GQ0020015,3
2022GQ0020062,3
2022GQ0020095,2
2022GQ0020146,3
2022GQ0020156,2
2022GQ0020228,2
2022GQ0020373,3
2022GQ0020525,2
2022GQ0020628,3
2022GQ0020808,3
2022GQ0020811,2
2022GQ0021111,2
2022GQ0021154,2
2022GQ0021191,3
2022GQ0021360,2
2022GQ0021372,2
2022GQ0021651,2
2022GQ0021678,3
2022GQ0021902,2
2022GQ0021950,2
2022GQ0021961,2
2022GQ0022004,2
2022GQ0022022,2
2022GQ0022125,2
2022GQ0022167,2
2022GQ0022219,3
2022GQ0022232,2
2022GQ0022429,2
2022GQ0022568,3
2022GQ0022596,2
2022GQ0022743,3
2022GQ0022840,2
2022GQ0022935,2
2022GQ0023085,2
2022GQ0023086,2
2022GQ0023097,2
2022GQ0023226,2
2022GQ0023315,2
2022GQ0023321,3
2022GQ0023391,3
2022GQ0023672,3
2022GQ0023849,3
2022GQ0023920,3
2022GQ0023973,2
2022GQ0024024,3
2022GQ0024069,2
2022GQ0024102,3
2022GQ0024130,2
2022GQ0024191,3
2022GQ0024215,2
2022GQ0024245,2
2022GQ0024263,3
2022GQ0024317,2
2022GQ0024412,2
2022GQ0024457,2
2022GQ0024461,3
2022GQ0024464,2
2022GQ0024592,3
2022GQ0024913,3
2022GQ0025155,2
2022GQ0025184,2
2022GQ0025228,2
2022GQ0025258,3
2022GQ0025269,2
2022GQ0025314,3
2022GQ0025335,2
2022GQ0025541,3
2022GQ0025684,3
2022GQ0025726,2
2022GQ0025747,2
2022GQ0025755,3
2022GQ0025773,3
2022GQ0025777,2
2022GQ0025789,2
2022GQ0025811,2
2022GQ0025827,3
2022GQ0025881,2
2022GQ0025898,3
2022GQ0025996,2
2022GQ0026011,3
2022GQ0026059,3
2022GQ0026134,3
2022GQ0026194,3
2022GQ0026430,2
2022GQ0026742,2
2022GQ0026767,3
2022GQ0026829,3
2022GQ0026840,2
2022GQ0026854,2
2022GQ0026963,2
2022GQ0027042,2
2022GQ0027052,2
2022GQ0027218,3
2022GQ0027286,2
2022GQ0027296,3
2022GQ0027463,2
2022GQ0027520,3
2022GQ0027693,2
2022GQ0027735,2
2022GQ0027837,2
2022GQ0027927,2
2022GQ0027980,3
2022GQ0028164,2
2022GQ0028308,2
2022GQ0028349,3
2022GQ0028355,2
2022GQ0028380,2
2022GQ0028387,2
2022GQ0028577,2
2022GQ0028645,2
2022GQ0028778,2
2022GQ0028843,2
2022GQ0028950,2
2022GQ0029236,2
2022GQ0029262,2
2022GQ0029297,2
2022GQ0029407,2
2022GQ0029445,3
2022GQ0029517,2
2022GQ0029566,2
2022GQ0029639,3
2022GQ0029656,3
2022GQ0029702,3
2022GQ0029725,3
2022GQ0029737,2
2022GQ0029884,3
2022GQ0029939,3
2022GQ0030107,2
2022GQ0030133,3
2022GQ0030168,3
2022GQ0030236,2
2022GQ0030412,3
2022GQ0030462,3
2022GQ0030489,2
2022GQ0030508,2
2022GQ0030529,3
2022GQ0030547,2
2022GQ0030602,2
2022GQ0030609,2
2022GQ0030717,3
2022GQ0030802,3
2022GQ0030808,2
2022GQ0030864,2
2022GQ0030882,3
2022GQ0030885,3
2022GQ0030942,2
2022GQ0030977,3
2022GQ0031016,3
2022GQ0031079,3
2022GQ0031161,2
2022GQ0031331,2
2022GQ0031355,2
2022GQ0031402,3
2022GQ0031600,3
2022GQ0031693,2
2022GQ0031710,3
2022GQ0031770,3
2022GQ0031773,2
2022GQ0031881,2
2022GQ0031908,2
2022GQ0031969,2
2022GQ0032028,2
2022GQ0032131,2
2022GQ0032203,2
2022GQ0032217,3
2022GQ0032366,3
2022GQ0032430,3
2022GQ0032630,3
2022GQ0032716,2
2022GQ0032829,3
2022GQ0032873,3
2022GQ0032899,3
2022GQ0032914,2
2022GQ0032934,2
2022GQ0033011,3
2022GQ0033185,3
2022GQ0033400,3
2022GQ0033436,3
2022GQ0033528,2
2022GQ0033552,3
2022GQ0033555,2
2022GQ0033649,2
2022GQ0033766,3
2022GQ0033830,3
2022GQ0033950,2
2022GQ0034007,2
2022GQ0034052,2
2022GQ0034129,2
2022GQ0034187,2
2022GQ0034290,2
2022GQ0034355,2
2022GQ0034378,2
2022GQ0034423,2
2022GQ0034529,3
2022GQ0034639,2
2022GQ0034673,2
2022GQ0034675,3
2022GQ0034737,2
2022GQ0034774,3
2022GQ0035111,3
2022GQ0035284,2
2022GQ0035328,3
2022GQ0035369,2
2022GQ0035406,2
2022GQ0035409,3
2022GQ0035512,3
2022GQ0035637,2
2022GQ0035653,3
2022GQ0035664,3
2022GQ0035861,3
2022GQ0035864,3
2022GQ0035918,2
2022GQ0035938,3
2022GQ0036042,3
2022GQ0036165,3
2022GQ0036174,3
2022GQ0036254,2
2022GQ0036268,2
2022GQ0036288,3
2022GQ0036353,2
2022GQ0036420,2
2022GQ0036425,2
2022GQ0036432,2
2022GQ0036717,2
2022GQ0036892,3
2022GQ0036908,2
2022GQ0037120,3
2022GQ0037203,2
2022GQ0037219,2
2022GQ0037270,3
2022GQ0037300,3
2022GQ0037313,2
2022GQ0037375,3
2022GQ0037389,2
2022GQ0037392,3
2022GQ0037770,3
2022GQ0037916,2
2022GQ0037941,3
2022GQ0038207,2
2022GQ0038385,2
2022GQ0038571,2
2022GQ0038578,3
2022GQ0038588,3
2022GQ0038907,3
2022GQ0039317,3
2022GQ0039460,3
2022GQ0039630,3
2022GQ0039906,3
2022GQ0040053,2
2022GQ0040177,2
2022GQ0040231,3
2022GQ0040321,3
2022GQ0040352,2
2022GQ0040401,3
2022GQ0040437,3
2022GQ0040794,2
2022GQ0040822,3
2022GQ0040872,3
2022GQ0040932,3
2022GQ0040961,2
2022GQ0040963,3
2022GQ0040987,2
2022GQ0041074,2
2022GQ0041154,3
2022GQ0041209,2
2022GQ0041425,3
2022GQ0041659,3
2022GQ0041661,2
2022GQ0041676,3
2022GQ0041802,2
2022GQ0041975,3
2022GQ0042203,3
2022GQ0042348,3
2022GQ0042594,3
2022GQ0042606,2
2022GQ0042672,3
2022GQ0042722,2
2022GQ0042871,3
2022GQ0042881,2
2022GQ0042943,2
2022GQ0043084,3
2022GQ0043161,3
2022GQ0043185,3
2022GQ0043316,2
2022GQ0043380,3
2022GQ0043460,2
2022GQ0043531,2
2022GQ0043536,3
2022GQ0043718,2
2022GQ0043768,2
2022GQ0043839,2
2022GQ0043920,2
2022GQ0043958,3
2022GQ0044045,3
2022GQ0044141,2
2022GQ0044185,2
2022GQ0044189,2
2022GQ0044289,3
2022GQ0044306,2
2022GQ0044390,3
2022GQ0044498,3
2022GQ0044769,2
2022GQ0044904,3
2022GQ0044931,2
2022GQ0045058,2
2022GQ0045063,3
2022GQ0045072,2
2022GQ0045074,3
2022GQ0045131,3
2022GQ0045195,2
2022GQ0045333,2
2022GQ0045504,3
2022GQ0045565,2
2022GQ0045569,3
2022GQ0045580,3
2022GQ0045585,3
2022GQ0045597,2
2022GQ0045653,2
2022GQ0045714,3
2022GQ0045718,2
2022GQ0045773,3
2022GQ0045962,2
2022GQ0046028,3
2022GQ0046204,3
2022GQ0046205,3
2022GQ0046331,3
2022GQ0046358,3
2022GQ0046401,3
2022GQ0046435,3
2022GQ0046465,2
2022GQ0046483,2
2022GQ0046634,2
2022GQ0046770,2
2022GQ0046835,3
2022GQ0046870,3
2022GQ0046892,3
2022GQ0046965,3
2022GQ0046984,2
2022GQ0047118,3
2022GQ0047122,2
2022GQ0047176,3
2022GQ0047218,2
2022GQ0047285,2
2022GQ0047356,2
2022GQ0047379,3
2022GQ0047510,3
2022GQ0047752,3
2022GQ0047801,3
2022GQ0047851,2
2022GQ0047947,3
2022GQ0047994,2
2022GQ0048052,3
2022GQ0048172,3
2022GQ0048379,2
2022GQ0048476,3
2022GQ0048490,3
2022GQ0048609,3
2022GQ0048660,2
2022GQ0048698,2
2022GQ0048713,2
2022GQ0048722,3
2022GQ0048767,2
2022GQ0048892,2
2022GQ0048893,2
2022GQ0048920,2
2022GQ0048949,2
2022GQ0048958,3
2022GQ0048962,2
2022GQ0049099,2
2022GQ0049235,3
2022GQ0049271,3
2022GQ0049401,3
2022GQ0049655,2
2022GQ0049742,3
2022GQ0049822,2
2022GQ0049842,2
2022GQ0049886,3
2022GQ0050004,3
2022GQ0050047,2
2022GQ0050095,2
2022GQ0050162,2
2022GQ0050211,3
2022GQ0050238,2
2022GQ0050428,3
2022GQ0050596,3
2022GQ0050607,2
2022GQ0050633,2
2022GQ0050642,3
2022GQ0050665,3
2022GQ0050737,2
2022GQ0050744,2
2022GQ0050749,3
2022GQ0050884,3
2022GQ0050929,3
2022GQ0050941,2
2022GQ0051029,3
2022GQ0051045,3
2022GQ0051095,3
2022GQ0051199,2
2022GQ0051224,3
2022GQ0051250,2
2022GQ0051332,2
2022GQ0051431,3
2022GQ0051514,2
2022GQ0051518,2
2022GQ0051663,2
2022GQ0051717,2
2022GQ0051729,3
2022GQ0051733,3
2022GQ0051911,3
2022GQ0051962,3
2022GQ0052035,2
2022GQ0052250,2
2022GQ0052359,2
2022GQ0052361,3
2022GQ0052503,3
2022GQ0052543,2
2022GQ0052624,3
2022GQ0052736,3
2022GQ0052742,2
2022GQ0052775,2
2022GQ0052923,2
2022GQ0052931,3
2022GQ0053035,3
2022GQ0053098,3
2022GQ0053103,3
2022GQ0053250,3
2022GQ0053260,3
2022GQ0053463,2
2022GQ0053467,2
2022GQ0053606,3
2022GQ0053680,2
2022GQ0053721,2
2022GQ0053759,2
2022GQ0053777,2
2022GQ0053783,3
2022GQ0053859,2
2022GQ0054098,2
2022GQ0054103,3
2022GQ0054106,3
2022GQ0054208,3
2022GQ0054432,3
2022GQ0054495,2
2022GQ0054509,3
2022GQ0054538,2
2022GQ0054706,2
2022GQ0054835,3
2022GQ0055014,3
2022GQ0055047,2
2022GQ0055339,3
2022GQ0055408,3
2022GQ0055436,2
2022GQ0055733,2
2022GQ0055765,3
2022GQ0055780,2
2022GQ0055808,2
2022GQ0055883,3
2022GQ0055910,3
2022GQ0055915,2
2022GQ0055933,3
2022GQ0056024,2
2022GQ0056127,3
2022GQ0056179,3
2022GQ0056281,2
2022GQ0056290,3
2022GQ0056330,2
2022GQ0056442,2
2022GQ0056763,2
2022GQ0056770,3
2022GQ0056820,2
2022GQ0056874,3
2022GQ0057114,2
2022GQ0057294,2
2022GQ0057380,2
2022GQ0057381,3
2022GQ0057570,2
2022GQ0057595,2
2022GQ0057617,3
2022GQ0057631,3
2022GQ0057692,2
2022GQ0057863,3
2022GQ0057868,3
2022GQ0057919,3
2022GQ0057924,3
2022GQ0057989,3
2022GQ0058146,3
2022GQ0058218,3
2022GQ0058322,3
2022GQ0058409,2
2022GQ0058553,2
2022GQ0058613,3
2022GQ0058715,3
2022GQ0058725,2
2022GQ0058742,3
2022GQ0058746,2
2022GQ0058796,2
2022GQ0058865,3
2022GQ0058985,3
2022GQ0059073,3
2022GQ0059076,3
2022GQ0059129,3
2022GQ0059160,3
2022GQ0059206,2
2022GQ0059451,3
2022GQ0059458,2
2022GQ0059635,2
2022GQ0059646,3
2022GQ0059657,2
2022GQ0059867,3
2022GQ0059880,3
2022GQ0059938,2
2022GQ0060179,3
2022GQ0060311,2
2022GQ0060413,2
2022GQ0060414,3
2022GQ0060460,3
2022GQ0060480,2
2022GQ0060560,2
2022GQ0060648,2
2022GQ0060700,3
2022GQ0060800,3
2022GQ0060901,3
2022GQ0061124,2
2022GQ0061394,2
2022GQ0061488,2
2022GQ0061507,2
2022GQ0061548,2
2022GQ0061612,3
2022GQ0061731,2
2022GQ0061827,3
2022GQ0061843,2
2022GQ0061901,3
2022GQ0061970,2
2022GQ0062033,3
2022GQ0062035,2
2022GQ0062114,3
2022GQ0062222,2
2022GQ0062248,2
2022GQ0062392,2
2022GQ0062441,2
2022GQ0062442,3
2022GQ0062494,2
2022GQ0062551,2
2022GQ0062600,2
2022GQ0062611,2
2022GQ0062625,3
2022GQ0062863,3
2022GQ0062868,3
2022GQ0063037,2
2022GQ0063092,2
2022GQ0063426,2
2022GQ0063546,2
2022GQ0063602,2
2022GQ0063698,2
2022GQ0063869,3
2022GQ0063912,3
2022GQ0064042,2
2022GQ0064094,3
2022GQ0064142,2
2022GQ0064220,3
2022GQ0064252,3
2022GQ0064279,3
2022GQ0064403,3
2022GQ0064407,2
2022GQ0064447,3
2022GQ0064584,2
2022GQ0064656,2
2022GQ0064659,3
2022GQ0064673,2
2022GQ0064920,2
2022GQ0064945,2
2022GQ0064960,2
2022GQ0064972,2
2022GQ0064996,2
2022GQ0065070,3
2022GQ0065097,2
2022GQ0065128,2
2022GQ0065378,2
2022GQ0065475,3
2022GQ0065511,3
2022GQ0065589,2
2022GQ0065622,3
2022GQ0065831,2
2022GQ0065903,2
2022GQ0065906,2
2022GQ0065918,2
2022GQ0066030,2
2022GQ0066177,2
2022GQ0066178,2
2022GQ0066229,3
2022GQ0066373,2
2022GQ0066434,2
2022GQ0066435,3
2022GQ0066473,2
2022GQ0066492,2
2022GQ0066618,3
2022GQ0066653,3
2022GQ0066683,3
2022GQ0066699,3
2022GQ0066701,3
2022GQ0066719,2
2022GQ0066782,3
2022GQ0066800,2
2022GQ0066895,3
2022GQ0066915,2
2022GQ0067015,3
2022GQ0067029,3
2022GQ0067162,3
2022GQ0067170,3
2022GQ0067269,2
2022GQ0067357,2
2022GQ0067441,3
2022GQ0067463,2
2022GQ0067547,2
2022GQ0068009,3
2022GQ0068057,3
2022GQ0068086,3
2022GQ0068097,2
2022GQ0068113,2
2022GQ0068117,3
2022GQ0068150,3
2022GQ0068237,3
2022GQ0068271,3
2022GQ0068383,3
2022GQ0068424,3
2022GQ0068487,2
2022GQ0068619,2
2022GQ0068704,2
2022GQ0068867,2
2022GQ0068933,3
2022GQ0068938,2
2022GQ0069017,2
2022GQ0069080,3
2022GQ0069111,2
2022GQ0069221,3
2022GQ0069273,3
2022GQ0069477,3
2022GQ0069516,3
2022GQ0069601,3
2022GQ0069611,3
2022GQ0069677,3
2022GQ0069682,3
2022GQ0069877,2
2022GQ0069879,2
2022GQ0069941,2
2022GQ0069951,3
2022GQ0069999,2
2022GQ0070100,3
2022GQ0070443,3
2022GQ0070504,2
2022GQ0070655,2
2022GQ0070734,2
2022GQ0070748,2
2022GQ0070884,2
2022GQ0070903,2
2022GQ0070919,2
2022GQ0071045,3
2022GQ0071124,3
2022GQ0071171,2
2022GQ0071276,2
2022GQ0071349,3
2022GQ0071415,3
2022GQ0071425,2
2022GQ0071485,2
2022GQ0071596,2
2022GQ0071600,2
2022GQ0071969,2
2022GQ0071993,3
2022GQ0072165,3
2022GQ0072442,2
2022GQ0072448,2
2022GQ0072494,2
2022GQ0072502,2
2022GQ0072584,2
2022GQ0072587,3
2022GQ0072668,3
2022GQ0072993,2
2022GQ0073002,2
2022GQ0073017,3
2022GQ0073151,3
2022GQ0073301,3
2022GQ0073512,3
2022GQ0073613,3
2022GQ0073633,3
2022GQ0073826,3
2022GQ0073882,2
2022GQ0073883,2
2022GQ0073903,3
2022GQ0074056,2
2022GQ0074212,3
2022GQ0074252,3
2022GQ0074264,2
2022GQ0074306,3
2022GQ0074504,2
2022GQ0074743,2
2022GQ0074857,2
2022GQ0074935,2
2022GQ0074974,2
2022GQ0074997,3
2022GQ0075039,3
2022GQ0075235,3
2022GQ0075453,2
2022GQ0075540,3
2022GQ0075565,2
2022GQ0075593,2
2022GQ0075607,2
2022GQ0075656,2
2022GQ0075676,2
2022GQ0075803,2
2022GQ0075928,2
2022GQ0075945,2
2022GQ0076095,2
2022GQ0076295,2
2022GQ0076376,3
2022GQ0076525,3
2022GQ0076676,2
2022GQ0076890,2
2022GQ0076896,2
2022GQ0076937,2
2022GQ0076948,2
2022GQ0076957,3
2022GQ0077128,2
2022GQ0077278,2
2022GQ0077356,2
2022GQ0077536,2
2022GQ0077588,3
2022GQ0077609,2
2022GQ0077713,3
2022GQ0077723,2
2022GQ0077876,2
2022GQ0078022,2
2022GQ0078113,3
2022GQ0078197,3
2022GQ0078203,3
2022GQ0078219,2
2022GQ0078277,3
2022GQ0078321,2
2022GQ0078324,3
2022GQ0078484,2
2022GQ0078564,2
2022GQ0078579,3
2022GQ0078596,2
2022GQ0078603,2
2022GQ0079049,2
2022GQ0079153,2
2022GQ0079388,2
2022GQ0079615,2
2022GQ0079639,2
2022GQ0079650,3
2022GQ0079672,3
2022GQ0079861,3
2022GQ0079940,2
2022GQ0079992,2
2022GQ0080020,3
2022GQ0080083,3
2022GQ0080161,2
2022GQ0080316,2
2022GQ0080380,3
2022GQ0080423,3
2022GQ0080443,2
2022GQ0080495,3
2022GQ0080541,2
2022GQ0080710,3
2022GQ0080839,3
2022GQ0080869,3
2022GQ0081017,2
2022GQ0081065,3
2022GQ0081101,3
2022GQ0081208,2
2022GQ0081510,2
2022GQ0081942,2
2022GQ0082108,3
2022GQ0082151,3
2022GQ0082208,3
2022GQ0082239,3
2022GQ0082415,2
2022GQ0082451,3
2022GQ0082473,3
2022GQ0082629,3
2022GQ0082751,3
2022GQ0082890,3
2022GQ0082933,2
2022GQ0083062,2
2022GQ0083169,3
2022GQ0083170,3
2022GQ0083297,2
2022GQ0083305,2
2022GQ0083384,2
2022GQ0083413,2
2022GQ0083713,2
2022GQ0083776,2
2022GQ0083825,3
2022GQ0083881,2
2022GQ0083914,3
2022GQ0083917,3
2022GQ0084038,3
2022GQ0084090,2
2022GQ0084389,2
2022GQ0084532,3
2022GQ0084618,3
2022GQ0084620,3
2022GQ0084697,3
2022GQ0084749,3
2022GQ0084807,2
2022GQ0085112,3
2022GQ0085121,3
2022GQ0085124,3
2022GQ0085183,3
2022GQ0085269,3
2022GQ0085378,3
2022GQ0085384,2
2022GQ0085442,2
2022GQ0085637,3
2022GQ0085717,2
2022GQ0085790,3
2022GQ0086032,2
2022GQ0086037,2
2022GQ0086044,2
2022GQ0086173,3
2022GQ0086215,2
2022GQ0086251,3
2022GQ0086485,2
2022GQ0086519,3
2022GQ0086551,2
2022GQ0086628,2
2022GQ0086661,2
2022GQ0086675,3
2022GQ0086766,2
2022GQ0086867,2
2022GQ0086911,2
2022GQ0086946,3
2022GQ0086952,2
2022GQ0087022,3
2022GQ0087287,3
2022GQ0087323,2
2022GQ0087379,2
2022GQ0087443,3
2022GQ0087539,2
2022GQ0087723,3
2022GQ0087767,2
2022GQ0087812,2
2022GQ0087916,3
2022GQ0087955,2
2022GQ0087998,2
2022GQ0088079,2
2022GQ0088125,3
2022GQ0088168,3
2022GQ0088176,3
2022GQ0088238,2
2022GQ0088279,3
2022GQ0088309,2
2022GQ0088328,2
2022GQ0088367,2
2022GQ0088512,3
2022GQ0088513,3
2022GQ0088564,3
2022GQ0088689,3
2022GQ0088718,3
2022GQ0088816,3
2022GQ0088866,2
2022GQ0088939,2
2022GQ0088979,3
2022GQ0089021,3
2022GQ0089030,3
2022GQ0089093,3
2022GQ0089162,3
2022GQ0089189,2
2022GQ0089408,3
2022GQ0089898,2
2022GQ0090016,2
2022GQ0090111,2
2022GQ0090128,3
2022GQ0090195,2
2022GQ0090238,3
2022GQ0090396,2
2022GQ0090485,2
2022GQ0090552,3
2022GQ0090563,2
2022GQ0090697,3
2022GQ0090745,3
2022GQ0091018,3
2022GQ0091057,3
2022GQ0091191,3
2022GQ0091479,2
2022GQ0091497,3
2022GQ0091506,2
2022GQ0091554,2
2022GQ0091555,3
2022GQ0091606,2
2022GQ0091790,3
2022GQ0091798,3
2022GQ0091868,2
2022GQ0091894,3
2022GQ0091938,3
2022GQ0092084,2
2022GQ0092185,3
2022GQ0092276,2
2022GQ0092349,2
2022GQ0092580,3
2022GQ0092600,2
2022GQ0092620,3
2022GQ0092653,2
2022GQ0092656,2
2022GQ0092668,2
2022GQ0092840,2
2022GQ0092937,2
2022GQ0093016,2
2022GQ0093046,3
2022GQ0093077,3
2022GQ0093103,2
2022GQ0093216,2
2022GQ0093227,3
2022GQ0093238,3
2022GQ0093329,2
2022GQ0093333,3
2022GQ0093379,2
2022GQ0093383,3
2022GQ0093765,2
2022GQ0093956,2
2022GQ0093994,2
2022GQ0094025,2
2022GQ0094053,3
2022GQ0094150,3
2022GQ0094408,2
2022GQ0094508,2
2022GQ0094550,2
2022GQ0094673,2
2022GQ0094785,2
2022GQ0094822,3
2022GQ0094829,2
2022GQ0094858,2
2022GQ0095039,2
2022GQ0095100,3
2022GQ0095144,3
2022GQ0095159,3
2022GQ0095311,2
2022GQ0095501,3
2022GQ0095590,2
2022GQ0095612,3
2022GQ0095687,2
2022GQ0095738,3
2022GQ0095781,3
2022GQ0095931,3
2022GQ0095994,3
2022GQ0096158,2
2022GQ0096184,2
2022GQ0096280,2
2022GQ0096352,3
2022GQ0096365,2
2022GQ0096402,2
2022GQ0096548,2
2022GQ0096597,2
2022GQ0096686,3
2022GQ0096720,3
2022GQ0096856,2
2022GQ0096955,3
2022GQ0096967,3
2022GQ0097055,2
2022GQ0097151,2
2022GQ0097163,3
2022GQ0097245,3
2022GQ0097281,2
2022GQ0097345,3
2022GQ0097423,3
2022GQ0097652,2
2022GQ0097728,2
2022GQ0097768,2
2022GQ0097892,2
2022GQ0097988,3
2022GQ0098014,2
2022GQ0098142,2
2022GQ0098207,3
2022GQ0098454,3
2022GQ0098457,3
2022GQ0098719,2
2022GQ0098782,3
2022GQ0098806,2
2022GQ0098880,3
2022GQ0099098,2
2022GQ0099238,3
2022GQ0099356,3
2022GQ0099543,3
2022GQ0099577,2
2022GQ0099585,2
2022GQ0099599,3
2022GQ0099665,3
2022GQ0099706,2
2022GQ0099712,3
2022GQ0099944,3
2022GQ0100079,3
2022GQ0100123,3
2022GQ0100181,2
2022GQ0100252,2
2022GQ0100255,3
2022GQ0100711,2
2022GQ0100768,2
2022GQ0100848,2
2022GQ0101012,3
2022GQ0101075,2
2022GQ0101120,2
2022GQ0101263,2
2022GQ0101339,3
2022GQ0101524,2
2022GQ0101526,2
2022GQ0101536,3
2022GQ0101704,2
2022GQ0101766,2
2022GQ0101850,2
2022GQ0101923,3
2022GQ0102108,2
2022GQ0102114,2
2022GQ0102202,2
2022GQ0102361,2
2022GQ0102372,2
2022GQ0102424,3
2022GQ0102462,2
2022GQ0102495,2
2022GQ0102497,2
2022GQ0102586,3
2022GQ0102603,3
2022GQ0102746,3
2022GQ0102764,2
2022GQ0102818,3
2022GQ0102868,2
2022GQ0102885,3
2022GQ0103024,2
2022GQ0103362,2
2022GQ0103412,2
2022GQ0103501,3
2022GQ0103549,2
2022GQ0103583,3
2022GQ0103682,3
2022GQ0103714,2
2022GQ0103878,3
2022GQ0103982,3
2022GQ0104032,3
2022GQ0104047,2
2022GQ0104139,3
2022GQ0104187,3
2022GQ0104250,3
2022GQ0104384,3
2022GQ0104446,3
2022GQ0104501,3
2022GQ0104610,3
2022GQ0104630,3
2022GQ0104680,3
2022GQ0104806,3
2022GQ0104842,2
2022GQ0104886,2
2022GQ0104894,2
2022GQ0104965,3
2022GQ0105088,2
2022GQ0105185,3
2022GQ0105205,2
2022GQ0105308,3
2022GQ0105370,2
2022GQ0105410,3
2022GQ0105440,2
2022GQ0105533,3
2022GQ0105593,2
2022GQ0105653,2
2022GQ0105719,3
2022GQ0105892,3
2022GQ0105936,3
2022GQ0106096,2
2022GQ0106111,2
2022GQ0106133,3
2022GQ0106159,3
2022GQ0106166,2
2022GQ0106315,3
2022GQ0106365,2
2022GQ0106372,2
2022GQ0106377,3
2022GQ0106409,2
2022GQ0106458,2
2022GQ0106464,2
2022GQ0106567,3
2022GQ0106620,2
2022GQ0106687,2
2022GQ0106690,3
2022GQ0106706,2
2022GQ0106725,2
2022GQ0106779,2
2022GQ0106844,2
2022GQ0106847,3
2022GQ0107201,3
2022GQ0107270,2
2022GQ0107353,3
2022GQ0107373,2
2022GQ0107406,2
2022GQ0107443,2
2022GQ0107567,3
2022GQ0107717,3
2022GQ0107743,3
2022GQ0107806,2
2022GQ0107925,2
2022GQ0108103,3
2022GQ0108106,3
2022GQ0108166,2
2022GQ0108179,3
2022GQ0108217,2
2022GQ0108241,2
2022GQ0108315,3
2022GQ0108334,3
2022GQ0108434,2
2022GQ0108440,3
2022GQ0108540,2
2022GQ0108637,3
2022GQ0108789,3
2022GQ0108875,3
2022GQ0108886,2
2022GQ0109008,2
2022GQ0109025,3
2022GQ0109064,2
2022GQ0109092,2
2022GQ0109231,2
2022GQ0109326,2
2022GQ0109365,2
2022GQ0109366,2
2022GQ0109545,2
2022GQ0109572,2
2022GQ0109659,2
2022GQ0109671,2
2022GQ0109673,2
2022GQ0109875,2
2022GQ0109892,2
2022GQ0110056,2
2022GQ0110108,2
2022GQ0110128,2
2022GQ0110133,2
2022GQ0110171,2
2022GQ0110294,2
2022GQ0110312,2
2022GQ0110503,2
2022GQ0110515,3
2022GQ0110739,3
2022GQ0110754,2
2022GQ0110841,2
2022GQ0111005,2
2022GQ0111150,2
2022GQ0111216,2
2022GQ0111966,3
2022GQ0112150,2
2022GQ0112200,2
2022GQ0112450,2
2022GQ0112593,2
2022GQ0112668,3
2022GQ0112702,3
2022GQ0112839,2
2022GQ0112958,2
2022GQ0113070,3
2022GQ0113331,2
2022GQ0113412,3
2022GQ0113560,2
2022GQ0113585,3
2022GQ0113593,2
2022GQ0113627,3
2022GQ0113671,2
2022GQ0113797,3
2022GQ0113833,3
2022GQ0113909,2
2022GQ0113925,2
2022GQ0113959,2
2022GQ0114013,2
2022GQ0114065,2
2022GQ0114107,3
2022GQ0114154,3
2022GQ0114155,3
2022GQ0114439,3
2022GQ0114465,2
2022GQ0114500,3
2022GQ0114523,2
2022GQ0114547,3
2022GQ0114667,2
2022GQ0114670,2
2022GQ0114674,3
2022GQ0114702,2
2022GQ0114703,2
2022GQ0114731,3
2022GQ0114748,3
2022GQ0114990,3
2022GQ0115006,2
2022GQ0115116,3
2022GQ0115232,2
2022GQ0115341,2
2022GQ0115466,3
2022GQ0115634,2
2022GQ0115757,3
2022GQ0115789,3
2022GQ0115827,3
2022GQ0115868,2
2022GQ0115885,2
2022GQ0115962,2
2022GQ0116008,2
2022GQ0116027,2
2022GQ0116032,3
2022GQ0116126,3
2022GQ0116184,3
2022GQ0116217,2
2022GQ0116292,3
2022GQ0116317,2
2022GQ0116432,2
2022GQ0116537,3
2022GQ0116560,2
2022GQ0116659,2
2022GQ0116669,3
2022GQ0116684,2
2022GQ0116696,3
2022GQ0116733,2
2022GQ0116861,3
2022GQ0117024,2
2022GQ0117048,2
2022GQ0117407,2
2022GQ0117411,3
2022GQ0117580,2
2022GQ0117603,2
2022GQ0117799,2
2022GQ0117811,3
2022GQ0117946,2
2022GQ0118005,3
2022GQ0118070,3
2022GQ0118122,3
2022GQ0118202,3
2022GQ0118209,2
2022GQ0118294,3
2022GQ0118332,2
2022GQ0118494,3
2022GQ0118582,2
2022GQ0118601,3
2022GQ0118648,3
2022GQ0118680,3
2022GQ0118693,2
2022GQ0118702,3
2022GQ0118779,3
2022GQ0118969,2
2022GQ0119002,3
2022GQ0119069,2
2022GQ0119401,2
2022GQ0119479,2
2022GQ0119484,2
2022GQ0119536,3
2022GQ0119794,2
2022GQ0119885,3
2022GQ0119943,3
2022GQ0119944,3
2022GQ0119945,2
2022GQ0120038,3
2022GQ0120043,3
2022GQ0120053,2
2022GQ0120080,2
2022GQ0120155,2
2022GQ0120167,2
2022GQ0120187,3
2022GQ0120230,3
2022GQ0120266,2
2022GQ0120284,3
2022GQ0120359,2
2022GQ0120361,2
2022GQ0120366,2
2022GQ0120368,2
2022GQ0120382,3
2022GQ0120590,2
2022GQ0120597,3
2022GQ0120606,2
2022GQ0120771,3
2022GQ0120797,2
2022GQ0120837,3
2022GQ0120847,2
2022GQ0120856,3
2022GQ0121027,2
2022GQ0121039,3
2022GQ0121095,3
2022GQ0121111,2
2022GQ0121274,2
2022GQ0121345,2
2022GQ0121352,2
2022GQ0121498,2
2022GQ0121789,3
2022GQ0122015,2
2022GQ0122050,3
2022GQ0122140,3
2022GQ0122233,2
2022GQ0122436,3
2022GQ0122475,2
2022GQ0122534,2
2022GQ0122570,3
2022GQ0122585,3
2022GQ0122656,3
2022GQ0122674,2
2022GQ0122687,2
2022GQ0122708,2
2022GQ0122828,3
2022GQ0122857,3
2022GQ0123107,2
2022GQ0123208,2
2022GQ0123243,3
2022GQ0123261,3
2022GQ0123308,2
2022GQ0123359,3
2022GQ0123391,2
2022GQ0123526,3
2022GQ0123665,2
2022GQ0123726,3
2022GQ0123816,2
2022GQ0123837,3
2022GQ0123846,3
2022GQ0123885,2
2022GQ0123930,2
2022GQ0123947,2
2022GQ0124025,3
2022GQ0124100,3
2022GQ0124121,3
2022GQ0124228,3
2022GQ0124264,3
2022GQ0124272,3
2022GQ0124291,3
2022GQ0124385,2
2022GQ0124402,3
2022GQ0124456,2
2022GQ0124847,3
2022GQ0124850,2
2022GQ0124873,3
2022GQ0125127,2
2022GQ0125168,2
2022GQ0125367,2
2022GQ0125459,3
2022GQ0125516,2
2022GQ0125675,2
2022GQ0125705,2
2022GQ0125820,2
2022GQ0126011,2
2022GQ0126037,2
2022GQ0126078,3
2022GQ0126164,3
2022GQ0126177,3
2022GQ0126375,3
2022GQ0126454,2
2022GQ0126469,2
2022GQ0126608,2
2022GQ0126747,2
2022GQ0126772,3
2022GQ0126816,2
2022GQ0126856,2
2022GQ0126930,2
2022GQ0127020,3
2022GQ0127072,3
2022GQ0127253,2
2022GQ0127341,3
2022GQ0127414,3
2022GQ0127447,2
2022GQ0127456,2
2022GQ0127460,3
2022GQ0127522,3
2022GQ0127524,2
2022GQ0127928,3
2022GQ0128073,3
2022GQ0128214,3
2022GQ0128306,2
2022GQ0128360,2
2022GQ0128512,3
2022GQ0128529,2
2022GQ0128569,2
2022GQ0128845,2
2022GQ0128903,3
2022GQ0129159,3
2022GQ0129197,3
2022GQ0129248,2
2022GQ0129332,2
2022GQ0129388,2
2022GQ0129576,2
2022GQ0129648,3
2022GQ0129704,3
2022GQ0129719,3
2022GQ0129856,2
2022GQ0129965,2
2022GQ0130032,3
2022GQ0130041,2
2022GQ0130266,2
2022GQ0130298,2
2022GQ0130437,2
2022GQ0130441,2
2022GQ0130538,3
2022GQ0130670,3
2022GQ0130786,3
2022GQ0130816,3
2022GQ0130879,3
2022GQ0131089,3
2022GQ0131383,3
2022GQ0131460,3
2022GQ0131562,2
2022GQ0131678,2
2022GQ0131816,2
2022GQ0131912,3
2022GQ0131916,3
2022GQ0131963,2
2022GQ0131984,2
2022GQ0132029,2
2022GQ0132147,2
2022GQ0132301,3
2022GQ0132449,2
2022GQ0132674,2
2022GQ0132676,3
2022GQ0132688,2
2022GQ0132792,2
2022GQ0132798,2
2022GQ0132813,3
2022GQ0132859,2
2022GQ0132935,2
2022GQ0132972,2
2022GQ0133101,2
2022GQ0133132,2
2022GQ0133140,2
2022GQ0133193,2
2022GQ0133236,3
2022GQ0133239,2
2022GQ0133351,3
2022GQ0133395,2
2022GQ0133416,2
2022GQ0133441,2
2022GQ0133573,3
2022GQ0133579,2
2022GQ0133586,2
2022GQ0133698,3
2022GQ0133740,2
2022GQ0133790,2
2022GQ0133800,3
2022GQ0133919,3
2022GQ0133940,2
2022GQ0133970,2
2022GQ0134013,2
2022GQ0134036,3
2022GQ0134049,3
2022GQ0134077,3
2022GQ0134127,2
2022GQ0134145,3
2022GQ0134242,3
2022GQ0134256,2
2022GQ0134285,3
2022GQ0134299,2
2022GQ0134336,3
2022GQ0134338,2
2022GQ0134372,2
2022GQ0134423,2
2022GQ0134777,2
2022GQ0134802,2
2022GQ0134916,3
2022GQ0135213,3
2022GQ0135283,3
2022GQ0135354,3
2022GQ0135372,3
2022GQ0135569,2
2022GQ0135588,2
2022GQ0135601,2
2022GQ0135616,2
2022GQ0135661,2
2022GQ0135721,3
2022GQ0135779,2
2022GQ0135974,2
2022GQ0136041,3
2022GQ0136138,3
2022GQ0136233,2
2022GQ0136268,2
2022GQ0136477,3
2022GQ0136545,3
2022GQ0136559,2
2022GQ0136582,2
2022GQ0136601,2
2022GQ0136649,3
2022GQ0136712,2
2022GQ0136907,3
2022GQ0137104,2
2022GQ0137243,3
2022GQ0137324,2
2022GQ0137418,2
2022GQ0137604,3
2022GQ0137632,2
2022GQ0137672,3
2022GQ0137700,3
2022GQ0137741,2
2022GQ0137755,2
2022GQ0137771,2
2022GQ0137816,2
2022GQ0137824,2
2022GQ0137883,3
2022GQ0137961,2
2022GQ0138027,3
2022GQ0138166,3
2022GQ0138172,2
2022GQ0138191,3
2022GQ0138259,3
2022GQ0138269,2
2022GQ0138340,3
2022GQ0138396,2
2022GQ0138606,3
2022GQ0138859,3
2022GQ0138861,3
2022GQ0138910,2
2022GQ0138987,2
2022GQ0139003,2
2022GQ0139028,2
2022GQ0139072,2
2022GQ0139113,3
2022GQ0139251,2
2022GQ0139259,2
2022GQ0139298,2
2022GQ0139344,3
2022GQ0139671,3
2022GQ0139784,2
2022GQ0139876,3
2022GQ0139913,3
2022GQ0139953,3
2022GQ0139972,3
2022GQ0140127,2
2022GQ0140385,3
2022GQ0140389,3
2022GQ0140414,2
2022GQ0140745,2
2022GQ0140842,2
2022GQ0141034,2
2022GQ0141193,2
2022GQ0141245,3
2022GQ0141265,2
2022GQ0141276,3
2022GQ0141417,3
2022GQ0141584,3
2022GQ0141620,2
2022GQ0141668,3
2022GQ0141683,3
2022GQ0141973,3
2022GQ0142095,2
2022GQ0142266,2
2022GQ0142276,3
2022GQ0142285,3
2022GQ0142346,3
2022GQ0142353,2
2022GQ0142373,2
2022GQ0142374,2
2022GQ0142383,3
2022GQ0142613,3
2022GQ0142695,3
2022GQ0142710,2
2022GQ0142781,3
2022GQ0142872,2
2022GQ0142894,3
2022GQ0143076,2
2022GQ0143090,2
2022GQ0143140,3
2022GQ0143335,3
2022GQ0143395,3
2022GQ0143437,3
2022GQ0143536,2
2022GQ0143569,2
2022GQ0143600,2
2022GQ0143635,2
2022GQ0143738,2
2022GQ0143782,3
2022GQ0143802,3
2022GQ0143900,3
2022GQ0144125,3
2022GQ0144268,2
2022GQ0144275,3
2022GQ0144341,2
2022GQ0144470,3
2022GQ0144507,2
2022GQ0144599,2
2022GQ0144642,2
2022GQ0144746,3
2022GQ0144778,3
2022GQ0144909,3
2022GQ0144988,2
2022GQ0144990,2
2022GQ0145017,3
2022GQ0145341,3
2022GQ0145410,3
2022GQ0145598,2
2022GQ0145628,3
2022GQ0145682,2
2022GQ0145753,3
2022GQ0145807,2
2022GQ0146372,2
2022GQ0146516,3
2022GQ0146524,3
2022GQ0146604,2
2022GQ0146644,2
2022GQ0146664,2
2022GQ0146670,2
2022GQ0146782,2
2022GQ0146792,3
2022GQ0146804,2
2022GQ0146855,2
2022GQ0146895,2
2022GQ0146951,3
2022GQ0147113,3
2022GQ0147197,3
2022GQ0147288,2
2022GQ0147428,2
2022GQ0147481,3
2022GQ0147653,2
2022GQ0147666,3
2022GQ0147667,2
2022GQ0147763,3
2022GQ0147803,2
2022GQ0147813,3
2022GQ0147846,2
2022GQ0147870,2
2022GQ0148060,3
2022GQ0148121,2
2022GQ0148300,2
2022GQ0148541,3
2022GQ0148709,3
2022GQ0148740,2
2022GQ0148825,2
2022GQ0148997,2
2022GQ0149187,3
2022GQ0149262,2
2022GQ0149358,2
2022GQ0149504,3
2022GQ0149508,2
2022GQ0149523,3
2022GQ0149543,3
2022GQ0149758,3
2022GQ0149789,2
2022GQ0149987,2
2022GQ0150063,3
2022GQ0150106,3
2022GQ0150129,3
2022GQ0150182,3
2022GQ0150193,2
2022GQ0150318,2
2022GQ0150331,3
2022GQ0150435,2
2022GQ0150454,2
2022GQ0150515,2
2022GQ0150672,2
2022GQ0150834,2
2022GQ0150848,2
2022GQ0151191,2
2022GQ0151318,2
2022GQ0151505,2
2022GQ0151520,3
2022GQ0151569,2
2022GQ0151604,2
2022GQ0151760,2
2022GQ0151803,2
2022GQ0151991,3
2022GQ0152022,2
2022GQ0152053,2
2022GQ0152066,2
2022GQ0152119,2
2022GQ0152133,3
2022GQ0152182,2
2022GQ0152213,2
2022GQ0152381,2
2022GQ0152422,2
2022GQ0152573,2
2022GQ0152599,2
2022GQ0152705,2
2022GQ0152825,2
2022GQ0152885,2
2022GQ0152988,3
2022GQ0152989,2
2022GQ0153010,2
2022GQ0153019,2
2022GQ0153026,3
2022GQ0153254,3
2022GQ0153287,2
2022GQ0153339,2
2022GQ0153352,2
2022GQ0153359,2
2022GQ0153859,2
2022GQ0153870,3
2022GQ0153876,3
2022GQ0153904,2
2022GQ0153940,2
2022GQ0153989,3
2022GQ0154061,3
2022GQ0154076,3
2022GQ0154385,3
2022GQ0154424,2
2022GQ0154429,2
2022GQ0154453,3
2022GQ0154657,3
2022GQ0154673,2
2022GQ0154679,2
2022GQ0154752,3
2022GQ0154801,2
2022GQ0154860,3
2022GQ0154873,3
2022GQ0154894,3
2022GQ0154927,3
2022GQ0155145,3
2022GQ0155213,3
2022GQ0155251,2
2022GQ0155400,2
2022GQ0155446,3
2022GQ0155673,3
2022GQ0155733,3
2022GQ0155840,3
2022GQ0155942,2
2022GQ0156157,2
2022GQ0156176,2
2022GQ0156180,3
2022GQ0156254,2
2022GQ0156295,2
2022GQ0156639,2
2022GQ0156682,2
2022GQ0156736,3
2022GQ0156779,3
2022GQ0156824,3
2022GQ0156832,2
2022GQ0156970,3
2022GQ0157002,2
2022GQ0157011,3
2022GQ0157044,3
2022GQ0157060,3
2022GQ0157318,3
2022GQ0157415,3
2022GQ0157463,3
2022GQ0157469,3
2022GQ0157586,2
2022GQ0157589,2
2022GQ0157625,2
2022GQ0157692,2
2022GQ0157719,3
2022GQ0157899,3
2022GQ0157916,2
2022GQ0157917,2
2022GQ0157972,2
2022GQ0157982,2
2022GQ0158077,2
2022GQ0158104,3
2022GQ0158180,3
2022GQ0158215,2
2022GQ0158530,2
2022GQ0158612,3
2022GQ0158757,3
2022GQ0158762,3
2022GQ0158780,3
2022GQ0158848,2
2022GQ0159094,2
2022GQ0159115,2
2022GQ0159164,3
2022GQ0159183,2
2022GQ0159285,3
2022GQ0159365,3
2022GQ0159513,3
2022GQ0159707,2
2022GQ0159727,2
2022GQ0159744,2
2022GQ0159806,2
2022GQ0159990,3
2022GQ0159993,2
2022GQ0160090,2
2022GQ0160153,2
2022GQ0160439,2
2022GQ0160978,2
2022GQ0160997,2
2022GQ0161016,2
2022GQ0161037,3
2022GQ0161097,2
2022GQ0161197,3
2022GQ0161277,2
2022GQ0161310,3
2022GQ0161360,2
2022GQ0161496,2
2022GQ0161628,3
2022GQ0161785,3
2022GQ0161838,2
2022GQ0161911,2
2022GQ0161983,2
2022GQ0162057,3
2022GQ0162103,2
2022GQ0162232,3
2022GQ0162262,3
2022GQ0162357,3
2022GQ0162439,2
2022GQ0162614,3
2022GQ0162740,3
2022GQ0162821,3
2022GQ0162831,2
2022GQ0162950,3
2022GQ0163002,2
2022GQ0163003,2
2022GQ0163035,3
2022GQ0163161,3
2022GQ0163225,2
2022GQ0163242,2
2022GQ0163523,3
2022GQ0163583,2
2022GQ0163627,3
2022GQ0163636,2
2022GQ0163831,3
2022GQ0163869,3
2022GQ0163918,3
2022GQ0163980,2
2022GQ0164025,3
2022GQ0164092,2
2022GQ0164120,2
2022GQ0164121,3
2022GQ0164170,2
2022GQ0164252,2
2022GQ0164253,2
2022GQ0164336,2
2022GQ0164396,2
2022GQ0164421,2
2022GQ0164437,2
2022GQ0164512,3
2022GQ0164513,2
2022GQ0164529,2
2022GQ0164582,2
2022GQ0164614,2
2022GQ0164725,2
2022GQ0164880,3
2022GQ0164927,3
2022GQ0164929,2
2022GQ0164956,2
2022GQ0164957,2
2022GQ0165004,2
2022GQ0165037,3
2022GQ0165047,3
2022GQ0165442,3
2022GQ0165508,2
2022GQ0165593,2
2022GQ0165720,2
2022GQ0165794,3
2022GQ0165804,3
2022GQ0165956,3
2022GQ0165977,3
2022GQ0165985,3
2022GQ0165991,2
2022GQ0166044,2
2022GQ0166066,2
2022GQ0166217,2
2022GQ0166236,2
2022GQ0166277,2
2022GQ0166329,2
2022GQ0166395,2
2022GQ0166433,2
2022GQ0166573,2
2022GQ0166583,3
2022GQ0166614,3
2022GQ0166699,3
2022GQ0166721,2
2022GQ0166732,3
2022GQ0166766,2
2022GQ0166780,3
2022GQ0166858,3
2022GQ0166961,3
2022GQ0167038,2
2022GQ0167226,2
2022GQ0167532,2
2022GQ0167585,3
2022GQ0167600,2
2022GQ0167655,3
2022GQ0167731,3
2022GQ0167762,2
2022GQ0167786,2
2022GQ0167875,2
2022GQ0167887,2
2022GQ0167914,2
2022GQ0168097,2
2022GQ0168111,2
2022GQ0168136,3
2022GQ0168208,2
2022GQ0168411,3
2022GQ0168450,3
2022GQ0168572,3
2022GQ0168575,2
2022GQ0168617,3
2022GQ0168633,3
2022GQ0168747,2
2022GQ0168766,2
2022GQ0168819,2
2022GQ0168834,3
2022GQ0168857,3
2022GQ0168927,2
2022GQ0168992,3
2022GQ0168995,2
2022GQ0169058,3
2022GQ0169083,3
2022GQ0169186,2
2022GQ0169387,2
2022GQ0169873,2
2022GQ0169935,2
2022GQ0170000,2
2022GQ0170087,3
2022GQ0170172,3
2022GQ0170175,2
2022GQ0170192,3
2022GQ0170194,2
2022GQ0170700,3
2022GQ0170702,3
2022GQ0170719,2
2022GQ0170814,3
2022GQ0170934,2
2022GQ0171099,2
2022GQ0171111,3
2022GQ0171113,2
2022GQ0171252,3
2022GQ0171440,2
2022GQ0171722,3
2022GQ0171945,2
2022GQ0171992,2
2022GQ0172115,2
2022GQ0172227,2
2022GQ0172286,3
2022GQ0172290,2
2022GQ0172389,2
2022GQ0172589,2
2022GQ0172719,3
2022GQ0172928,2
2022GQ0172946,3
2022GQ0173034,3
2022GQ0173100,3
2022GQ0173173,2
2022GQ0173418,2
2022GQ0173681,2
2022GQ0173803,2
2022GQ0173854,3
2022GQ0173942,2
2022GQ0173946,2
2022GQ0173949,2
2022GQ0173976,2
2022GQ0173994,2
2022GQ0174230,2
2022GQ0174269,3
2022GQ0174401,2
2022GQ0174465,2
2022GQ0174569,2
2022GQ0174570,2
2022GQ0174614,2
2022GQ0174791,2
2022GQ0174940,3
2022GQ0174998,3
2022GQ0175082,3
2022GQ0175161,3
2022GQ0175232,2
2022GQ0175484,2
2022GQ0175730,3
2022GQ0175839,2
2022GQ0175990,3
2022GQ0176060,2
2022GQ0176065,3
2022GQ0176183,3
2022GQ0176233,3
2022GQ0176511,3
2022GQ0176568,3
2022GQ0176592,2
2022GQ0176651,2
2022GQ0176777,2
2022GQ0176815,2
2022GQ0176818,3
2022GQ0176881,2
2022GQ0176968,3
2022GQ0177028,3
2022GQ0177037,3
2022GQ0177210,3
2022GQ0177310,3
2022GQ0177394,3
2022GQ0177451,3
2022GQ0177485,2
2022GQ0177516,2
2022GQ0177552,2
2022GQ0177591,2
2022GQ0177752,3
2022GQ0177766,2
2022GQ0177995,3
2022GQ0178013,2
2022GQ0178114,3
2022GQ0178271,3
2022GQ0178336,2
2022GQ0178391,2
2022GQ0178473,3
2022GQ0178554,3
2022GQ0178769,3
2022GQ0178811,2
2022GQ0178813,2
2022GQ0178899,2
2022GQ0178908,2
2022GQ0178931,2
2022GQ0178966,3
2022GQ0179043,3
2022GQ0179101,2
2022GQ0179220,3
2022GQ0179232,2
2022GQ0179284,2
2022GQ0179395,3
2022GQ0179419,2
2022GQ0179606,2
2022GQ0179643,2
2022GQ0179672,3
2022GQ0179711,2
2022GQ0179897,2
2022GQ0179902,2
2022GQ0179934,2
2022GQ0180028,2
2022GQ0180078,2
2022GQ0180187,2
2022GQ0180207,3
2022GQ0180251,2
2022GQ0180369,3
2022GQ0180378,2
2022GQ0180467,3
2022GQ0180552,2
2022GQ0180683,2
2022GQ0180972,3
2022GQ0181061,3
2022GQ0181131,3
2022GQ0181139,3
2022GQ0181156,2
2022GQ0181181,2
2022GQ0181278,2
2022GQ0181371,2
2022GQ0181405,3
2022GQ0181809,3
2022GQ0181887,3
2022GQ0181934,2
2022GQ0182093,2
2022HU0000171,1
2022HU0000268,1
2022HU0000277,1
2022HU0000381,1
2022HU0000382,1
2022HU0000417,1
2022HU0000442,1
2022HU0000454,1
2022HU0000507,1
2022HU0000551,1
2022HU0000558,1
2022HU0000624,1
2022HU0000743,1
2022HU0000839,1
2022HU0000991,1
2022HU0001004,1
2022HU0001157,1
2022HU0001347,1
2022HU0001349,1
2022HU0001370,1
2022HU0001388,1
2022HU0001511,1
2022HU0001546,1
2022HU0001549,1
2022HU0001565,1
2022HU0001663,1
2022HU0001670,1
2022HU0001840,1
2022HU0001869,1
2022HU0001888,1
2022HU0001994,1
2022HU0002008,1
2022HU0002048,1
2022HU0002086,1
2022HU0002142,1
2022HU0002200,1
2022HU0002343,1
2022HU0002361,1
2022HU0002374,1
2022HU0002430,1
2022HU0002607,1
2022HU0002656,1
2022HU0002740,1
2022HU0002890,1
2022HU0002903,1
2022HU0002964,1
2022HU0003019,1
2022HU0003066,1
2022HU0003261,1
2022HU0003411,1
2022HU0003462,1
2022HU0003505,1
2022HU0003526,1
2022HU0003541,1
2022HU0003598,1
2022HU0003627,1
2022HU0003641,1
2022HU0003667,1
2022HU0003800,1
2022HU0003826,1
2022HU0003850,1
2022HU0003927,1
2022HU0003995,1
2022HU0004122,1
2022HU0004147,1
2022HU0004158,1
2022HU0004206,1
2022HU0004222,1
2022HU0004224,1
2022HU0004297,1
2022HU0004298,1
2022HU0004332,1
2022HU0004349,1
2022HU0004354,1
2022HU0004388,1
2022HU0004593,1
2022HU0004644,1
2022HU0004718,1
2022HU0004976,1
2022HU0004977,1
2022HU0005117,1
2022HU0005228,1
2022HU0005269,1
2022HU0005353,1
2022HU0005376,1
2022HU0005390,1
2022HU0005439,1
2022HU0005487,1
2022HU0005606,1
2022HU0005620,1
2022HU0005651,1
2022HU0005860,1
2022HU0005930,1
2022HU0006058,1
2022HU0006099,1
2022HU0006102,1
2022HU0006144,1
2022HU0006361,1
2022HU0006439,1
2022HU0006481,1
2022HU0006527,1
2022HU0006671,1
2022HU0006703,1
2022HU0006749,1
2022HU0006763,1
2022HU0006768,1
2022HU0006769,1
2022HU0006844,1
2022HU0006852,1
2022HU0006864,1
2022HU0006904,1
2022HU0006926,1
2022HU0006928,1
2022HU0007050,1
2022HU0007082,1
2022HU0007176,1
2022HU0007190,1
2022HU0007331,1
2022HU0007528,1
2022HU0007621,1
2022HU0007758,1
2022HU0007826,1
2022HU0007908,1
2022HU0007958,1
2022HU0008180,1
2022HU0008288,1
2022HU0008307,1
2022HU0008536,1
2022HU0008537,1
2022HU0008545,1
2022HU0008627,1
2022HU0008649,1
2022HU0008713,1
2022HU0008773,1
2022HU0008859,1
2022HU0008889,1
2022HU0009025,1
2022HU0009040,1
2022HU0009091,1
2022HU0009139,1
2022HU0009223,1
2022HU0009476,1
2022HU0009577,1
2022HU0009716,1
2022HU0009911,1
2022HU0009931,1
2022HU0009956,1
2022HU0009997,1
2022HU0010014,1
2022HU0010035,1
2022HU0010047,1
2022HU0010089,1
2022HU0010207,1
2022HU0010364,1
2022HU0010404,1
2022HU0010671,1
2022HU0010674,1
2022HU0010886,1
2022HU0011040,1
2022HU0011079,1
2022HU0011095,1
2022HU0011173,1
2022HU0011257,1
2022HU0011320,1
2022HU0011403,1
2022HU0011478,1
2022HU0011515,1
2022HU0011568,1
2022HU0011654,1
2022HU0011877,1
2022HU0011880,1
2022HU0011924,1
2022HU0011934,1
2022HU0012004,1
2022HU0012010,1
2022HU0012130,1
2022HU0012202,1
2022HU0012227,1
2022HU0012297,1
2022HU0012318,1
2022HU0012368,1
2022HU0012445,1
2022HU0012458,1
2022HU0012526,1
2022HU0012561,1
2022HU0012642,1
2022HU0012691,1
2022HU0012696,1
2022HU0012753,1
2022HU0012836,1
2022HU0013028,1
2022HU0013079,1
2022HU0013168,1
2022HU0013230,1
2022HU0013274,1
2022HU0013343,1
2022HU0013385,1
2022HU0013408,1
2022HU0013503,1
2022HU0013549,1
2022HU0013562,1
2022HU0013626,1
2022HU0013724,1
2022HU0013938,1
2022HU0013965,1
2022HU0014114,1
2022HU0014146,1
2022HU0014165,1
2022HU0014254,1
2022HU0014325,1
2022HU0014378,1
2022HU0014382,1
2022HU0014534,1
2022HU0014705,1
2022HU0014719,1
2022HU0014768,1
2022HU0014880,1
2022HU0014914,1
2022HU0014964,1
2022HU0015061,1
2022HU0015201,1
2022HU0015284,1
2022HU0015352,1
2022HU0015354,1
2022HU0015356,1
2022HU0015485,1
2022HU0015524,1
2022HU0015632,1
2022HU0015793,1
2022HU0015795,1
2022HU0015860,1
2022HU0015863,1
2022HU0015911,1
2022HU0015913,1
2022HU0015921,1
2022HU0015934,1
2022HU0015962,1
2022HU0015972,1
2022HU0016059,1
2022HU0016070,1
2022HU0016110,1
2022HU0016275,1
2022HU0016482,1
2022HU0016703,1
2022HU0016728,1
2022HU0016818,1
2022HU0016828,1
2022HU0016888,1
2022HU0016940,1
2022HU0017033,1
2022HU0017042,1
2022HU0017137,1
2022HU0017151,1
2022HU0017270,1
2022HU0017313,1
2022HU0017318,1
2022HU0017469,1
2022HU0017581,1
2022HU0017595,1
2022HU0017760,1
2022HU0017825,1
2022HU0018000,1
2022HU0018004,1
2022HU0018020,1
2022HU0018023,1
2022HU0018085,1
2022HU0018095,1
2022HU0018372,1
2022HU0018494,1
2022HU0018597,1
2022HU0018645,1
2022HU0018685,1
2022HU0018699,1
2022HU0018734,1
2022HU0018761,1
2022HU0018766,1
2022HU0018791,1
2022HU0018852,1
2022HU0018872,1
2022HU0019054,1
2022HU0019244,1
2022HU0019262,1
2022HU0019289,1
2022HU0019322,1
2022HU0019376,1
2022HU0019412,1
2022HU0019496,1
2022HU0019566,1
2022HU0019583,1
2022HU0019646,1
2022HU0019665,1
2022HU0019688,1
2022HU0019737,1
2022HU0020116,1
2022HU0020351,1
2022HU0020489,1
2022HU0020494,1
2022HU0020612,1
2022HU0020686,1
2022HU0020707,1
2022HU0020761,1
2022HU0020877,1
2022HU0020882,1
2022HU0020910,1
2022HU0020921,1
2022HU0020936,1
2022HU0021013,1
2022HU0021151,1
2022HU0021166,1
2022HU0021289,1
2022HU0021366,1
2022HU0021388,1
2022HU0021396,1
2022HU0021434,1
2022HU0021541,1
2022HU0021618,1
2022HU0021644,1
2022HU0021746,1
2022HU0021818,1
2022HU0021827,1
2022HU0021833,1
2022HU0021861,1
2022HU0022000,1
2022HU0022167,1
2022HU0022330,1
2022HU0022350,1
2022HU0022459,1
2022HU0022529,1
2022HU0022553,1
2022HU0022664,1
2022HU0022692,1
2022HU0022744,1
2022HU0022849,1
2022HU0023032,1
2022HU0023033,1
2022HU0023122,1
2022HU0023165,1
2022HU0023208,1
2022HU0023235,1
2022HU0023237,1
2022HU0023291,1
2022HU0023298,1
2022HU0023351,1
2022HU0023353,1
2022HU0023393,1
2022HU0023411,1
2022HU0023599,1
2022HU0023664,1
2022HU0023670,1
2022HU0023691,1
2022HU0023726,1
2022HU0023798,1
2022HU0023847,1
2022HU0023981,1
2022HU0024148,1
2022HU0024168,1
2022HU0024238,1
2022HU0024375,1
2022HU0024388,1
2022HU0024551,1
2022HU0024567,1
2022HU0024598,1
2022HU0024603,1
2022HU0024778,1
2022HU0024804,1
2022HU0024840,1
2022HU0024878,1
2022HU0025026,1
2022HU0025191,1
2022HU0025210,1
2022HU0025213,1
2022HU0025454,1
2022HU0025479,1
2022HU0025524,1
2022HU0025556,1
2022HU0025563,1
2022HU0025785,1
2022HU0025904,1
2022HU0025959,1
2022HU0026038,1
2022HU0026057,1
2022HU0026125,1
2022HU0026171,1
2022HU0026281,1
2022HU0026352,1
2022HU0026457,1
2022HU0026620,1
2022HU0026814,1
2022HU0026851,1
2022HU0026855,1
2022HU0026924,1
2022HU0027211,1
2022HU0027213,1
2022HU0027255,1
2022HU0027425,1
2022HU0027432,1
2022HU0027596,1
2022HU0027641,1
2022HU0027710,1
2022HU0027820,1
2022HU0027839,1
2022HU0028022,1
2022HU0028068,1
2022HU0028087,1
2022HU0028222,1
2022HU0028335,1
2022HU0028345,1
2022HU0028592,1
2022HU0028616,1
2022HU0028640,1
2022HU0028705,1
2022HU0028718,1
2022HU0028759,1
2022HU0028949,1
2022HU0029022,1
2022HU0029032,1
2022HU0029041,1
2022HU0029073,1
2022HU0029087,1
2022HU0029098,1
2022HU0029141,1
2022HU0029183,1
2022HU0029203,1
2022HU0029240,1
2022HU0029358,1
2022HU0029396,1
2022HU0029418,1
2022HU0029580,1
2022HU0029919,1
2022HU0029948,1
2022HU0029981,1
2022HU0029998,1
2022HU0030041,1
2022HU0030046,1
2022HU0030065,1
2022HU0030067,1
2022HU0030129,1
2022HU0030206,1
2022HU0030336,1
2022HU0030357,1
2022HU0030439,1
2022HU0030471,1
2022HU0030533,1
2022HU0030598,1
2022HU0030718,1
2022HU0030760,1
2022HU0030836,1
2022HU0030971,1
2022HU0030993,1
2022HU0031010,1
2022HU0031024,1
2022HU0031147,1
2022HU0031165,1
2022HU0031330,1
2022HU0031468,1
2022HU0031553,1
2022HU0031561,1
2022HU0031562,1
2022HU0031583,1
2022HU0031714,1
2022HU0031763,1
2022HU0031978,1
2022HU0032012,1
2022HU0032153,1
2022HU0032205,1
2022HU0032243,1
2022HU0032311,1
2022HU0032357,1
2022HU0032479,1
2022HU0032534,1
2022HU0032605,1
2022HU0032655,1
2022HU0032662,1
2022HU0032759,1
2022HU0032827,1
2022HU0032850,1
2022HU0032902,1
2022HU0032944,1
2022HU0032957,1
2022HU0033046,1
2022HU0033146,1
2022HU0033155,1
2022HU0033237,1
2022HU0033310,1
2022HU0033312,1
2022HU0033466,1
2022HU0033515,1
2022HU0033580,1
2022HU0033609,1
2022HU0033613,1
2022HU0033695,1
2022HU0033720,1
2022HU0033764,1
2022HU0033774,1
2022HU0033882,1
2022HU0033935,1
2022HU0033977,1
2022HU0034000,1
2022HU0034227,1
2022HU0034229,1
2022HU0034284,1
2022HU0034324,1
2022HU0034765,1
2022HU0034795,1
2022HU0034835,1
2022HU0034939,1
2022HU0035051,1
2022HU0035136,1
2022HU0035139,1
2022HU0035188,1
2022HU0035304,1
2022HU0035423,1
2022HU0035477,1
2022HU0035480,1
2022HU0035716,1
2022HU0035852,1
2022HU0036006,1
2022HU0036031,1
2022HU0036040,1
2022HU0036061,1
2022HU0036084,1
2022HU0036242,1
2022HU0036294,1
2022HU0036303,1
2022HU0036681,1
2022HU0036706,1
2022HU0036844,1
2022HU0036942,1
2022HU0037050,1
2022HU0037082,1
2022HU0037151,1
2022HU0037224,1
2022HU0037361,1
2022HU0037384,1
2022HU0037484,1
2022HU0037610,1
2022HU0037782,1
2022HU0037829,1
2022HU0037831,1
2022HU0037917,1
2022HU0037995,1
2022HU0037996,1
2022HU0038033,1
2022HU0038074,1
2022HU0038200,1
2022HU0038215,1
2022HU0038257,1
2022HU0038278,1
2022HU0038403,1
2022HU0038445,1
2022HU0038465,1
2022HU0038534,1
2022HU0038560,1
2022HU0038591,1
2022HU0038822,1
2022HU0039114,1
2022HU0039237,1
2022HU0039516,1
2022HU0039518,1
2022HU0039530,1
2022HU0039543,1
2022HU0039599,1
2022HU0039699,1
2022HU0039724,1
2022HU0039776,1
2022HU0039790,1
2022HU0039882,1
2022HU0039920,1
2022HU0040027,1
2022HU0040125,1
2022HU0040249,1
2022HU0040467,1
2022HU0040613,1
2022HU0040645,1
2022HU0040703,1
2022HU0040723,1
2022HU0040782,1
2022HU0041004,1
2022HU0041036,1
2022HU0041213,1
2022HU0041220,1
2022HU0041390,1
2022HU0041434,1
2022HU0041535,1
2022HU0041538,1
2022HU0041571,1
2022HU0041761,1
2022HU0041777,1
2022HU0041786,1
2022HU0041796,1
2022HU0041837,1
2022HU0042008,1
2022HU0042280,1
2022HU0042302,1
2022HU0042462,1
2022HU0042564,1
2022HU0042583,1
2022HU0042595,1
2022HU0042605,1
2022HU0042655,1
2022HU0042784,1
2022HU0042832,1
2022HU0042939,1
2022HU0042953,1
2022HU0042960,1
2022HU0042995,1
2022HU0043032,1
2022HU0043135,1
2022HU0043242,1
2022HU0043292,1
2022HU0043497,1
2022HU0043696,1
2022HU0043718,1
2022HU0043753,1
2022HU0043818,1
2022HU0043939,1
2022HU0043979,1
2022HU0044005,1
2022HU0044073,1
2022HU0044084,1
2022HU0044109,1
2022HU0044126,1
2022HU0044156,1
2022HU0044260,1
2022HU0044400,1
2022HU0044471,1
2022HU0044494,1
2022HU0044507,1
2022HU0044528,1
2022HU0044549,1
2022HU0044606,1
2022HU0044677,1
2022HU0044743,1
2022HU0044754,1
2022HU0044805,1
2022HU0044894,1
2022HU0044946,1
2022HU0045015,1
2022HU0045116,1
2022HU0045156,1
2022HU0045221,1
2022HU0045260,1
2022HU0045416,1
2022HU0045423,1
2022HU0045767,1
2022HU0045797,1
2022HU0045850,1
2022HU0046155,1
2022HU0046210,1
2022HU0046315,1
2022HU0046416,1
2022HU0046444,1
2022HU0046445,1
2022HU0046478,1
2022HU0046525,1
2022HU0046569,1
2022HU0046672,1
2022HU0046708,1
2022HU0046772,1
2022HU0046815,1
2022HU0046838,1
2022HU0046871,1
2022HU0046909,1
2022HU0046929,1
2022HU0046930,1
2022HU0046957,1
2022HU0047028,1
2022HU0047088,1
2022HU0047155,1
2022HU0047309,1
2022HU0047324,1
2022HU0047343,1
2022HU0047397,1
2022HU0047509,1
2022HU0047520,1
2022HU0047610,1
2022HU0047755,1
2022HU0047963,1
2022HU0048020,1
2022HU0048028,1
2022HU0048029,1
2022HU0048221,1
2022HU0048283,1
2022HU0048409,1
2022HU0048474,1
2022HU0048486,1
2022HU0048680,1
2022HU0048721,1
2022HU0048763,1
2022HU0048869,1
2022HU0049022,1
2022HU0049071,1
2022HU0049081,1
2022HU0049156,1
2022HU0049188,1
2022HU0049284,1
2022HU0049299,1
2022HU0049326,1
2022HU0049333,1
2022HU0049338,1
2022HU0049616,1
2022HU0049653,1
2022HU0049669,1
2022HU0049672,1
2022HU0049681,1
2022HU0049763,1
2022HU0049765,1
2022HU0049904,1
2022HU0049985,1
2022HU0050156,1
2022HU0050256,1
2022HU0050312,1
2022HU0050481,1
2022HU0050504,1
2022HU0050574,1
2022HU0050588,1
2022HU0050629,1
2022HU0050663,1
2022HU0050666,1
2022HU0050667,1
2022HU0050751,1
2022HU0050772,1
2022HU0050944,1
2022HU0050970,1
2022HU0051094,1
2022HU0051116,1
2022HU0051164,1
2022HU0051184,1
2022HU0051397,1
2022HU0051492,1
2022HU0051495,1
2022HU0051525,1
2022HU0051596,1
2022HU0051659,1
2022HU0051663,1
2022HU0051668,1
2022HU0051805,1
2022HU0051882,1
2022HU0051945,1
2022HU0052161,1
2022HU0052178,1
2022HU0052269,1
2022HU0052330,1
2022HU0052355,1
2022HU0052389,1
2022HU0052595,1
2022HU0052614,1
2022HU0052866,1
2022HU0052983,1
2022HU0053022,1
2022HU0053273,1
2022HU0053404,1
2022HU0053526,1
2022HU0053635,1
2022HU0053636,1
2022HU0054023,1
2022HU0054031,1
2022HU0054107,1
2022HU0054145,1
2022HU0054166,1
2022HU0054188,1
2022HU0054296,1
2022HU0054385,1
2022HU0054461,1
2022HU0054538,1
2022HU0054641,1
2022HU0054648,1
2022HU0054661,1
2022HU0054735,1
2022HU0054749,1
2022HU0054772,1
2022HU0054891,1
2022HU0054974,1
2022HU0055023,1
2022HU0055035,1
2022HU0055060,1
2022HU0055189,1
2022HU0055199,1
2022HU0055219,1
2022HU0055259,1
2022HU0055357,1
2022HU0055368,1
2022HU0055637,1
2022HU0055737,1
2022HU0055765,1
2022HU0055773,1
2022HU0055809,1
2022HU0055939,1
2022HU0055943,1
2022HU0055978,1
2022HU0056112,1
2022HU0056155,1
2022HU0056226,1
2022HU0056270,1
2022HU0056307,1
2022HU0056369,1
2022HU0056398,1
2022HU0056467,1
2022HU0056563,1
2022HU0056618,1
2022HU0056723,1
2022HU0056748,1
2022HU0056789,1
2022HU0056884,1
2022HU0056941,1
2022HU0057023,1
2022HU0057300,1
2022HU0057432,1
2022HU0057449,1
2022HU0057455,1
2022HU0057467,1
2022HU0057582,1
2022HU0057672,1
2022HU0057689,1
2022HU0057763,1
2022HU0057764,1
2022HU0058121,1
2022HU0058327,1
2022HU0058383,1
2022HU0058390,1
2022HU0058539,1
2022HU0058571,1
2022HU0058779,1
2022HU0058841,1
2022HU0058844,1
2022HU0058893,1
2022HU0058920,1
2022HU0058984,1
2022HU0059032,1
2022HU0059041,1
2022HU0059072,1
2022HU0059113,1
2022HU0059130,1
2022HU0059197,1
2022HU0059320,1
2022HU0059425,1
2022HU0059427,1
2022HU0059580,1
2022HU0059616,1
2022HU0059736,1
2022HU0059793,1
2022HU0059806,1
2022HU0059822,1
2022HU0059836,1
2022HU0059845,1
2022HU0059918,1
2022HU0059935,1
2022HU0060112,1
2022HU0060146,1
2022HU0060229,1
2022HU0060386,1
2022HU0060401,1
2022HU0060492,1
2022HU0060564,1
2022HU0060568,1
2022HU0060592,1
2022HU0060725,1
2022HU0060731,1
2022HU0060929,1
2022HU0060982,1
2022HU0061074,1
2022HU0061131,1
2022HU0061170,1
2022HU0061212,1
2022HU0061304,1
2022HU0061311,1
2022HU0061372,1
2022HU0061508,1
2022HU0061570,1
2022HU0061628,1
2022HU0061637,1
2022HU0061868,1
2022HU0061874,1
2022HU0061912,1
2022HU0061926,1
2022HU0062055,1
2022HU0062074,1
2022HU0062133,1
2022HU0062242,1
2022HU0062293,1
2022HU0062363,1
2022HU0062370,1
2022HU0062467,1
2022HU0062569,1
2022HU0062619,1
2022HU0062688,1
2022HU0062725,1
2022HU0062759,1
2022HU0062790,1
2022HU0062901,1
2022HU0063005,1
2022HU0063057,1
2022HU0063084,1
2022HU0063316,1
2022HU0063338,1
2022HU0063344,1
2022HU0063360,1
2022HU0063426,1
2022HU0063529,1
2022HU0063599,1
2022HU0063747,1
2022HU0064097,1
2022HU0064163,1
2022HU0064183,1
2022HU0064253,1
2022HU0064327,1
2022HU0064529,1
2022HU0064536,1
2022HU0064633,1
2022HU0064652,1
2022HU0064678,1
2022HU0064801,1
2022HU0064808,1
2022HU0064848,1
2022HU0064922,1
2022HU0065125,1
2022HU0065244,1
2022HU0065619,1
2022HU0065624,1
2022HU0065758,1
2022HU0065813,1
2022HU0065826,1
2022HU0065886,1
2022HU0065893,1
2022HU0065910,1
2022HU0066078,1
2022HU0066127,1
2022HU0066252,1
2022HU0066362,1
2022HU0066461,1
2022HU0066502,1
2022HU0066522,1
2022HU0066756,1
2022HU0066859,1
2022HU0066894,1
2022HU0066955,1
2022HU0067088,1
2022HU0067295,1
2022HU0067403,1
2022HU0067435,1
2022HU0067438,1
2022HU0067440,1
2022HU0067443,1
2022HU0067608,1
2022HU0067722,1
2022HU0067740,1
2022HU0067842,1
2022HU0067906,1
2022HU0067947,1
2022HU0067963,1
2022HU0067980,1
2022HU0068035,1
2022HU0068103,1
2022HU0068185,1
2022HU0068208,1
2022HU0068333,1
2022HU0068360,1
2022HU0068405,1
2022HU0068442,1
2022HU0068477,1
2022HU0068502,1
2022HU0068520,1
2022HU0068526,1
2022HU0068549,1
2022HU0068693,1
2022HU0068698,1
2022HU0068719,1
2022HU0068861,1
2022HU0068937,1
2022HU0069046,1
2022HU0069251,1
2022HU0069252,1
2022HU0069260,1
2022HU0069311,1
2022HU0069324,1
2022HU0069489,1
2022HU0069546,1
2022HU0069551,1
2022HU0069579,1
2022HU0069609,1
2022HU0069630,1
2022HU0069764,1
2022HU0069791,1
2022HU0069880,1
2022HU0069955,1
2022HU0069973,1
2022HU0069990,1
2022HU0069999,1
2022HU0070170,1
2022HU0070202,1
2022HU0070439,1
2022HU0070557,1
2022HU0070628,1
2022HU0070634,1
2022HU0070724,1
2022HU0070859,1
2022HU0070863,1
2022HU0070962,1
2022HU0071031,1
2022HU0071088,1
2022HU0071192,1
2022HU0071238,1
2022HU0071357,1
2022HU0071369,1
2022HU0071381,1
2022HU0071413,1
2022HU0071507,1
2022HU0071569,1
2022HU0071653,1
2022HU0071693,1
2022HU0071728,1
2022HU0071777,1
2022HU0071793,1
2022HU0071830,1
2022HU0071943,1
2022HU0071945,1
2022HU0071956,1
2022HU0071969,1
2022HU0072281,1
2022HU0072375,1
2022HU0072431,1
2022HU0072437,1
2022HU0072474,1
2022HU0072588,1
2022HU0072619,1
2022HU0072639,1
2022HU0072650,1
2022HU0072717,1
2022HU0072902,1
2022HU0072905,1
2022HU0072957,1
2022HU0073214,1
2022HU0073265,1
2022HU0073440,1
2022HU0073680,1
2022HU0073862,1
2022HU0073894,1
2022HU0073912,1
2022HU0073980,1
2022HU0074018,1
2022HU0074022,1
2022HU0074028,1
2022HU0074034,1
2022HU0074068,1
2022HU0074105,1
2022HU0074130,1
2022HU0074304,1
2022HU0074428,1
2022HU0074456,1
2022HU0074474,1
2022HU0074522,1
2022HU0074533,1
2022HU0074577,1
2022HU0074601,1
2022HU0074609,1
2022HU0074709,1
2022HU0074724,1
2022HU0074747,1
2022HU0074782,1
2022HU0074856,1
2022HU0074995,1
2022HU0074997,1
2022HU0075155,1
2022HU0075238,1
2022HU0075275,1
2022HU0075469,1
2022HU0075475,1
2022HU0075623,1
2022HU0075706,1
2022HU0075743,1
2022HU0075820,1
2022HU0076153,1
2022HU0076159,1
2022HU0076219,1
2022HU0076353,1
2022HU0076378,1
2022HU0076620,1
2022HU0076670,1
2022HU0076757,1
2022HU0076798,1
2022HU0076883,1
2022HU0076905,1
2022HU0077051,1
2022HU0077132,1
2022HU0077185,1
2022HU0077243,1
2022HU0077300,1
2022HU0077402,1
2022HU0077408,1
2022HU0077420,1
2022HU0077778,1
2022HU0077782,1
2022HU0077817,1
2022HU0077868,1
2022HU0078014,1
2022HU0078112,1
2022HU0078130,1
2022HU0078154,1
2022HU0078157,1
2022HU0078163,1
2022HU0078235,1
2022HU0078322,1
2022HU0078454,1
2022HU0078501,1
2022HU0078574,1
2022HU0078742,1
2022HU0078777,1
2022HU0078915,1
2022HU0078916,1
2022HU0079100,1
2022HU0079134,1
2022HU0079139,1
2022HU0079225,1
2022HU0079269,1
2022HU0079326,1
2022HU0079351,1
2022HU0079418,1
2022HU0079443,1
2022HU0079474,1
2022HU0079491,1
2022HU0079521,1
2022HU0079632,1
2022HU0079659,1
2022HU0079769,1
2022HU0079808,1
2022HU0079847,1
2022HU0079894,1
2022HU0079940,1
2022HU0080035,1
2022HU0080119,1
2022HU0080142,1
2022HU0080193,1
2022HU0080202,1
2022HU0080221,1
2022HU0080400,1
2022HU0080433,1
2022HU0080560,1
2022HU0080666,1
2022HU0080726,1
2022HU0080746,1
2022HU0080932,1
2022HU0081028,1
2022HU0081057,1
2022HU0081064,1
2022HU0081130,1
2022HU0081234,1
2022HU0081235,1
2022HU0081273,1
2022HU0081300,1
2022HU0081326,1
2022HU0081351,1
2022HU0081369,1
2022HU0081421,1
2022HU0081438,1
2022HU0081468,1
2022HU0081850,1
2022HU0081895,1
2022HU0081926,1
2022HU0081983,1
2022HU0082032,1
2022HU0082170,1
2022HU0082221,1
2022HU0082233,1
2022HU0082254,1
2022HU0082300,1
2022HU0082335,1
2022HU0082504,1
2022HU0082554,1
2022HU0082636,1
2022HU0082694,1
2022HU0082731,1
2022HU0082777,1
2022HU0082794,1
2022HU0082854,1
2022HU0082933,1
2022HU0082966,1
2022HU0083109,1
2022HU0083112,1
2022HU0083146,1
2022HU0083159,1
2022HU0083266,1
2022HU0083428,1
2022HU0083444,1
2022HU0083502,1
2022HU0083523,1
2022HU0083546,1
2022HU0083592,1
2022HU0083613,1
2022HU0083620,1
2022HU0083632,1
2022HU0083733,1
2022HU0083885,1
2022HU0084085,1
2022HU0084184,1
2022HU0084283,1
2022HU0084416,1
2022HU0084532,1
2022HU0084556,1
2022HU0084568,1
2022HU0084607,1
2022HU0084703,1
2022HU0084706,1
2022HU0084739,1
2022HU0084775,1
2022HU0084903,1
2022HU0085044,1
2022HU0085097,1
2022HU0085200,1
2022HU0085333,1
2022HU0085366,1
2022HU0085479,1
2022HU0085491,1
2022HU0085569,1
2022HU0085580,1
2022HU0085773,1
2022HU0085808,1
2022HU0085904,1
2022HU0085917,1
2022HU0085934,1
2022HU0085963,1
2022HU0086020,1
2022HU0086106,1
2022HU0086114,1
2022HU0086126,1
2022HU0086132,1
2022HU0086234,1
2022HU0086330,1
2022HU0086339,1
2022HU0086346,1
2022HU0086454,1
2022HU0086573,1
2022HU0086621,1
2022HU0086710,1
2022HU0086758,1
2022HU0086779,1
2022HU0086818,1
2022HU0086981,1
2022HU0087040,1
2022HU0087223,1
2022HU0087387,1
2022HU0087483,1
2022HU0087503,1
2022HU0087573,1
2022HU0087643,1
2022HU0087717,1
2022HU0087762,1
2022HU0087943,1
2022HU0088056,1
2022HU0088093,1
2022HU0088102,1
2022HU0088137,1
2022HU0088241,1
2022HU0088270,1
2022HU0088282,1
2022HU0088625,1
2022HU0088691,1
2022HU0088695,1
2022HU0088708,1
2022HU0088778,1
2022HU0088910,1
2022HU0089047,1
2022HU0089238,1
2022HU0089262,1
2022HU0089344,1
2022HU0089505,1
2022HU0089569,1
2022HU0089574,1
2022HU0089667,1
2022HU0089789,1
2022HU0089881,1
2022HU0089939,1
2022HU0089941,1
2022HU0090019,1
2022HU0090056,1
2022HU0090163,1
2022HU0090178,1
2022HU0090204,1
2022HU0090214,1
2022HU0090217,1
2022HU0090307,1
2022HU0090308,1
2022HU0090439,1
2022HU0090451,1
2022HU0090504,1
2022HU0090542,1
2022HU0090631,1
2022HU0090693,1
2022HU0090774,1
2022HU0090956,1
2022HU0090990,1
2022HU0091036,1
2022HU0091124,1
2022HU0091260,1
2022HU0091362,1
2022HU0091751,1
2022HU0091757,1
2022HU0091882,1
2022HU0092240,1
2022HU0092334,1
2022HU0092350,1
2022HU0092414,1
2022HU0092538,1
2022HU0092630,1
2022HU0092649,1
2022HU0092775,1
2022HU0092814,1
2022HU0093031,1
2022HU0093076,1
2022HU0093103,1
2022HU0093207,1
2022HU0093303,1
2022HU0093343,1
2022HU0093398,1
2022HU0093631,1
2022HU0093632,1
2022HU0093635,1
2022HU0093651,1
2022HU0093874,1
2022HU0094082,1
2022HU0094213,1
2022HU0094363,1
2022HU0094397,1
2022HU0094433,1
2022HU0094488,1
2022HU0094920,1
2022HU0094975,1
2022HU0095077,1
2022HU0095079,1
2022HU0095185,1
2022HU0095280,1
2022HU0095317,1
2022HU0095410,1
2022HU0095501,1
2022HU0095521,1
2022HU0095775,1
2022HU0095786,1
2022HU0095788,1
2022HU0095811,1
2022HU0095915,1
2022HU0095917,1
2022HU0096013,1
2022HU0096019,1
2022HU0096091,1
2022HU0096303,1
2022HU0096401,1
2022HU0096405,1
2022HU0096514,1
2022HU0096612,1
2022HU0096695,1
2022HU0096717,1
2022HU0096725,1
2022HU0096766,1
2022HU0096791,1
2022HU0096834,1
2022HU0096951,1
2022HU0096960,1
2022HU0097050,1
2022HU0097355,1
2022HU0097426,1
2022HU0097515,1
2022HU0097645,1
2022HU0097733,1
2022HU0097749,1
2022HU0097769,1
2022HU0097800,1
2022HU0097815,1
2022HU0097832,1
2022HU0097888,1
2022HU0098016,1
2022HU0098064,1
2022HU0098096,1
2022HU0098116,1
2022HU0098164,1
2022HU0098227,1
2022HU0098327,1
2022HU0098342,1
2022HU0098388,1
2022HU0098418,1
2022HU0098469,1
2022HU0098622,1
2022HU0098654,1
2022HU0098659,1
2022HU0098764,1
2022HU0098817,1
2022HU0098838,1
2022HU0098845,1
2022HU0098970,1
2022HU0099068,1
2022HU0099102,1
2022HU0099255,1
2022HU0099260,1
2022HU0099266,1
2022HU0099290,1
2022HU0099301,1
2022HU0099335,1
2022HU0099414,1
2022HU0099431,1
2022HU0099450,1
2022HU0099585,1
2022HU0099587,1
2022HU0099756,1
2022HU0099850,1
2022HU0099866,1
2022HU0099898,1
2022HU0100006,1
2022HU0100048,1
2022HU0100227,1
2022HU0100446,1
2022HU0100470,1
2022HU0100615,1
2022HU0100633,1
2022HU0100640,1
2022HU0100656,1
2022HU0100706,1
2022HU0100758,1
2022HU0101177,1
2022HU0101189,1
2022HU0101207,1
2022HU0101238,1
2022HU0101303,1
2022HU0101425,1
2022HU0101500,1
2022HU0101521,1
2022HU0101535,1
2022HU0101625,1
2022HU0101675,1
2022HU0101693,1
2022HU0101709,1
2022HU0101809,1
2022HU0101925,1
2022HU0102002,1
2022HU0102051,1
2022HU0102057,1
2022HU0102081,1
2022HU0102156,1
2022HU0102169,1
2022HU0102206,1
2022HU0102331,1
2022HU0102354,1
2022HU0102355,1
2022HU0102398,1
2022HU0102418,1
2022HU0102602,1
2022HU0102817,1
2022HU0102907,1
2022HU0102976,1
2022HU0103127,1
2022HU0103399,1
2022HU0103543,1
2022HU0103708,1
2022HU0103802,1
2022HU0103814,1
2022HU0103819,1
2022HU0103988,1
2022HU0104041,1
2022HU0104145,1
2022HU0104214,1
2022HU0104245,1
2022HU0104259,1
2022HU0104289,1
2022HU0104327,1
2022HU0104465,1
2022HU0104608,1
2022HU0104672,1
2022HU0104758,1
2022HU0104767,1
2022HU0104781,1
2022HU0104856,1
2022HU0104861,1
2022HU0104890,1
2022HU0105076,1
2022HU0105136,1
2022HU0105220,1
2022HU0105300,1
2022HU0105387,1
2022HU0105782,1
2022HU0106028,1
2022HU0106074,1
2022HU0106089,1
2022HU0106273,1
2022HU0106616,1
2022HU0106770,1
2022HU0106960,1
2022HU0107066,1
2022HU0107071,1
2022HU0107371,1
2022HU0107444,1
2022HU0107490,1
2022HU0107531,1
2022HU0107540,1
2022HU0107596,1
2022HU0107810,1
2022HU0107892,1
2022HU0107908,1
2022HU0107962,1
2022HU0107968,1
2022HU0108019,1
2022HU0108079,1
2022HU0108139,1
2022HU0108242,1
2022HU0108366,1
2022HU0108534,1
2022HU0108584,1
2022HU0108763,1
2022HU0108772,1
2022HU0108859,1
2022HU0108943,1
2022HU0109072,1
2022HU0109128,1
2022HU0109194,1
2022HU0109415,1
2022HU0109435,1
2022HU0109470,1
2022HU0109475,1
2022HU0109514,1
2022HU0109554,1
2022HU0109685,1
2022HU0109728,1
2022HU0109835,1
2022HU0109859,1
2022HU0109979,1
2022HU0109995,1
2022HU0110009,1
2022HU0110034,1
2022HU0110059,1
2022HU0110124,1
2022HU0110127,1
2022HU0110203,1
2022HU0110222,1
2022HU0110344,1
2022HU0110357,1
2022HU0110389,1
2022HU0110410,1
2022HU0110537,1
2022HU0110750,1
2022HU0110758,1
2022HU0110908,1
2022HU0110947,1
2022HU0110949,1
2022HU0110974,1
2022HU0111019,1
2022HU0111092,1
2022HU0111246,1
2022HU0111295,1
2022HU0111314,1
2022HU0111341,1
2022HU0111406,1
2022HU0111481,1
2022HU0111543,1
2022HU0111682,1
2022HU0111685,1
2022HU0111756,1
2022HU0111788,1
2022HU0111888,1
2022HU0112011,1
2022HU0112145,1
2022HU0112276,1
2022HU0112294,1
2022HU0112360,1
2022HU0112453,1
2022HU0112495,1
2022HU0112605,1
2022HU0112617,1
2022HU0112634,1
2022HU0112736,1
2022HU0112844,1
2022HU0113019,1
2022HU0113029,1
2022HU0113107,1
2022HU0113177,1
2022HU0113260,1
2022HU0113284,1
2022HU0113296,1
2022HU0113378,1
2022HU0113570,1
2022HU0113625,1
2022HU0113802,1
2022HU0114022,1
2022HU0114023,1
2022HU0114048,1
2022HU0114146,1
2022HU0114156,1
2022HU0114189,1
2022HU0114220,1
2022HU0114254,1
2022HU0114328,1
2022HU0114334,1
2022HU0114420,1
2022HU0114435,1
2022HU0114497,1
2022HU0114500,1
2022HU0114610,1
2022HU0114642,1
2022HU0114658,1
2022HU0114707,1
2022HU0114834,1
2022HU0114891,1
2022HU0114927,1
2022HU0115076,1
2022HU0115234,1
2022HU0115349,1
2022HU0115392,1
2022HU0115463,1
2022HU0115603,1
2022HU0115693,1
2022HU0115717,1
2022HU0115792,1
2022HU0115807,1
2022HU0115826,1
2022HU0115935,1
2022HU0116014,1
2022HU0116350,1
2022HU0116636,1
2022HU0116646,1
2022HU0116687,1
2022HU0116701,1
2022HU0116702,1
2022HU0116707,1
2022HU0116709,1
2022HU0116715,1
2022HU0116876,1
2022HU0116912,1
2022HU0116942,1
2022HU0116949,1
2022HU0117001,1
2022HU0117005,1
2022HU0117179,1
2022HU0117208,1
2022HU0117290,1
2022HU0117300,1
2022HU0117307,1
2022HU0117377,1
2022HU0117551,1
2022HU0117619,1
2022HU0117661,1
2022HU0117701,1
2022HU0117862,1
2022HU0117957,1
2022HU0117968,1
2022HU0117971,1
2022HU0118033,1
2022HU0118069,1
2022HU0118089,1
2022HU0118282,1
2022HU0118300,1
2022HU0118438,1
2022HU0118454,1
2022HU0118530,1
2022HU0118532,1
2022HU0118648,1
2022HU0118662,1
2022HU0118916,1
2022HU0119001,1
2022HU0119116,1
2022HU0119169,1
2022HU0119193,1
2022HU0119196,1
2022HU0119281,1
2022HU0119420,1
2022HU0119537,1
2022HU0119570,1
2022HU0119660,1
2022HU0119678,1
2022HU0119714,1
2022HU0119858,1
2022HU0119893,1
2022HU0120023,1
2022HU0120041,1
2022HU0120138,1
2022HU0120282,1
2022HU0120421,1
2022HU0120434,1
2022HU0120446,1
2022HU0120549,1
2022HU0120575,1
2022HU0120636,1
2022HU0120681,1
2022HU0120751,1
2022HU0120769,1
2022HU0120913,1
2022HU0121081,1
2022HU0121216,1
2022HU0121267,1
2022HU0121420,1
2022HU0121434,1
2022HU0121436,1
2022HU0121449,1
2022HU0121515,1
2022HU0121527,1
2022HU0121636,1
2022HU0121838,1
2022HU0122158,1
2022HU0122171,1
2022HU0122202,1
2022HU0122217,1
2022HU0122273,1
2022HU0122347,1
2022HU0122364,1
2022HU0122577,1
2022HU0122594,1
2022HU0122779,1
2022HU0122806,1
2022HU0122807,1
2022HU0122824,1
2022HU0122874,1
2022HU0122965,1
2022HU0122981,1
2022HU0122995,1
2022HU0123079,1
2022HU0123126,1
2022HU0123253,1
2022HU0123352,1
2022HU0123599,1
2022HU0123729,1
2022HU0123749,1
2022HU0123852,1
2022HU0123886,1
2022HU0123935,1
2022HU0123959,1
2022HU0124022,1
2022HU0124095,1
2022HU0124200,1
2022HU0124203,1
2022HU0124223,1
2022HU0124246,1
2022HU0124283,1
2022HU0124338,1
2022HU0124378,1
2022HU0124432,1
2022HU0124546,1
2022HU0124735,1
2022HU0124821,1
2022HU0124912,1
2022HU0125037,1
2022HU0125092,1
2022HU0125103,1
2022HU0125262,1
2022HU0125275,1
2022HU0125354,1
2022HU0125356,1
2022HU0125396,1
2022HU0125449,1
2022HU0125478,1
2022HU0125591,1
2022HU0125606,1
2022HU0125647,1
2022HU0125654,1
2022HU0125665,1
2022HU0125770,1
2022HU0125864,1
2022HU0125896,1
2022HU0125924,1
2022HU0125971,1
2022HU0126060,1
2022HU0126180,1
2022HU0126332,1
2022HU0126363,1
2022HU0126533,1
2022HU0126634,1
2022HU0126802,1
2022HU0126813,1
2022HU0126892,1
2022HU0126926,1
2022HU0127036,1
2022HU0127072,1
2022HU0127079,1
2022HU0127124,1
2022HU0127127,1
2022HU0127147,1
2022HU0127237,1
2022HU0127268,1
2022HU0127426,1
2022HU0127491,1
2022HU0127547,1
2022HU0127674,1
2022HU0127729,1
2022HU0127837,1
2022HU0127929,1
2022HU0128008,1
2022HU0128118,1
2022HU0128131,1
2022HU0128202,1
2022HU0128267,1
2022HU0128389,1
2022HU0128392,1
2022HU0128510,1
2022HU0128548,1
2022HU0128667,1
2022HU0128726,1
2022HU0128795,1
2022HU0128874,1
2022HU0128887,1
2022HU0128895,1
2022HU0128911,1
2022HU0128959,1
2022HU0128973,1
2022HU0129155,1
2022HU0129288,1
2022HU0129492,1
2022HU0129555,1
2022HU0129558,1
2022HU0129575,1
2022HU0129639,1
2022HU0129681,1
2022HU0129683,1
2022HU0129720,1
2022HU0129727,1
2022HU0129922,1
2022HU0129938,1
2022HU0130012,1
2022HU0130199,1
2022HU0130211,1
2022HU0130367,1
2022HU0130446,1
2022HU0130452,1
2022HU0130550,1
2022HU0130573,1
2022HU0130711,1
2022HU0130769,1
2022HU0130831,1
2022HU0130905,1
2022HU0130997,1
2022HU0131082,1
2022HU0131090,1
2022HU0131156,1
2022HU0131213,1
2022HU0131238,1
2022HU0131480,1
2022HU0131493,1
2022HU0131674,1
2022HU0131954,1
2022HU0131965,1
2022HU0132039,1
2022HU0132077,1
2022HU0132084,1
2022HU0132093,1
2022HU0132109,1
2022HU0132232,1
2022HU0132273,1
2022HU0132328,1
2022HU0132434,1
2022HU0132483,1
2022HU0132552,1
2022HU0132570,1
2022HU0132575,1
2022HU0132640,1
2022HU0132696,1
2022HU0132701,1
2022HU0132813,1
2022HU0132859,1
2022HU0132946,1
2022HU0132967,1
2022HU0132975,1
2022HU0133122,1
2022HU0133149,1
2022HU0133162,1
2022HU0133189,1
2022HU0133283,1
2022HU0133394,1
2022HU0133409,1
2022HU0133451,1
2022HU0133536,1
2022HU0133563,1
2022HU0133594,1
2022HU0133609,1
2022HU0133628,1
2022HU0133629,1
2022HU0133694,1
2022HU0133766,1
2022HU0133771,1
2022HU0133785,1
2022HU0133877,1
2022HU0133924,1
2022HU0133970,1
2022HU0133994,1
2022HU0134246,1
2022HU0134252,1
2022HU0134262,1
2022HU0134421,1
2022HU0134539,1
2022HU0134587,1
2022HU0134732,1
2022HU0134866,1
2022HU0134903,1
2022HU0135029,1
2022HU0135143,1
2022HU0135290,1
2022HU0135639,1
2022HU0135660,1
2022HU0135694,1
2022HU0135815,1
2022HU0135878,1
2022HU0135883,1
2022HU0135891,1
2022HU0136015,1
2022HU0136116,1
2022HU0136322,1
2022HU0136363,1
2022HU0136544,1
2022HU0137055,1
2022HU0137161,1
2022HU0137181,1
2022HU0137203,1
2022HU0137208,1
2022HU0137233,1
2022HU0137345,1
2022HU0137532,1
2022HU0137569,1
2022HU0137669,1
2022HU0137760,1
2022HU0137817,1
2022HU0137866,1
2022HU0137963,1
2022HU0138030,1
2022HU0138062,1
2022HU0138088,1
2022HU0138099,1
2022HU0138114,1
2022HU0138282,1
2022HU0138285,1
2022HU0138600,1
2022HU0138708,1
2022HU0138745,1
2022HU0138761,1
2022HU0138861,1
2022HU0138864,1
2022HU0138954,1
2022HU0138993,1
2022HU0139033,1
2022HU0139063,1
2022HU0139139,1
2022HU0139142,1
2022HU0139211,1
2022HU0139467,1
2022HU0139524,1
2022HU0139716,1
2022HU0139752,1
2022HU0139767,1
2022HU0139787,1
2022HU0139797,1
2022HU0139863,1
2022HU0139922,1
2022HU0140102,1
2022HU0140221,1
2022HU0140327,1
2022HU0140361,1
2022HU0140377,1
2022HU0140472,1
2022HU0140526,1
2022HU0140675,1
2022HU0140929,1
2022HU0140972,1
2022HU0140988,1
2022HU0141136,1
2022HU0141270,1
2022HU0141271,1
2022HU0141280,1
2022HU0141303,1
2022HU0141376,1
2022HU0141395,1
2022HU0141449,1
2022HU0141450,1
2022HU0141553,1
2022HU0141631,1
2022HU0141633,1
2022HU0141673,1
2022HU0141788,1
2022HU0141809,1
2022HU0141872,1
2022HU0141875,1
2022HU0141941,1
2022HU0141993,1
2022HU0142001,1
2022HU0142038,1
2022HU0142129,1
2022HU0142207,1
2022HU0142232,1
2022HU0142325,1
2022HU0142341,1
2022HU0142672,1
2022HU0142680,1
2022HU0142692,1
2022HU0142875,1
2022HU0142944,1
2022HU0142979,1
2022HU0143009,1
2022HU0143066,1
2022HU0143074,1
2022HU0143257,1
2022HU0143295,1
2022HU0143324,1
2022HU0143396,1
2022HU0143511,1
2022HU0143553,1
2022HU0143576,1
2022HU0143616,1
2022HU0143710,1
2022HU0143748,1
2022HU0143774,1
2022HU0143878,1
2022HU0143949,1
2022HU0144039,1
2022HU0144094,1
2022HU0144187,1
2022HU0144237,1
2022HU0144276,1
2022HU0144349,1
2022HU0144481,1
2022HU0144499,1
2022HU0144589,1
2022HU0144697,1
2022HU0144738,1
2022HU0144855,1
2022HU0144966,1
2022HU0145001,1
2022HU0145021,1
2022HU0145106,1
2022HU0145177,1
2022HU0145180,1
2022HU0145183,1
2022HU0145251,1
2022HU0145331,1
2022HU0145474,1
2022HU0145531,1
2022HU0145596,1
2022HU0145662,1
2022HU0145714,1
2022HU0145724,1
2022HU0145885,1
2022HU0145943,1
2022HU0146108,1
2022HU0146115,1
2022HU0146135,1
2022HU0146212,1
2022HU0146232,1
2022HU0146430,1
2022HU0146475,1
2022HU0146526,1
2022HU0146551,1
2022HU0146634,1
2022HU0146699,1
2022HU0146769,1
2022HU0146770,1
2022HU0146784,1
2022HU0146797,1
2022HU0146897,1
2022HU0146953,1
2022HU0146962,1
2022HU0147078,1
2022HU0147085,1
2022HU0147135,1
2022HU0147185,1
2022HU0147300,1
2022HU0147317,1
2022HU0147399,1
2022HU0147490,1
2022HU0147533,1
2022HU0147784,1
2022HU0147803,1
2022HU0147838,1
2022HU0147865,1
2022HU0147891,1
2022HU0148085,1
2022HU0148133,1
2022HU0148186,1
2022HU0148202,1
2022HU0148208,1
2022HU0148277,1
2022HU0148354,1
2022HU0148391,1
2022HU0148429,1
2022HU0148447,1
2022HU0148523,1
2022HU0148620,1
2022HU0148673,1
2022HU0148792,1
2022HU0148840,1
2022HU0148912,1
2022HU0148937,1
2022HU0148962,1
2022HU0149129,1
2022HU0149190,1
2022HU0149221,1
2022HU0149295,1
2022HU0149315,1
2022HU0149358,1
2022HU0149413,1
2022HU0149489,1
2022HU0149495,1
2022HU0149498,1
2022HU0149549,1
2022HU0149586,1
2022HU0149624,1
2022HU0149740,1
2022HU0149867,1
2022HU0150012,1
2022HU0150017,1
2022HU0150045,1
2022HU0150058,1
2022HU0150067,1
2022HU0150087,1
2022HU0150274,1
2022HU0150389,1
2022HU0150521,1
2022HU0150556,1
2022HU0150597,1
2022HU0150607,1
2022HU0150741,1
2022HU0150962,1
2022HU0151031,1
2022HU0151105,1
2022HU0151133,1
2022HU0151156,1
2022HU0151179,1
2022HU0151284,1
2022HU0151327,1
2022HU0151417,1
2022HU0151510,1
2022HU0151657,1
2022HU0151751,1
2022HU0151820,1
2022HU0151933,1
2022HU0152157,1
2022HU0152318,1
2022HU0152332,1
2022HU0152399,1
2022HU0152558,1
2022HU0152561,1
2022HU0152598,1
2022HU0152637,1
2022HU0152644,1
2022HU0152651,1
2022HU0152712,1
2022HU0152806,1
2022HU0152856,1
2022HU0153018,1
2022HU0153053,1
2022HU0153056,1
2022HU0153071,1
2022HU0153183,1
2022HU0153184,1
2022HU0153281,1
2022HU0153335,1
2022HU0153347,1
2022HU0153478,1
2022HU0153542,1
2022HU0153573,1
2022HU0153619,1
2022HU0153697,1
2022HU0153933,1
2022HU0154111,1
2022HU0154133,1
2022HU0154137,1
2022HU0154159,1
2022HU0154270,1
2022HU0154275,1
2022HU0154323,1
2022HU0154535,1
2022HU0154855,1
2022HU0154860,1
2022HU0154912,1
2022HU0154951,1
2022HU0155193,1
2022HU0155221,1
2022HU0155252,1
2022HU0155286,1
2022HU0155303,1
2022HU0155313,1
2022HU0155366,1
2022HU0155589,1
2022HU0155610,1
2022HU0155704,1
2022HU0155803,1
2022HU0155830,1
2022HU0155854,1
2022HU0155861,1
2022HU0155937,1
2022HU0156077,1
2022HU0156081,1
2022HU0156128,1
2022HU0156234,1
2022HU0156357,1
2022HU0156664,1
2022HU0156718,1
2022HU0156727,1
2022HU0156769,1
2022HU0156772,1
2022HU0156785,1
2022HU0156830,1
2022HU0156850,1
2022HU0156906,1
2022HU0156926,1
2022HU0157154,1
2022HU0157252,1
2022HU0157276,1
2022HU0157299,1
2022HU0157396,1
2022HU0157408,1
2022HU0157470,1
2022HU0157537,1
2022HU0157644,1
2022HU0157666,1
2022HU0157738,1
2022HU0157742,1
2022HU0157774,1
2022HU0157780,1
2022HU0157792,1
2022HU0157808,1
2022HU0157869,1
2022HU0157910,1
2022HU0157974,1
2022HU0158038,1
2022HU0158061,1
2022HU0158077,1
2022HU0158106,1
2022HU0158150,1
2022HU0158304,1
2022HU0158307,1
2022HU0158428,1
2022HU0158496,1
2022HU0158500,1
2022HU0158521,1
2022HU0158703,1
2022HU0158759,1
2022HU0158769,1
2022HU0158862,1
2022HU0158948,1
2022HU0159091,1
2022HU0159150,1
2022HU0159173,1
2022HU0159290,1
2022HU0159332,1
2022HU0159360,1
2022HU0159614,1
2022HU0159649,1
2022HU0159685,1
2022HU0159716,1
2022HU0159718,1
2022HU0159809,1
2022HU0159828,1
2022HU0159829,1
2022HU0159912,1
2022HU0160086,1
2022HU0160108,1
2022HU0160114,1
2022HU0160146,1
2022HU0160213,1
2022HU0160248,1
2022HU0160346,1
2022HU0160353,1
2022HU0160406,1
2022HU0160569,1
2022HU0160616,1
2022HU0160662,1
2022HU0160706,1
2022HU0160911,1
2022HU0160934,1
2022HU0161056,1
2022HU0161244,1
2022HU0161310,1
2022HU0161322,1
2022HU0161591,1
2022HU0161692,1
2022HU0161890,1
2022HU0162059,1
2022HU0162072,1
2022HU0162172,1
2022HU0162215,1
2022HU0162251,1
2022HU0162487,1
2022HU0162506,1
2022HU0162598,1
2022HU0162824,1
2022HU0162855,1
2022HU0163093,1
2022HU0163108,1
2022HU0163270,1
2022HU0163276,1
2022HU0163400,1
2022HU0163462,1
2022HU0163484,1
2022HU0163584,1
2022HU0163617,1
2022HU0163748,1
2022HU0164010,1
2022HU0164084,1
2022HU0164095,1
2022HU0164198,1
2022HU0164213,1
2022HU0164266,1
2022HU0164293,1
2022HU0164377,1
2022HU0164391,1
2022HU0164412,1
2022HU0164442,1
2022HU0164696,1
2022HU0164923,1
2022HU0164924,1
2022HU0165083,1
2022HU0165091,1
2022HU0165179,1
2022HU0165225,1
2022HU0165254,1
2022HU0165264,1
2022HU0165312,1
2022HU0165332,1
2022HU0165340,1
2022HU0165413,1
2022HU0165426,1
2022HU0165442,1
2022HU0165526,1
2022HU0165563,1
2022HU0165597,1
2022HU0165695,1
2022HU0165704,1
2022HU0165746,1
2022HU0165788,1
2022HU0165789,1
2022HU0165869,1
2022HU0165911,1
2022HU0165950,1
2022HU0165995,1
2022HU0166082,1
2022HU0166301,1
2022HU0166348,1
2022HU0166387,1
2022HU0166429,1
2022HU0166930,1
2022HU0166950,1
2022HU0166972,1
2022HU0167014,1
2022HU0167188,1
2022HU0167279,1
2022HU0167341,1
2022HU0167344,1
2022HU0167429,1
2022HU0167492,1
2022HU0167539,1
2022HU0167792,1
2022HU0167800,1
2022HU0167826,1
2022HU0168084,1
2022HU0168132,1
2022HU0168184,1
2022HU0168202,1
2022HU0168205,1
2022HU0168285,1
2022HU0168315,1
2022HU0168327,1
2022HU0168434,1
2022HU0168549,1
2022HU0168830,1
2022HU0168892,1
2022HU0169057,1
2022HU0169070,1
2022HU0169107,1
2022HU0169233,1
2022HU0169249,1
2022HU0169258,1
2022HU0169325,1
2022HU0169550,1
2022HU0169571,1
2022HU0169574,1
2022HU0169631,1
2022HU0169805,1
2022HU0169859,1
2022HU0170049,1
2022HU0170064,1
2022HU0170116,1
2022HU0170159,1
2022HU0170211,1
2022HU0170293,1
2022HU0170322,1
2022HU0170342,1
2022HU0170346,1
2022HU0170381,1
2022HU0170444,1
2022HU0170495,1
2022HU0170582,1
2022HU0170591,1
2022HU0170655,1
2022HU0170668,1
2022HU0170679,1
2022HU0170709,1
2022HU0170725,1
2022HU0170755,1
2022HU0170834,1
2022HU0170987,1
2022HU0171016,1
2022HU0171036,1
2022HU0171102,1
2022HU0171160,1
2022HU0171245,1
2022HU0171268,1
2022HU0171368,1
2022HU0171407,1
2022HU0171467,1
2022HU0171587,1
2022HU0171624,1
2022HU0171657,1
2022HU0171673,1
2022HU0171802,1
2022HU0171922,1
2022HU0172143,1
2022HU0172251,1
2022HU0172265,1
2022HU0172296,1
2022HU0172322,1
2022HU0172333,1
2022HU0172679,1
2022HU0172730,1
2022HU0172880,1
2022HU0172888,1
2022HU0172957,1
2022HU0173153,1
2022HU0173187,1
2022HU0173270,1
2022HU0173364,1
2022HU0173391,1
2022HU0173420,1
2022HU0173498,1
2022HU0173543,1
2022HU0173600,1
2022HU0173641,1
2022HU0173703,1
2022HU0173721,1
2022HU0173804,1
2022HU0173812,1
2022HU0173843,1
2022HU0173859,1
2022HU0173873,1
2022HU0173954,1
2022HU0174013,1
2022HU0174082,1
2022HU0174086,1
2022HU0174159,1
2022HU0174263,1
2022HU0174344,1
2022HU0174382,1
2022HU0174483,1
2022HU0174492,1
2022HU0174566,1
2022HU0174733,1
2022HU0174966,1
2022HU0174984,1
2022HU0175058,1
2022HU0175099,1
2022HU0175128,1
2022HU0175140,1
2022HU0175163,1
2022HU0175171,1
2022HU0175222,1
2022HU0175374,1
2022HU0175384,1
2022HU0175429,1
2022HU0175514,1
2022HU0175534,1
2022HU0175558,1
2022HU0175576,1
2022HU0175592,1
2022HU0175636,1
2022HU0175740,1
2022HU0175750,1
2022HU0175806,1
2022HU0175920,1
2022HU0176037,1
2022HU0176185,1
2022HU0176211,1
2022HU0176239,1
2022HU0176298,1
2022HU0176334,1
2022HU0176335,1
2022HU0176349,1
2022HU0176565,1
2022HU0176645,1
2022HU0176663,1
2022HU0176690,1
2022HU0176785,1
2022HU0176805,1
2022HU0176826,1
2022HU0176861,1
2022HU0177035,1
2022HU0177085,1
2022HU0177182,1
2022HU0177299,1
2022HU0177343,1
2022HU0177389,1
2022HU0177439,1
2022HU0177463,1
2022HU0177468,1
2022HU0177480,1
2022HU0177486,1
2022HU0177590,1
2022HU0177592,1
2022HU0177695,1
2022HU0177788,1
2022HU0177789,1
2022HU0177824,1
2022HU0177871,1
2022HU0177986,1
2022HU0178078,1
2022HU0178081,1
2022HU0178150,1
2022HU0178183,1
2022HU0178206,1
2022HU0178341,1
2022HU0178475,1
2022HU0178512,1
2022HU0178599,1
2022HU0178707,1
2022HU0178754,1
2022HU0178780,1
2022HU0178815,1
2022HU0178864,1
2022HU0178896,1
2022HU0178911,1
2022HU0178949,1
2022HU0179098,1
2022HU0179149,1
2022HU0179210,1
2022HU0179247,1
2022HU0179302,1
2022HU0179405,1
2022HU0179446,1
2022HU0179523,1
2022HU0179644,1
2022HU0179715,1
2022HU0179789,1
2022HU0180019,1
2022HU0180033,1
2022HU0180147,1
2022HU0180191,1
2022HU0180243,1
2022HU0180291,1
2022HU0180295,1
2022HU0180326,1
2022HU0180440,1
2022HU0180488,1
2022HU0180680,1
2022HU0180796,1
2022HU0180811,1
2022HU0180814,1
2022HU0180880,1
2022HU0180942,1
2022HU0180947,1
2022HU0181036,1
2022HU0181054,1
2022HU0181071,1
2022HU0181076,1
2022HU0181124,1
2022HU0181157,1
2022HU0181200,1
2022HU0181209,1
2022HU0181325,1
2022HU0181351,1
2022HU0181428,1
2022HU0181525,1
2022HU0181579,1
2022HU0181600,1
2022HU0181602,1
2022HU0181735,1
2022HU0181900,1
2022HU0181986,1
2022HU0182042,1
2022HU0182093,1
2022HU0182104,1
2022HU0182356,1
2022HU0182383,1
2022HU0182395,1
2022HU0182399,1
2022HU0182673,1
2022HU0182722,1
2022HU0182762,1
2022HU0182785,1
2022HU0182893,1
2022HU0182928,1
2022HU0182956,1
2022HU0183000,1
2022HU0183100,1
2022HU0183153,1
2022HU0183159,1
2022HU0183191,1
2022HU0183204,1
2022HU0183323,1
2022HU0183380,1
2022HU0183463,1
2022HU0183481,1
2022HU0183482,1
2022HU0183561,1
2022HU0183668,1
2022HU0183677,1
2022HU0183736,1
2022HU0183757,1
2022HU0183847,1
2022HU0183849,1
2022HU0183853,1
2022HU0183862,1
2022HU0183899,1
2022HU0183918,1
2022HU0183937,1
2022HU0184029,1
2022HU0184105,1
2022HU0184157,1
2022HU0184200,1
2022HU0184265,1
2022HU0184274,1
2022HU0184308,1
2022HU0184436,1
2022HU0184477,1
2022HU0184496,1
2022HU0184506,1
2022HU0184537,1
2022HU0184549,1
2022HU0184620,1
2022HU0184653,1
2022HU0184722,1
2022HU0184839,1
2022HU0184914,1
2022HU0184955,1
2022HU0184960,1
2022HU0184988,1
2022HU0185012,1
2022HU0185052,1
2022HU0185090,1
2022HU0185261,1
2022HU0185380,1
2022HU0185450,1
2022HU0185456,1
2022HU0185772,1
2022HU0185783,1
2022HU0185900,1
2022HU0185978,1
2022HU0186034,1
2022HU0186056,1
2022HU0186225,1
2022HU0186253,1
2022HU0186410,1
2022HU0186447,1
2022HU0186504,1
2022HU0186533,1
2022HU0186626,1
2022HU0186727,1
2022HU0186773,1
2022HU0186834,1
2022HU0186927,1
2022HU0187075,1
2022HU0187084,1
2022HU0187087,1
2022HU0187217,1
2022HU0187234,1
2022HU0187235,1
2022HU0187264,1
2022HU0187311,1
2022HU0187426,1
2022HU0187681,1
2022HU0187788,1
2022HU0187829,1
2022HU0187843,1
2022HU0187932,1
2022HU0187992,1
2022HU0188035,1
2022HU0188054,1
2022HU0188056,1
2022HU0188082,1
2022HU0188146,1
2022HU0188244,1
2022HU0188323,1
2022HU0188480,1
2022HU0188545,1
2022HU0188702,1
2022HU0188825,1
2022HU0189068,1
2022HU0189135,1
2022HU0189340,1
2022HU0189375,1
2022HU0189378,1
2022HU0189398,1
2022HU0189399,1
2022HU0189553,1
2022HU0189558,1
2022HU0189677,1
2022HU0189711,1
2022HU0189725,1
2022HU0189770,1
2022HU0189804,1
2022HU0189808,1
2022HU0189853,1
2022HU0189875,1
2022HU0189905,1
2022HU0189927,1
2022HU0190046,1
2022HU0190149,1
2022HU0190351,1
2022HU0190352,1
2022HU0190437,1
2022HU0190441,1
2022HU0190478,1
2022HU0190710,1
2022HU0190858,1
2022HU0190945,1
2022HU0190993,1
2022HU0191007,1
2022HU0191036,1
2022HU0191094,1
2022HU0191107,1
2022HU0191254,1
2022HU0191389,1
2022HU0191500,1
2022HU0191502,1
2022HU0191565,1
2022HU0191616,1
2022HU0191738,1
2022HU0191893,1
2022HU0192087,1
2022HU0192175,1
2022HU0192477,1
2022HU0192650,1
2022HU0192662,1
2022HU0192798,1
2022HU0192819,1
2022HU0192913,1
2022HU0193048,1
2022HU0193183,1
2022HU0193329,1
2022HU0193375,1
2022HU0193381,1
2022HU0193407,1
2022HU0193465,1
2022HU0193572,1
2022HU0193638,1
2022HU0193812,1
2022HU0193820,1
2022HU0193958,1
2022HU0193968,1
2022HU0194154,1
2022HU0194228,1
2022HU0194250,1
2022HU0194315,1
2022HU0194546,1
2022HU0194620,1
2022HU0194748,1
2022HU0194768,1
2022HU0194771,1
2022HU0194787,1
2022HU0194833,1
2022HU0194906,1
2022HU0194985,1
2022HU0194989,1
2022HU0195057,1
2022HU0195072,1
2022HU0195149,1
2022HU0195267,1
2022HU0195318,1
2022HU0195343,1
2022HU0195407,1
2022HU0195425,1
2022HU0195451,1
2022HU0195478,1
2022HU0195499,1
2022HU0195517,1
2022HU0195675,1
2022HU0196039,1
2022HU0196197,1
2022HU0196264,1
2022HU0196270,1
2022HU0196314,1
2022HU0196349,1
2022HU0196406,1
2022HU0196469,1
2022HU0196534,1
2022HU0196558,1
2022HU0196574,1
2022HU0196635,1
2022HU0196762,1
2022HU0196770,1
2022HU0196773,1
2022HU0196784,1
2022HU0196828,1
2022HU0196905,1
2022HU0196915,1
2022HU0196981,1
2022HU0197102,1
2022HU0197191,1
2022HU0197248,1
2022HU0197303,1
2022HU0197365,1
2022HU0197438,1
2022HU0197484,1
2022HU0197535,1
2022HU0197574,1
2022HU0197606,1
2022HU0197668,1
2022HU0197675,1
2022HU0197911,1
2022HU0198087,1
2022HU0198156,1
2022HU0198174,1
2022HU0198189,1
2022HU0198237,1
2022HU0198239,1
2022HU0198244,1
2022HU0198339,1
2022HU0198600,1
2022HU0198717,1
2022HU0198801,1
2022HU0198841,1
2022HU0198932,1
2022HU0198938,1
2022HU0198950,1
2022HU0199120,1
2022HU0199162,1
2022HU0199331,1
2022HU0199440,1
2022HU0199448,1
2022HU0199458,1
2022HU0199471,1
2022HU0199556,1
2022HU0199637,1
2022HU0199722,1
2022HU0199747,1
2022HU0199867,1
2022HU0199913,1
2022HU0199924,1
2022HU0200002,1
2022HU0200126,1
2022HU0200193,1
2022HU0200215,1
2022HU0200355,1
2022HU0200822,1
2022HU0200899,1
2022HU0200953,1
2022HU0201202,1
2022HU0201239,1
2022HU0201245,1
2022HU0201252,1
2022HU0201350,1
2022HU0201605,1
2022HU0201645,1
2022HU0201650,1
2022HU0201756,1
2022HU0201922,1
2022HU0202042,1
2022HU0202060,1
2022HU0202088,1
2022HU0202167,1
2022HU0202248,1
2022HU0202304,1
2022HU0202374,1
2022HU0202528,1
2022HU0202532,1
2022HU0202550,1
2022HU0202685,1
2022HU0202710,1
2022HU0202713,1
2022HU0202762,1
2022HU0202819,1
2022HU0202820,1
2022HU0202827,1
2022HU0202908,1
2022HU0202924,1
2022HU0203080,1
2022HU0203241,1
2022HU0203386,1
2022HU0203551,1
2022HU0203616,1
2022HU0203665,1
2022HU0203756,1
2022HU0203766,1
2022HU0203908,1
2022HU0203952,1
2022HU0203984,1
2022HU0204209,1
2022HU0204258,1
2022HU0204389,1
2022HU0204403,1
2022HU0204559,1
2022HU0204623,1
2022HU0204716,1
2022HU0204753,1
2022HU0204899,1
2022HU0204931,1
2022HU0205009,1
2022HU0205144,1
2022HU0205230,1
2022HU0205410,1
2022HU0205476,1
2022HU0205509,1
2022HU0205555,1
2022HU0205623,1
2022HU0205725,1
2022HU0205816,1
2022HU0205850,1
2022HU0205905,1
2022HU0205907,1
2022HU0205909,1
2022HU0205920,1
2022HU0206056,1
2022HU0206058,1
2022HU0206185,1
2022HU0206194,1
2022HU0206209,1
2022HU0206222,1
2022HU0206275,1
2022HU0206323,1
2022HU0206435,1
2022HU0206548,1
2022HU0206687,1
2022HU0206778,1
2022HU0206866,1
2022HU0206875,1
2022HU0206901,1
2022HU0206939,1
2022HU0206968,1
2022HU0206992,1
2022HU0206994,1
2022HU0207062,1
2022HU0207206,1
2022HU0207279,1
2022HU0207341,1
2022HU0207455,1
2022HU0207464,1
2022HU0207530,1
2022HU0207549,1
2022HU0207566,1
2022HU0207595,1
2022HU0207683,1
2022HU0207693,1
2022HU0207745,1
2022HU0207931,1
2022HU0207958,1
2022HU0207988,1
2022HU0208000,1
2022HU0208001,1
2022HU0208005,1
2022HU0208029,1
2022HU0208155,1
2022HU0208163,1
2022HU0208182,1
2022HU0208237,1
2022HU0208389,1
2022HU0208394,1
2022HU0208454,1
2022HU0208614,1
2022HU0208733,1
2022HU0208827,1
2022HU0208829,1
2022HU0208926,1
2022HU0208979,1
2022HU0209094,1
2022HU0209107,1
2022HU0209174,1
2022HU0209179,1
2022HU0209351,1
2022HU0209353,1
2022HU0209452,1
2022HU0209467,1
2022HU0209648,1
2022HU0209775,1
2022HU0209826,1
2022HU0209834,1
2022HU0209841,1
2022HU0209964,1
2022HU0210190,1
2022HU0210289,1
2022HU0210454,1
2022HU0210511,1
2022HU0210547,1
2022HU0210567,1
2022HU0210601,1
2022HU0210614,1
2022HU0210617,1
2022HU0210668,1
2022HU0210700,1
2022HU0210792,1
2022HU0210868,1
2022HU0210915,1
2022HU0210929,1
2022HU0210998,1
2022HU0211142,1
2022HU0211270,1
2022HU0211363,1
2022HU0211493,1
2022HU0211535,1
2022HU0211547,1
2022HU0211620,1
2022HU0211758,1
2022HU0211800,1
2022HU0212019,1
2022HU0212046,1
2022HU0212324,1
2022HU0212336,1
2022HU0212500,1
2022HU0212654,1
2022HU0212715,1
2022HU0212814,1
2022HU0212848,1
2022HU0212892,1
2022HU0212926,1
2022HU0213053,1
2022HU0213114,1
2022HU0213127,1
2022HU0213153,1
2022HU0213381,1
2022HU0213397,1
2022HU0213488,1
2022HU0213497,1
2022HU0213520,1
2022HU0213549,1
2022HU0213647,1
2022HU0213767,1
2022HU0213883,1
2022HU0213915,1
2022HU0213977,1
2022HU0214020,1
2022HU0214038,1
2022HU0214234,1
2022HU0214354,1
2022HU0214373,1
2022HU0214460,1
2022HU0214469,1
2022HU0214497,1
2022HU0214673,1
2022HU0214744,1
2022HU0214748,1
2022HU0214787,1
2022HU0214926,1
2022HU0215016,1
2022HU0215018,1
2022HU0215053,1
2022HU0215079,1
2022HU0215171,1
2022HU0215349,1
2022HU0215435,1
2022HU0215514,1
2022HU0215557,1
2022HU0215625,1
2022HU0215651,1
2022HU0215659,1
2022HU0215757,1
2022HU0215835,1
2022HU0215860,1
2022HU0215862,1
2022HU0215870,1
2022HU0215898,1
2022HU0215913,1
2022HU0215942,1
2022HU0215946,1
2022HU0215994,1
2022HU0216063,1
2022HU0216140,1
2022HU0216266,1
2022HU0216278,1
2022HU0216301,1
2022HU0216355,1
2022HU0216421,1
2022HU0216621,1
2022HU0216651,1
2022HU0216787,1
2022HU0216897,1
2022HU0216979,1
2022HU0216997,1
2022HU0217081,1
2022HU0217122,1
2022HU0217375,1
2022HU0217418,1
2022HU0217526,1
2022HU0217623,1
2022HU0217653,1
2022HU0217696,1
2022HU0217719,1
2022HU0217727,1
2022HU0217835,1
2022HU0217968,1
2022HU0217994,1
2022HU0218031,1
2022HU0218135,1
2022HU0218248,1
2022HU0218402,1
2022HU0218407,1
2022HU0218450,1
2022HU0218472,1
2022HU0218639,1
2022HU0218669,1
2022HU0218697,1
2022HU0218787,1
2022HU0218859,1
2022HU0218941,1
2022HU0218961,1
2022HU0218990,1
2022HU0219060,1
2022HU0219079,1
2022HU0219326,1
2022HU0219383,1
2022HU0219480,1
2022HU0219578,1
2022HU0219627,1
2022HU0219681,1
2022HU0219716,1
2022HU0219738,1
2022HU0219764,1
2022HU0219773,1
2022HU0219781,1
2022HU0219791,1
2022HU0219799,1
2022HU0219821,1
2022HU0219857,1
2022HU0219858,1
2022HU0219899,1
2022HU0219901,1
2022HU0219973,1
2022HU0220102,1
2022HU0220139,1
2022HU0220170,1
2022HU0220373,1
2022HU0220453,1
2022HU0220458,1
2022HU0220512,1
2022HU0220558,1
2022HU0220576,1
2022HU0220607,1
2022HU0220617,1
2022HU0220763,1
2022HU0220852,1
2022HU0220862,1
2022HU0220995,1
2022HU0221344,1
2022HU0221363,1
2022HU0221511,1
2022HU0221539,1
2022HU0221552,1
2022HU0221671,1
2022HU0221749,1
2022HU0221816,1
2022HU0221928,1
2022HU0221998,1
2022HU0222042,1
2022HU0222070,1
2022HU0222122,1
2022HU0222169,1
2022HU0222209,1
2022HU0222356,1
2022HU0222444,1
2022HU0222492,1
2022HU0222510,1
2022HU0222698,1
2022HU0222778,1
2022HU0222890,1
2022HU0223196,1
2022HU0223300,1
2022HU0223355,1
2022HU0223382,1
2022HU0223397,1
2022HU0223464,1
2022HU0223469,1
2022HU0223497,1
2022HU0223621,1
2022HU0223691,1
2022HU0223706,1
2022HU0223767,1
2022HU0223800,1
2022HU0223928,1
2022HU0224157,1
2022HU0224229,1
2022HU0224445,1
2022HU0224533,1
2022HU0224847,1
2022HU0224906,1
2022HU0224915,1
2022HU0225014,1
2022HU0225025,1
2022HU0225043,1
2022HU0225062,1
2022HU0225127,1
2022HU0225285,1
2022HU0225503,1
2022HU0225566,1
2022HU0225596,1
2022HU0225712,1
2022HU0225790,1
2022HU0225801,1
2022HU0225832,1
2022HU0225833,1
2022HU0225878,1
2022HU0225904,1
2022HU0225973,1
2022HU0226009,1
2022HU0226161,1
2022HU0226204,1
2022HU0226248,1
2022HU0226281,1
2022HU0226503,1
2022HU0226572,1
2022HU0226598,1
2022HU0226608,1
2022HU0226668,1
2022HU0226717,1
2022HU0226833,1
2022HU0227018,1
2022HU0227080,1
2022HU0227158,1
2022HU0227272,1
2022HU0227284,1
2022HU0227502,1
2022HU0227566,1
2022HU0227578,1
2022HU0227638,1
2022HU0227668,1
2022HU0227716,1
2022HU0227722,1
2022HU0227822,1
2022HU0227956,1
2022HU0227980,1
2022HU0228034,1
2022HU0228086,1
2022HU0228182,1
2022HU0228286,1
2022HU0228288,1
2022HU0228368,1
2022HU0228619,1
2022HU0228638,1
2022HU0228790,1
2022HU0228922,1
2022HU0228973,1
2022HU0229012,1
2022HU0229149,1
2022HU0229322,1
2022HU0229323,1
2022HU0229575,1
2022HU0229598,1
2022HU0229651,1
2022HU0229666,1
2022HU0229994,1
2022HU0230028,1
2022HU0230098,1
2022HU0230128,1
2022HU0230154,1
2022HU0230159,1
2022HU0230187,1
2022HU0230223,1
2022HU0230254,1
2022HU0230420,1
2022HU0230446,1
2022HU0230462,1
2022HU0230514,1
2022HU0230601,1
2022HU0230607,1
2022HU0230618,1
2022HU0230639,1
2022HU0230983,1
2022HU0230997,1
2022HU0231005,1
2022HU0231109,1
2022HU0231322,1
2022HU0231328,1
2022HU0231386,1
2022HU0231565,1
2022HU0231803,1
2022HU0231807,1
2022HU0231826,1
2022HU0231875,1
2022HU0232013,1
2022HU0232071,1
2022HU0232262,1
2022HU0232268,1
2022HU0232306,1
2022HU0232364,1
2022HU0232424,1
2022HU0232456,1
2022HU0232565,1
2022HU0232569,1
2022HU0232682,1
2022HU0232717,1
2022HU0232775,1
2022HU0232908,1
2022HU0232951,1
2022HU0232997,1
2022HU0233056,1
2022HU0233112,1
2022HU0233116,1
2022HU0233213,1
2022HU0233300,1
2022HU0233541,1
2022HU0233556,1
2022HU0233599,1
2022HU0233717,1
2022HU0233762,1
2022HU0233812,1
2022HU0233828,1
2022HU0233913,1
2022HU0234202,1
2022HU0234259,1
2022HU0234330,1
2022HU0234331,1
2022HU0234376,1
2022HU0234412,1
2022HU0234440,1
2022HU0234558,1
2022HU0234651,1
2022HU0234751,1
2022HU0234789,1
2022HU0234937,1
2022HU0234994,1
2022HU0235005,1
2022HU0235027,1
2022HU0235130,1
2022HU0235133,1
2022HU0235153,1
2022HU0235303,1
2022HU0235328,1
2022HU0235469,1
2022HU0235564,1
2022HU0235583,1
2022HU0235654,1
2022HU0235700,1
2022HU0235731,1
2022HU0235739,1
2022HU0235843,1
2022HU0235920,1
2022HU0235988,1
2022HU0236004,1
2022HU0236188,1
2022HU0236229,1
2022HU0236365,1
2022HU0236409,1
2022HU0236413,1
2022HU0236416,1
2022HU0236492,1
2022HU0236556,1
2022HU0236609,1
2022HU0236658,1
2022HU0236740,1
2022HU0236891,1
2022HU0236997,1
2022HU0237046,1
2022HU0237110,1
2022HU0237175,1
2022HU0237257,1
2022HU0237298,1
2022HU0237368,1
2022HU0237408,1
2022HU0237461,1
2022HU0237650,1
2022HU0237731,1
2022HU0237833,1
2022HU0237888,1
2022HU0237911,1
2022HU0237934,1
2022HU0238029,1
2022HU0238041,1
2022HU0238051,1
2022HU0238311,1
2022HU0238321,1
2022HU0238401,1
2022HU0238426,1
2022HU0238561,1
2022HU0238722,1
2022HU0238763,1
2022HU0238783,1
2022HU0238792,1
2022HU0238859,1
2022HU0238860,1
2022HU0238885,1
2022HU0239020,1
2022HU0239025,1
2022HU0239052,1
2022HU0239061,1
2022HU0239141,1
2022HU0239238,1
2022HU0239249,1
2022HU0239318,1
2022HU0239361,1
2022HU0239550,1
2022HU0239555,1
2022HU0239577,1
2022HU0239684,1
2022HU0239820,1
2022HU0239943,1
2022HU0239979,1
2022HU0239986,1
2022HU0239993,1
2022HU0240036,1
2022HU0240144,1
2022HU0240268,1
2022HU0240270,1
2022HU0240280,1
2022HU0240305,1
2022HU0240434,1
2022HU0240439,1
2022HU0240499,1
2022HU0240510,1
2022HU0240750,1
2022HU0240760,1
2022HU0240804,1
2022HU0241020,1
2022HU0241122,1
2022HU0241148,1
2022HU0241156,1
2022HU0241202,1
2022HU0241309,1
2022HU0241399,1
2022HU0241445,1
2022HU0241469,1
2022HU0241482,1
2022HU0241484,1
2022HU0241607,1
2022HU0241735,1
2022HU0241749,1
2022HU0241768,1
2022HU0241802,1
2022HU0241825,1
2022HU0241867,1
2022HU0241902,1
2022HU0241933,1
2022HU0242023,1
2022HU0242034,1
2022HU0242036,1
2022HU0242074,1
2022HU0242108,1
2022HU0242136,1
2022HU0242204,1
2022HU0242251,1
2022HU0242262,1
2022HU0242353,1
2022HU0242371,1
2022HU0242397,1
2022HU0242547,1
2022HU0242608,1
2022HU0242723,1
2022HU0242784,1
2022HU0242927,1
2022HU0243007,1
2022HU0243147,1
2022HU0243303,1
2022HU0243342,1
2022HU0243365,1
2022HU0243409,1
2022HU0243586,1
2022HU0243824,1
2022HU0243880,1
2022HU0244120,1
2022HU0244136,1
2022HU0244173,1
2022HU0244186,1
2022HU0244300,1
2022HU0244402,1
2022HU0244568,1
2022HU0244637,1
2022HU0244662,1
2022HU0244870,1
2022HU0244880,1
2022HU0244964,1
2022HU0245093,1
2022HU0245147,1
2022HU0245347,1
2022HU0245367,1
2022HU0245401,1
2022HU0245452,1
2022HU0245459,1
2022HU0245558,1
2022HU0245638,1
2022HU0245812,1
2022HU0246086,1
2022HU0246226,1
2022HU0246241,1
2022HU0246271,1
2022HU0246382,1
2022HU0246454,1
2022HU0246472,1
2022HU0246505,1
2022HU0246592,1
2022HU0247004,1
2022HU0247053,1
2022HU0247106,1
2022HU0247198,1
2022HU0247251,1
2022HU0247281,1
2022HU0247301,1
2022HU0247336,1
2022HU0247494,1
2022HU0247635,1
2022HU0247661,1
2022HU0247710,1
2022HU0247823,1
2022HU0247825,1
2022HU0247874,1
2022HU0247932,1
2022HU0248027,1
2022HU0248072,1
2022HU0248204,1
2022HU0248469,1
2022HU0248490,1
2022HU0248547,1
2022HU0248626,1
2022HU0248711,1
2022HU0248748,1
2022HU0248835,1
2022HU0248949,1
2022HU0248971,1
2022HU0249023,1
2022HU0249522,1
2022HU0249565,1
2022HU0249726,1
2022HU0249803,1
2022HU0249870,1
2022HU0249921,1
2022HU0249943,1
2022HU0250021,1
2022HU0250059,1
2022HU0250207,1
2022HU0250250,1
2022HU0250309,1
2022HU0250388,1
2022HU0250400,1
2022HU0250420,1
2022HU0250426,1
2022HU0250438,1
2022HU0250538,1
2022HU0250560,1
2022HU0250650,1
2022HU0250767,1
2022HU0250809,1
2022HU0250857,1
2022HU0250949,1
2022HU0251012,1
2022HU0251048,1
2022HU0251104,1
2022HU0251105,1
2022HU0251152,1
2022HU0251186,1
2022HU0251196,1
2022HU0251213,1
2022HU0251278,1
2022HU0251286,1
2022HU0251393,1
2022HU0251395,1
2022HU0251420,1
2022HU0251441,1
2022HU0251657,1
2022HU0251669,1
2022HU0251711,1
2022HU0251796,1
2022HU0252093,1
2022HU0252103,1
2022HU0252124,1
2022HU0252182,1
2022HU0252198,1
2022HU0252361,1
2022HU0252375,1
2022HU0252384,1
2022HU0252484,1
2022HU0252521,1
2022HU0252523,1
2022HU0252574,1
2022HU0252632,1
2022HU0252822,1
2022HU0252874,1
2022HU0252885,1
2022HU0252890,1
2022HU0252937,1
2022HU0252964,1
2022HU0253001,1
2022HU0253072,1
2022HU0253099,1
2022HU0253156,1
2022HU0253191,1
2022HU0253242,1
2022HU0253303,1
2022HU0253506,1
2022HU0253532,1
2022HU0253579,1
2022HU0253590,1
2022HU0253605,1
2022HU0253709,1
2022HU0253782,1
2022HU0253896,1
2022HU0253980,1
2022HU0254019,1
2022HU0254034,1
2022HU0254060,1
2022HU0254204,1
2022HU0254259,1
2022HU0254349,1
2022HU0254365,1
2022HU0254452,1
2022HU0254479,1
2022HU0254577,1
2022HU0254865,1
2022HU0254906,1
2022HU0254946,1
2022HU0254976,1
2022HU0254979,1
2022HU0254995,1
2022HU0255026,1
2022HU0255065,1
2022HU0255199,1
2022HU0255236,1
2022HU0255256,1
2022HU0255363,1
2022HU0255392,1
2022HU0255400,1
2022HU0255409,1
2022HU0255591,1
2022HU0255673,1
2022HU0255779,1
2022HU0255819,1
2022HU0256008,1
2022HU0256138,1
2022HU0256150,1
2022HU0256156,1
2022HU0256201,1
2022HU0256406,1
2022HU0256470,1
2022HU0256493,1
2022HU0256510,1
2022HU0256518,1
2022HU0256568,1
2022HU0256634,1
2022HU0256750,1
2022HU0256759,1
2022HU0256971,1
2022HU0256981,1
2022HU0257055,1
2022HU0257200,1
2022HU0257223,1
2022HU0257226,1
2022HU0257261,1
2022HU0257305,1
2022HU0257335,1
2022HU0257388,1
2022HU0257434,1
2022HU0257467,1
2022HU0257586,1
2022HU0257667,1
2022HU0257700,1
2022HU0257752,1
2022HU0257775,1
2022HU0257838,1
2022HU0257936,1
2022HU0257977,1
2022HU0258099,1
2022HU0258114,1
2022HU0258181,1
2022HU0258309,1
2022HU0258342,1
2022HU0258395,1
2022HU0258527,1
2022HU0258574,1
2022HU0258644,1
2022HU0258781,1
2022HU0258864,1
2022HU0258887,1
2022HU0258950,1
2022HU0258958,1
2022HU0258969,1
2022HU0258980,1
2022HU0258986,1
2022HU0259108,1
2022HU0259246,1
2022HU0259280,1
2022HU0259389,1
2022HU0259469,1
2022HU0259542,1
2022HU0259577,1
2022HU0259770,1
2022HU0259911,1
2022HU0259989,1
2022HU0260019,1
2022HU0260209,1
2022HU0260220,1
2022HU0260256,1
2022HU0260347,1
2022HU0260386,1
2022HU0260537,1
2022HU0260550,1
2022HU0260563,1
2022HU0260585,1
2022HU0260731,1
2022HU0260756,1
2022HU0260796,1
2022HU0260850,1
2022HU0260972,1
2022HU0261059,1
2022HU0261107,1
2022HU0261115,1
2022HU0261329,1
2022HU0261373,1
2022HU0261454,1
2022HU0261469,1
2022HU0261514,1
2022HU0261607,1
2022HU0261621,1
2022HU0261762,1
2022HU0261822,1
2022HU0261841,1
2022HU0262031,1
2022HU0262260,1
2022HU0262332,1
2022HU0262438,1
2022HU0262692,1
2022HU0262710,1
2022HU0262784,1
2022HU0262846,1
2022HU0262877,1
2022HU0263033,1
2022HU0263038,1
2022HU0263066,1
2022HU0263080,1
2022HU0263177,1
2022HU0263213,1
2022HU0263272,1
2022HU0263299,1
2022HU0263369,1
2022HU0263479,1
2022HU0263609,1
2022HU0263760,1
2022HU0263840,1
2022HU0263880,1
2022HU0263942,1
2022HU0264023,1
2022HU0264040,1
2022HU0264169,1
2022HU0264176,1
2022HU0264211,1
2022HU0264215,1
2022HU0264329,1
2022HU0264605,1
2022HU0264620,1
2022HU0264687,1
2022HU0264690,1
2022HU0264834,1
2022HU0264982,1
2022HU0265109,1
2022HU0265149,1
2022HU0265279,1
2022HU0265570,1
2022HU0265866,1
2022HU0265876,1
2022HU0265889,1
2022HU0266234,1
2022HU0266289,1
2022HU0266336,1
2022HU0266362,1
2022HU0266389,1
2022HU0266398,1
2022HU0266425,1
2022HU0266434,1
2022HU0266473,1
2022HU0266543,1
2022HU0266571,1
2022HU0266572,1
2022HU0266588,1
2022HU0266799,1
2022HU0266825,1
2022HU0266960,1
2022HU0267021,1
2022HU0267056,1
2022HU0267187,1
2022HU0267231,1
2022HU0267362,1
2022HU0267371,1
2022HU0267476,1
2022HU0267486,1
2022HU0267631,1
2022HU0267728,1
2022HU0267802,1
2022HU0267936,1
2022HU0267988,1
2022HU0268124,1
2022HU0268148,1
2022HU0268199,1
2022HU0268265,1
2022HU0268355,1
2022HU0268388,1
2022HU0268429,1
2022HU0268435,1
2022HU0268474,1
2022HU0268542,1
2022HU0268658,1
2022HU0268680,1
2022HU0268799,1
2022HU0268821,1
2022HU0268863,1
2022HU0268890,1
2022HU0268904,1
2022HU0268975,1
2022HU0268985,1
2022HU0269231,1
2022HU0269248,1
2022HU0269295,1
2022HU0269394,1
2022HU0269507,1
2022HU0269572,1
2022HU0269576,1
2022HU0269615,1
2022HU0269858,1
2022HU0269952,1
2022HU0269999,1
2022HU0270018,1
2022HU0270083,1
2022HU0270193,1
2022HU0270356,1
2022HU0270400,1
2022HU0270512,1
2022HU0270607,1
2022HU0270696,1
2022HU0270761,1
2022HU0270840,1
2022HU0270929,1
2022HU0270945,1
2022HU0270991,1
2022HU0270994,1
2022HU0271032,1
2022HU0271082,1
2022HU0271215,1
2022HU0271216,1
2022HU0271399,1
2022HU0271446,1
2022HU0271447,1
2022HU0271449,1
2022HU0271468,1
2022HU0271502,1
2022HU0271681,1
2022HU0271695,1
2022HU0271717,1
2022HU0271800,1
2022HU0271881,1
2022HU0271959,1
2022HU0271971,1
2022HU0272079,1
2022HU0272083,1
2022HU0272180,1
2022HU0272208,1
2022HU0272227,1
2022HU0272410,1
2022HU0272482,1
2022HU0272514,1
2022HU0272597,1
2022HU0272614,1
2022HU0272645,1
2022HU0272684,1
2022HU0272695,1
2022HU0272699,1
2022HU0272809,1
2022HU0272833,1
2022HU0272837,1
2022HU0272859,1
2022HU0272893,1
2022HU0272901,1
2022HU0272909,1
2022HU0272921,1
2022HU0273057,1
2022HU0273210,1
2022HU0273347,1
2022HU0273451,1
2022HU0273525,1
2022HU0273553,1
2022HU0273681,1
2022HU0273756,1
2022HU0273910,1
2022HU0273971,1
2022HU0273994,1
2022HU0274021,1
2022HU0274134,1
2022HU0274150,1
2022HU0274230,1
2022HU0274289,1
2022HU0274300,1
2022HU0274315,1
2022HU0274320,1
2022HU0274355,1
2022HU0274502,1
2022HU0274547,1
2022HU0274563,1
2022HU0274614,1
2022HU0274618,1
2022HU0274635,1
2022HU0274652,1
2022HU0274687,1
2022HU0274708,1
2022HU0274710,1
2022HU0274724,1
2022HU0274729,1
2022HU0274772,1
2022HU0274816,1
2022HU0274965,1
2022HU0275060,1
2022HU0275177,1
2022HU0275353,1
2022HU0275583,1
2022HU0275629,1
2022HU0275652,1
2022HU0275680,1
2022HU0275706,1
2022HU0275805,1
2022HU0275958,1
2022HU0275988,1
2022HU0276108,1
2022HU0276126,1
2022HU0276237,1
2022HU0276252,1
2022HU0276578,1
2022HU0276655,1
2022HU0276659,1
2022HU0276697,1
2022HU0276714,1
2022HU0276805,1
2022HU0276817,1
2022HU0276927,1
2022HU0277038,1
2022HU0277135,1
2022HU0277194,1
2022HU0277201,1
2022HU0277207,1
2022HU0277239,1
2022HU0277259,1
2022HU0277559,1
2022HU0277565,1
2022HU0277660,1
2022HU0277678,1
2022HU0277864,1
2022HU0277961,1
2022HU0278010,1
2022HU0278028,1
2022HU0278039,1
2022HU0278101,1
2022HU0278153,1
2022HU0278161,1
2022HU0278273,1
2022HU0278297,1
2022HU0278351,1
2022HU0278365,1
2022HU0278463,1
2022HU0278478,1
2022HU0278531,1
2022HU0278541,1
2022HU0278636,1
2022HU0278643,1
2022HU0278760,1
2022HU0278792,1
2022HU0278849,1
2022HU0278923,1
2022HU0279054,1
2022HU0279143,1
2022HU0279208,1
2022HU0279232,1
2022HU0279274,1
2022HU0279320,1
2022HU0279450,1
2022HU0279578,1
2022HU0279602,1
2022HU0279824,1
2022HU0279923,1
2022HU0279924,1
2022HU0280014,1
2022HU0280146,1
2022HU0280216,1
2022HU0280246,1
2022HU0280249,1
2022HU0280267,1
2022HU0280292,1
2022HU0280308,1
2022HU0280394,1
2022HU0280449,1
2022HU0280518,1
2022HU0280522,1
2022HU0280561,1
2022HU0280587,1
2022HU0280690,1
2022HU0280692,1
2022HU0280736,1
2022HU0280849,1
2022HU0280913,1
2022HU0280922,1
2022HU0281112,1
2022HU0281421,1
2022HU0281441,1
2022HU0281448,1
2022HU0281536,1
2022HU0281605,1
2022HU0281871,1
2022HU0282016,1
2022HU0282108,1
2022HU0282134,1
2022HU0282159,1
2022HU0282223,1
2022HU0282263,1
2022HU0282277,1
2022HU0282388,1
2022HU0282414,1
2022HU0282461,1
2022HU0282504,1
2022HU0282569,1
2022HU0282586,1
2022HU0282633,1
2022HU0282657,1
2022HU0282747,1
2022HU0282792,1
2022HU0282902,1
2022HU0282985,1
2022HU0283276,1
2022HU0283316,1
2022HU0283330,1
2022HU0283372,1
2022HU0283377,1
2022HU0283490,1
2022HU0283556,1
2022HU0283949,1
2022HU0284072,1
2022HU0284081,1
2022HU0284191,1
2022HU0284214,1
2022HU0284285,1
2022HU0284295,1
2022HU0284554,1
2022HU0284660,1
2022HU0284661,1
2022HU0284790,1
2022HU0284857,1
2022HU0284932,1
2022HU0285017,1
2022HU0285051,1
2022HU0285229,1
2022HU0285303,1
2022HU0285317,1
2022HU0285327,1
2022HU0285398,1
2022HU0285423,1
2022HU0285527,1
2022HU0285670,1
2022HU0285706,1
2022HU0285788,1
2022HU0285807,1
2022HU0285837,1
2022HU0285997,1
2022HU0286065,1
2022HU0286086,1
2022HU0286375,1
2022HU0286400,1
2022HU0286412,1
2022HU0286444,1
2022HU0286588,1
2022HU0286665,1
2022HU0286682,1
2022HU0286757,1
2022HU0286771,1
2022HU0286786,1
2022HU0286917,1
2022HU0286958,1
2022HU0287087,1
2022HU0287092,1
2022HU0287108,1
2022HU0287272,1
2022HU0287334,1
2022HU0287466,1
2022HU0287621,1
2022HU0287768,1
2022HU0287774,1
2022HU0287796,1
2022HU0287811,1
2022HU0287828,1
2022HU0287899,1
2022HU0287935,1
2022HU0287979,1
2022HU0287993,1
2022HU0288040,1
2022HU0288083,1
2022HU0288279,1
2022HU0288297,1
2022HU0288300,1
2022HU0288346,1
2022HU0288352,1
2022HU0288565,1
2022HU0288584,1
2022HU0288660,1
2022HU0288673,1
2022HU0288729,1
2022HU0288794,1
2022HU0288913,1
2022HU0288920,1
2022HU0289081,1
2022HU0289133,1
2022HU0289253,1
2022HU0289521,1
2022HU0289525,1
2022HU0289649,1
2022HU0289763,1
2022HU0289923,1
2022HU0289944,1
2022HU0290028,1
2022HU0290054,1
2022HU0290194,1
2022HU0290245,1
2022HU0290283,1
2022HU0290394,1
2022HU0290570,1
2022HU0290607,1
2022HU0290636,1
2022HU0290713,1
2022HU0290744,1
2022HU0290861,1
2022HU0290935,1
2022HU0290953,1
2022HU0291009,1
2022HU0291144,1
2022HU0291185,1
2022HU0291203,1
2022HU0291218,1
2022HU0291298,1
2022HU0291312,1
2022HU0291323,1
2022HU0291358,1
2022HU0291372,1
2022HU0291408,1
2022HU0291482,1
2022HU0291535,1
2022HU0291577,1
2022HU0291686,1
2022HU0291696,1
2022HU0291713,1
2022HU0291887,1
2022HU0291958,1
2022HU0291977,1
2022HU0291987,1
2022HU0292014,1
2022HU0292234,1
2022HU0292264,1
2022HU0292348,1
2022HU0292575,1
2022HU0292625,1
2022HU0292646,1
2022HU0292665,1
2022HU0292877,1
2022HU0292901,1
2022HU0293287,1
2022HU0293343,1
2022HU0293402,1
2022HU0293451,1
2022HU0293486,1
2022HU0293560,1
2022HU0293652,1
2022HU0293663,1
2022HU0293692,1
2022HU0293763,1
2022HU0293878,1
2022HU0293928,1
2022HU0294012,1
2022HU0294088,1
2022HU0294165,1
2022HU0294288,1
2022HU0294317,1
2022HU0294485,1
2022HU0294495,1
2022HU0294558,1
2022HU0294714,1
2022HU0294754,1
2022HU0294852,1
2022HU0294868,1
2022HU0294912,1
2022HU0295118,1
2022HU0295138,1
2022HU0295183,1
2022HU0295283,1
2022HU0295321,1
2022HU0295356,1
2022HU0295364,1
2022HU0295381,1
2022HU0295394,1
2022HU0295446,1
2022HU0295455,1
2022HU0295641,1
2022HU0295832,1
2022HU0295881,1
2022HU0295932,1
2022HU0295939,1
2022HU0296021,1
2022HU0296065,1
2022HU0296119,1
2022HU0296357,1
2022HU0296481,1
2022HU0296494,1
2022HU0296520,1
2022HU0296588,1
2022HU0296626,1
2022HU0296770,1
2022HU0296901,1
2022HU0296913,1
2022HU0297037,1
2022HU0297119,1
2022HU0297147,1
2022HU0297250,1
2022HU0297399,1
2022HU0297544,1
2022HU0297548,1
2022HU0297575,1
2022HU0297597,1
2022HU0297630,1
2022HU0297645,1
2022HU0297813,1
2022HU0297959,1
2022HU0298072,1
2022HU0298098,1
2022HU0298152,1
2022HU0298156,1
2022HU0298177,1
2022HU0298242,1
2022HU0298307,1
2022HU0298315,1
2022HU0298446,1
2022HU0298451,1
2022HU0298463,1
2022HU0298497,1
2022HU0298545,1
2022HU0298548,1
2022HU0298641,1
2022HU0298739,1
2022HU0298807,1
2022HU0298816,1
2022HU0298822,1
2022HU0298994,1
2022HU0299005,1
2022HU0299013,1
2022HU0299062,1
2022HU0299106,1
2022HU0299144,1
2022HU0299252,1
2022HU0299388,1
2022HU0299569,1
2022HU0299748,1
2022HU0299810,1
2022HU0299861,1
2022HU0299866,1
2022HU0299890,1
2022HU0300103,1
2022HU0300132,1
2022HU0300178,1
2022HU0300185,1
2022HU0300197,1
2022HU0300326,1
2022HU0300430,1
2022HU0300539,1
2022HU0300578,1
2022HU0300723,1
2022HU0300777,1
2022HU0300908,1
2022HU0301141,1
2022HU0301252,1
2022HU0301381,1
2022HU0301384,1
2022HU0301427,1
2022HU0301434,1
2022HU0301519,1
2022HU0301565,1
2022HU0301641,1
2022HU0301692,1
2022HU0301722,1
2022HU0301772,1
2022HU0301794,1
2022HU0301820,1
2022HU0301889,1
2022HU0301971,1
2022HU0301995,1
2022HU0301996,1
2022HU0302090,1
2022HU0302135,1
2022HU0302243,1
2022HU0302275,1
2022HU0302322,1
2022HU0302342,1
2022HU0302440,1
2022HU0302458,1
2022HU0302477,1
2022HU0302479,1
2022HU0302536,1
2022HU0302608,1
2022HU0302616,1
2022HU0302646,1
2022HU0302709,1
2022HU0302712,1
2022HU0302726,1
2022HU0302773,1
2022HU0302827,1
2022HU0302979,1
2022HU0303059,1
2022HU0303112,1
2022HU0303187,1
2022HU0303277,1
2022HU0303373,1
2022HU0303617,1
2022HU0303725,1
2022HU0303893,1
2022HU0304004,1
2022HU0304025,1
2022HU0304094,1
2022HU0304104,1
2022HU0304144,1
2022HU0304235,1
2022HU0304257,1
2022HU0304289,1
2022HU0304536,1
2022HU0304628,1
2022HU0304661,1
2022HU0304754,1
2022HU0304803,1
2022HU0304822,1
2022HU0304931,1
2022HU0305197,1
2022HU0305259,1
2022HU0305368,1
2022HU0305497,1
2022HU0305586,1
2022HU0305669,1
2022HU0305810,1
2022HU0305830,1
2022HU0305858,1
2022HU0305884,1
2022HU0305946,1
2022HU0305953,1
2022HU0306007,1
2022HU0306133,1
2022HU0306170,1
2022HU0306194,1
2022HU0306289,1
2022HU0306316,1
2022HU0306460,1
2022HU0306495,1
2022HU0306612,1
2022HU0306667,1
2022HU0306683,1
2022HU0306707,1
2022HU0306812,1
2022HU0306819,1
2022HU0306833,1
2022HU0306899,1
2022HU0307001,1
2022HU0307002,1
2022HU0307012,1
2022HU0307014,1
2022HU0307056,1
2022HU0307058,1
2022HU0307082,1
2022HU0307106,1
2022HU0307256,1
2022HU0307308,1
2022HU0307388,1
2022HU0307451,1
2022HU0307537,1
2022HU0307659,1
2022HU0307734,1
2022HU0307777,1
2022HU0307818,1
2022HU0308046,1
2022HU0308145,1
2022HU0308218,1
2022HU0308304,1
2022HU0308399,1
2022HU0308448,1
2022HU0308549,1
2022HU0308599,1
2022HU0308637,1
2022HU0308664,1
2022HU0308688,1
2022HU0308935,1
2022HU0308942,1
2022HU0308994,1
2022HU0309028,1
2022HU0309124,1
2022HU0309290,1
2022HU0309372,1
2022HU0309374,1
2022HU0309447,1
2022HU0309463,1
2022HU0309474,1
2022HU0309589,1
2022HU0309590,1
2022HU0309657,1
2022HU0309663,1
2022HU0309670,1
2022HU0309845,1
2022HU0309937,1
2022HU0309942,1
2022HU0310012,1
2022HU0310030,1
2022HU0310079,1
2022HU0310080,1
2022HU0310252,1
2022HU0310271,1
2022HU0310366,1
2022HU0310374,1
2022HU0310394,1
2022HU0310468,1
2022HU0310556,1
2022HU0310559,1
2022HU0310626,1
2022HU0310807,1
2022HU0310934,1
2022HU0311081,1
2022HU0311091,1
2022HU0311255,1
2022HU0311339,1
2022HU0311399,1
2022HU0311419,1
2022HU0311433,1
2022HU0311584,1
2022HU0311595,1
2022HU0311697,1
2022HU0311754,1
2022HU0311872,1
2022HU0311923,1
2022HU0312057,1
2022HU0312161,1
2022HU0312164,1
2022HU0312363,1
2022HU0312382,1
2022HU0312409,1
2022HU0312499,1
2022HU0312607,1
2022HU0312656,1
2022HU0312706,1
2022HU0312758,1
2022HU0312767,1
2022HU0312804,1
2022HU0312843,1
2022HU0312891,1
2022HU0313029,1
2022HU0313169,1
2022HU0313255,1
2022HU0313304,1
2022HU0313345,1
2022HU0313452,1
2022HU0313465,1
2022HU0313633,1
2022HU0313672,1
2022HU0313724,1
2022HU0313745,1
2022HU0313818,1
2022HU0313887,1
2022HU0314048,1
2022HU0314049,1
2022HU0314075,1
2022HU0314102,1
2022HU0314251,1
2022HU0314267,1
2022HU0314614,1
2022HU0314642,1
2022HU0314645,1
2022HU0314849,1
2022HU0314901,1
2022HU0314917,1
2022HU0315018,1
2022HU0315046,1
2022HU0315097,1
2022HU0315170,1
2022HU0315229,1
2022HU0315385,1
2022HU0315572,1
2022HU0315634,1
2022HU0315678,1
2022HU0315717,1
2022HU0315779,1
2022HU0315839,1
2022HU0315884,1
2022HU0315894,1
2022HU0315901,1
2022HU0315990,1
2022HU0316025,1
2022HU0316103,1
2022HU0316177,1
2022HU0316356,1
2022HU0316357,1
2022HU0316373,1
2022HU0316506,1
2022HU0316522,1
2022HU0316636,1
2022HU0316732,1
2022HU0316769,1
2022HU0316805,1
2022HU0316819,1
2022HU0316823,1
2022HU0316874,1
2022HU0316882,1
2022HU0316913,1
2022HU0317004,1
2022HU0317017,1
2022HU0317041,1
2022HU0317072,1
2022HU0317341,1
2022HU0317395,1
2022HU0317531,1
2022HU0317533,1
2022HU0317623,1
2022HU0317844,1
2022HU0318017,1
2022HU0318129,1
2022HU0318194,1
2022HU0318239,1
2022HU0318345,1
2022HU0318365,1
2022HU0318446,1
2022HU0318636,1
2022HU0318786,1
2022HU0318838,1
2022HU0318872,1
2022HU0318963,1
2022HU0318969,1
2022HU0319057,1
2022HU0319058,1
2022HU0319142,1
2022HU0319246,1
2022HU0319257,1
2022HU0319282,1
2022HU0319428,1
2022HU0319517,1
2022HU0319553,1
2022HU0319554,1
2022HU0319575,1
2022HU0319699,1
2022HU0319711,1
2022HU0319806,1
2022HU0319828,1
2022HU0319911,1
2022HU0319920,1
2022HU0319944,1
2022HU0320033,1
2022HU0320089,1
2022HU0320237,1
2022HU0320262,1
2022HU0320290,1
2022HU0320301,1
2022HU0320305,1
2022HU0320442,1
2022HU0320449,1
2022HU0320706,1
2022HU0320743,1
2022HU0320752,1
2022HU0320787,1
2022HU0320890,1
2022HU0320917,1
2022HU0321054,1
2022HU0321073,1
2022HU0321252,1
2022HU0321289,1
2022HU0321318,1
2022HU0321379,1
2022HU0321394,1
2022HU0321513,1
2022HU0321570,1
2022HU0321583,1
2022HU0321652,1
2022HU0321702,1
2022HU0321735,1
2022HU0321832,1
2022HU0321876,1
2022HU0322017,1
2022HU0322074,1
2022HU0322167,1
2022HU0322217,1
2022HU0322352,1
2022HU0322363,1
2022HU0322523,1
2022HU0322709,1
2022HU0322763,1
2022HU0322796,1
2022HU0322797,1
2022HU0322828,1
2022HU0323013,1
2022HU0323084,1
2022HU0323090,1
2022HU0323120,1
2022HU0323145,1
2022HU0323193,1
2022HU0323216,1
2022HU0323217,1
2022HU0323220,1
2022HU0323268,1
2022HU0323293,1
2022HU0323383,1
2022HU0323494,1
2022HU0323534,1
2022HU0323611,1
2022HU0323677,1
2022HU0323766,1
2022HU0323803,1
2022HU0324239,1
2022HU0324498,1
2022HU0325051,1
2022HU0325093,1
2022HU0325134,1
2022HU0325140,1
2022HU0325173,1
2022HU0325182,1
2022HU0325347,1
2022HU0325351,1
2022HU0325381,1
2022HU0325489,1
2022HU0325521,1
2022HU0325590,1
2022HU0325637,1
2022HU0325737,1
2022HU0325777,1
2022HU0325787,1
2022HU0325919,1
2022HU0326351,1
2022HU0326358,1
2022HU0326360,1
2022HU0326447,1
2022HU0326458,1
2022HU0326515,1
2022HU0326662,1
2022HU0326759,1
2022HU0326827,1
2022HU0326856,1
2022HU0326860,1
2022HU0326956,1
2022HU0326957,1
2022HU0326971,1
2022HU0327042,1
2022HU0327195,1
2022HU0327256,1
2022HU0327378,1
2022HU0327594,1
2022HU0327670,1
2022HU0327716,1
2022HU0327727,1
2022HU0327730,1
2022HU0327742,1
2022HU0327878,1
2022HU0327893,1
2022HU0327902,1
2022HU0327922,1
2022HU0327979,1
2022HU0328026,1
2022HU0328044,1
2022HU0328181,1
2022HU0328222,1
2022HU0328252,1
2022HU0328315,1
2022HU0328361,1
2022HU0328432,1
2022HU0328491,1
2022HU0328653,1
2022HU0328789,1
2022HU0328900,1
2022HU0329051,1
2022HU0329067,1
2022HU0329069,1
2022HU0329073,1
2022HU0329106,1
2022HU0329135,1
2022HU0329173,1
2022HU0329183,1
2022HU0329239,1
2022HU0329318,1
2022HU0329346,1
2022HU0329460,1
2022HU0329550,1
2022HU0329568,1
2022HU0329611,1
2022HU0329613,1
2022HU0329616,1
2022HU0329649,1
2022HU0329686,1
2022HU0329857,1
2022HU0329960,1
2022HU0330159,1
2022HU0330204,1
2022HU0330220,1
2022HU0330455,1
2022HU0330489,1
2022HU0330564,1
2022HU0330624,1
2022HU0330777,1
2022HU0330857,1
2022HU0331014,1
2022HU0331053,1
2022HU0331107,1
2022HU0331108,1
2022HU0331235,1
2022HU0331292,1
2022HU0331330,1
2022HU0331393,1
2022HU0331455,1
2022HU0331557,1
2022HU0331707,1
2022HU0331840,1
2022HU0331887,1
2022HU0331968,1
2022HU0331988,1
2022HU0332014,1
2022HU0332045,1
2022HU0332093,1
2022HU0332239,1
2022HU0332246,1
2022HU0332351,1
2022HU0332364,1
2022HU0332472,1
2022HU0332506,1
2022HU0332507,1
2022HU0332548,1
2022HU0332549,1
2022HU0332568,1
2022HU0332660,1
2022HU0332745,1
2022HU0332756,1
2022HU0332866,1
2022HU0332899,1
2022HU0332950,1
2022HU0332960,1
2022HU0333081,1
2022HU0333333,1
2022HU0333434,1
2022HU0333657,1
2022HU0333754,1
2022HU0333836,1
2022HU0333894,1
2022HU0333897,1
2022HU0333936,1
2022HU0333994,1
2022HU0334102,1
2022HU0334205,1
2022HU0334209,1
2022HU0334243,1
2022HU0334255,1
2022HU0334323,1
2022HU0334453,1
2022HU0334492,1
2022HU0334494,1
2022HU0334553,1
2022HU0334555,1
2022HU0334610,1
2022HU0334662,1
2022HU0334710,1
2022HU0334782,1
2022HU0334785,1
2022HU0334885,1
2022HU0334953,1
2022HU0335100,1
2022HU0335146,1
2022HU0335170,1
2022HU0335202,1
2022HU0335218,1
2022HU0335241,1
2022HU0335261,1
2022HU0335348,1
2022HU0335393,1
2022HU0335497,1
2022HU0335539,1
2022HU0335568,1
2022HU0335726,1
2022HU0335731,1
2022HU0335738,1
2022HU0335822,1
2022HU0335876,1
2022HU0335974,1
2022HU0335975,1
2022HU0336088,1
2022HU0336128,1
2022HU0336184,1
2022HU0336305,1
2022HU0336312,1
2022HU0336427,1
2022HU0336444,1
2022HU0336460,1
2022HU0336614,1
2022HU0336684,1
2022HU0336693,1
2022HU0336744,1
2022HU0336814,1
2022HU0336866,1
2022HU0336956,1
2022HU0336971,1
2022HU0337041,1
2022HU0337145,1
2022HU0337163,1
2022HU0337208,1
2022HU0337244,1
2022HU0337395,1
2022HU0337500,1
2022HU0337679,1
2022HU0337753,1
2022HU0337768,1
2022HU0337810,1
2022HU0337853,1
2022HU0337859,1
2022HU0337979,1
2022HU0338027,1
2022HU0338041,1
2022HU0338119,1
2022HU0338197,1
2022HU0338324,1
2022HU0338388,1
2022HU0338681,1
2022HU0338726,1
2022HU0338798,1
2022HU0338854,1
2022HU0339139,1
2022HU0339158,1
2022HU0339209,1
2022HU0339286,1
2022HU0339307,1
2022HU0339530,1
2022HU0339720,1
2022HU0339777,1
2022HU0339883,1
2022HU0339889,1
2022HU0340010,1
2022HU0340103,1
2022HU0340119,1
2022HU0340154,1
2022HU0340256,1
2022HU0340352,1
2022HU0340496,1
2022HU0340507,1
2022HU0340733,1
2022HU0340861,1
2022HU0340872,1
2022HU0340964,1
2022HU0341179,1
2022HU0341227,1
2022HU0341259,1
2022HU0341354,1
2022HU0341432,1
2022HU0341471,1
2022HU0341513,1
2022HU0341528,1
2022HU0341688,1
2022HU0341725,1
2022HU0341733,1
2022HU0341826,1
2022HU0341828,1
2022HU0341956,1
2022HU0341995,1
2022HU0342011,1
2022HU0342203,1
2022HU0342256,1
2022HU0342275,1
2022HU0342281,1
2022HU0342283,1
2022HU0342286,1
2022HU0342337,1
2022HU0342364,1
2022HU0342389,1
2022HU0342390,1
2022HU0342398,1
2022HU0342442,1
2022HU0342443,1
2022HU0342507,1
2022HU0342663,1
2022HU0342749,1
2022HU0342891,1
2022HU0342957,1
2022HU0343040,1
2022HU0343074,1
2022HU0343092,1
2022HU0343201,1
2022HU0343498,1
2022HU0343502,1
2022HU0343540,1
2022HU0343598,1
2022HU0343619,1
2022HU0343705,1
2022HU0343764,1
2022HU0343852,1
2022HU0343868,1
2022HU0343962,1
2022HU0344052,1
2022HU0344099,1
2022HU0344196,1
2022HU0344237,1
2022HU0344407,1
2022HU0344456,1
2022HU0344571,1
2022HU0344582,1
2022HU0344610,1
2022HU0344615,1
2022HU0344648,1
2022HU0344654,1
2022HU0344663,1
2022HU0344717,1
2022HU0344785,1
2022HU0344896,1
2022HU0344914,1
2022HU0344934,1
2022HU0345028,1
2022HU0345056,1
2022HU0345200,1
2022HU0345447,1
2022HU0345470,1
2022HU0345527,1
2022HU0345609,1
2022HU0345653,1
2022HU0345699,1
2022HU0345807,1
2022HU0345839,1
2022HU0345985,1
2022HU0346018,1
2022HU0346179,1
2022HU0346196,1
2022HU0346357,1
2022HU0346413,1
2022HU0346440,1
2022HU0346502,1
2022HU0346588,1
2022HU0346854,1
2022HU0346909,1
2022HU0346926,1
2022HU0347008,1
2022HU0347086,1
2022HU0347108,1
2022HU0347127,1
2022HU0347172,1
2022HU0347236,1
2022HU0347356,1
2022HU0347471,1
2022HU0347480,1
2022HU0347485,1
2022HU0347524,1
2022HU0347588,1
2022HU0347614,1
2022HU0347672,1
2022HU0347729,1
2022HU0348013,1
2022HU0348144,1
2022HU0348157,1
2022HU0348237,1
2022HU0348558,1
2022HU0348590,1
2022HU0348610,1
2022HU0348635,1
2022HU0348661,1
2022HU0348740,1
2022HU0348855,1
2022HU0348919,1
2022HU0348974,1
2022HU0349145,1
2022HU0349146,1
2022HU0349215,1
2022HU0349247,1
2022HU0349251,1
2022HU0349314,1
2022HU0349320,1
2022HU0349345,1
2022HU0349368,1
2022HU0349395,1
2022HU0349506,1
2022HU0349536,1
2022HU0349722,1
2022HU0349747,1
2022HU0349959,1
2022HU0349970,1
2022HU0350149,1
2022HU0350155,1
2022HU0350162,1
2022HU0350301,1
2022HU0350349,1
2022HU0350394,1
2022HU0350416,1
2022HU0350494,1
2022HU0350561,1
2022HU0350582,1
2022HU0350701,1
2022HU0350737,1
2022HU0350743,1
2022HU0350784,1
2022HU0351023,1
2022HU0351073,1
2022HU0351437,1
2022HU0351476,1
2022HU0351511,1
2022HU0351547,1
2022HU0351582,1
2022HU0351645,1
2022HU0351792,1
2022HU0351904,1
2022HU0352023,1
2022HU0352069,1
2022HU0352168,1
2022HU0352581,1
2022HU0352610,1
2022HU0352707,1
2022HU0352718,1
2022HU0353057,1
2022HU0353354,1
2022HU0353585,1
2022HU0353684,1
2022HU0353727,1
2022HU0353735,1
2022HU0353798,1
2022HU0353863,1
2022HU0353879,1
2022HU0353924,1
2022HU0353933,1
2022HU0353961,1
2022HU0354009,1
2022HU0354201,1
2022HU0354351,1
2022HU0354384,1
2022HU0354454,1
2022HU0354467,1
2022HU0354487,1
2022HU0354496,1
2022HU0354512,1
2022HU0354827,1
2022HU0354848,1
2022HU0354941,1
2022HU0354942,1
2022HU0354955,1
2022HU0355010,1
2022HU0355032,1
2022HU0355033,1
2022HU0355073,1
2022HU0355113,1
2022HU0355144,1
2022HU0355220,1
2022HU0355368,1
2022HU0355401,1
2022HU0355522,1
2022HU0355578,1
2022HU0355749,1
2022HU0355771,1
2022HU0355790,1
2022HU0355808,1
2022HU0355847,1
2022HU0355851,1
2022HU0355873,1
2022HU0355908,1
2022HU0356085,1
2022HU0356148,1
2022HU0356205,1
2022HU0356208,1
2022HU0356408,1
2022HU0356420,1
2022HU0356464,1
2022HU0356520,1
2022HU0356617,1
2022HU0356623,1
2022HU0356762,1
2022HU0356818,1
2022HU0356828,1
2022HU0356965,1
2022HU0357055,1
2022HU0357070,1
2022HU0357136,1
2022HU0357318,1
2022HU0357431,1
2022HU0357460,1
2022HU0357524,1
2022HU0357754,1
2022HU0357868,1
2022HU0358109,1
2022HU0358378,1
2022HU0358438,1
2022HU0358498,1
2022HU0358521,1
2022HU0358581,1
2022HU0358587,1
2022HU0358691,1
2022HU0358726,1
2022HU0358765,1
2022HU0358820,1
2022HU0358850,1
2022HU0358867,1
2022HU0358979,1
2022HU0358995,1
2022HU0359138,1
2022HU0359159,1
2022HU0359239,1
2022HU0359389,1
2022HU0359606,1
2022HU0359718,1
2022HU0359817,1
2022HU0359831,1
2022HU0359846,1
2022HU0359870,1
2022HU0359932,1
2022HU0359948,1
2022HU0359963,1
2022HU0360006,1
2022HU0360198,1
2022HU0360214,1
2022HU0360225,1
2022HU0360277,1
2022HU0360329,1
2022HU0360395,1
2022HU0360462,1
2022HU0360476,1
2022HU0360548,1
2022HU0360674,1
2022HU0360861,1
2022HU0360997,1
2022HU0361047,1
2022HU0361139,1
2022HU0361171,1
2022HU0361175,1
2022HU0361217,1
2022HU0361292,1
2022HU0361293,1
2022HU0361368,1
2022HU0361397,1
2022HU0361541,1
2022HU0361578,1
2022HU0361627,1
2022HU0361636,1
2022HU0361732,1
2022HU0361793,1
2022HU0361803,1
2022HU0361849,1
2022HU0361861,1
2022HU0361866,1
2022HU0361901,1
2022HU0361995,1
2022HU0362081,1
2022HU0362214,1
2022HU0362344,1
2022HU0362353,1
2022HU0362462,1
2022HU0362479,1
2022HU0362537,1
2022HU0362727,1
2022HU0362732,1
2022HU0362802,1
2022HU0362811,1
2022HU0362874,1
2022HU0362927,1
2022HU0363018,1
2022HU0363242,1
2022HU0363308,1
2022HU0363379,1
2022HU0363416,1
2022HU0363421,1
2022HU0363425,1
2022HU0363524,1
2022HU0363623,1
2022HU0363730,1
2022HU0363757,1
2022HU0363967,1
2022HU0364030,1
2022HU0364126,1
2022HU0364255,1
2022HU0364317,1
2022HU0364400,1
2022HU0364501,1
2022HU0364616,1
2022HU0364831,1
2022HU0364944,1
2022HU0365070,1
2022HU0365113,1
2022HU0365123,1
2022HU0365125,1
2022HU0365206,1
2022HU0365437,1
2022HU0365442,1
2022HU0365490,1
2022HU0365630,1
2022HU0365804,1
2022HU0365845,1
2022HU0365858,1
2022HU0365895,1
2022HU0365965,1
2022HU0365983,1
2022HU0366008,1
2022HU0366074,1
2022HU0366077,1
2022HU0366123,1
2022HU0366214,1
2022HU0366237,1
2022HU0366282,1
2022HU0366332,1
2022HU0366371,1
2022HU0366378,1
2022HU0366417,1
2022HU0366546,1
2022HU0366724,1
2022HU0366794,1
2022HU0366823,1
2022HU0366882,1
2022HU0366917,1
2022HU0366957,1
2022HU0367054,1
2022HU0367105,1
2022HU0367193,1
2022HU0367242,1
2022HU0367272,1
2022HU0367380,1
2022HU0367443,1
2022HU0367511,1
2022HU0367518,1
2022HU0367525,1
2022HU0367604,1
2022HU0367691,1
2022HU0367723,1
2022HU0367813,1
2022HU0367847,1
2022HU0367918,1
2022HU0367951,1
2022HU0367998,1
2022HU0368073,1
2022HU0368130,1
2022HU0368203,1
2022HU0368205,1
2022HU0368213,1
2022HU0368217,1
2022HU0368290,1
2022HU0368406,1
2022HU0368493,1
2022HU0368532,1
2022HU0368545,1
2022HU0368619,1
2022HU0368681,1
2022HU0368740,1
2022HU0368936,1
2022HU0368943,1
2022HU0368965,1
2022HU0369029,1
2022HU0369040,1
2022HU0369132,1
2022HU0369200,1
2022HU0369253,1
2022HU0369286,1
2022HU0369293,1
2022HU0369381,1
2022HU0369504,1
2022HU0369533,1
2022HU0369592,1
2022HU0369734,1
2022HU0369755,1
2022HU0369759,1
2022HU0369803,1
2022HU0369851,1
2022HU0369991,1
2022HU0370180,1
2022HU0370191,1
2022HU0370216,1
2022HU0370217,1
2022HU0370241,1
2022HU0370262,1
2022HU0370312,1
2022HU0370505,1
2022HU0370524,1
2022HU0370537,1
2022HU0370756,1
2022HU0370786,1
2022HU0370869,1
2022HU0370872,1
2022HU0370886,1
2022HU0370953,1
2022HU0370973,1
2022HU0371078,1
2022HU0371145,1
2022HU0371200,1
2022HU0371320,1
2022HU0371325,1
2022HU0371362,1
2022HU0371585,1
2022HU0371618,1
2022HU0371842,1
2022HU0371927,1
2022HU0371993,1
2022HU0372036,1
2022HU0372075,1
2022HU0372100,1
2022HU0372142,1
2022HU0372184,1
2022HU0372207,1
2022HU0372277,1
2022HU0372353,1
2022HU0372367,1
2022HU0372427,1
2022HU0372524,1
2022HU0372555,1
2022HU0372622,1
2022HU0372677,1
2022HU0372702,1
2022HU0372883,1
2022HU0373184,1
2022HU0373332,1
2022HU0373354,1
2022HU0373363,1
2022HU0373564,1
2022HU0373612,1
2022HU0373685,1
2022HU0373730,1
2022HU0373741,1
2022HU0373945,1
2022HU0373972,1
2022HU0374049,1
2022HU0374098,1
2022HU0374149,1
2022HU0374250,1
2022HU0374296,1
2022HU0374377,1
2022HU0374393,1
2022HU0374483,1
2022HU0374512,1
2022HU0374538,1
2022HU0374662,1
2022HU0374802,1
2022HU0374867,1
2022HU0374943,1
2022HU0374951,1
2022HU0374973,1
2022HU0375041,1
2022HU0375062,1
2022HU0375092,1
2022HU0375125,1
2022HU0375164,1
2022HU0375215,1
2022HU0375370,1
2022HU0375454,1
2022HU0375506,1
2022HU0375585,1
2022HU0375635,1
2022HU0375865,1
2022HU0375947,1
2022HU0375974,1
2022HU0376100,1
2022HU0376109,1
2022HU0376301,1
2022HU0376311,1
2022HU0376389,1
2022HU0376435,1
2022HU0376482,1
2022HU0376553,1
2022HU0376664,1
2022HU0376689,1
2022HU0376699,1
2022HU0376754,1
2022HU0376800,1
2022HU0377105,1
2022HU0377161,1
2022HU0377282,1
2022HU0377387,1
2022HU0377487,1
2022HU0377501,1
2022HU0377556,1
2022HU0377602,1
2022HU0377870,1
2022HU0377966,1
2022HU0378149,1
2022HU0378264,1
2022HU0378447,1
2022HU0378729,1
2022HU0378738,1
2022HU0378739,1
2022HU0378832,1
2022HU0378848,1
2022HU0378882,1
2022HU0379065,1
2022HU0379188,1
2022HU0379209,1
2022HU0379315,1
2022HU0379398,1
2022HU0379447,1
2022HU0379559,1
2022HU0379684,1
2022HU0379741,1
2022HU0379856,1
2022HU0380002,1
2022HU0380014,1
2022HU0380119,1
2022HU0380180,1
2022HU0380197,1
2022HU0380283,1
2022HU0380300,1
2022HU0380371,1
2022HU0380376,1
2022HU0380539,1
2022HU0380540,1
2022HU0380605,1
2022HU0380633,1
2022HU0380728,1
2022HU0380758,1
2022HU0380876,1
2022HU0380884,1
2022HU0381079,1
2022HU0381161,1
2022HU0381479,1
2022HU0381495,1
2022HU0381531,1
2022HU0381591,1
2022HU0381631,1
2022HU0381708,1
2022HU0381756,1
2022HU0381801,1
2022HU0381957,1
2022HU0382123,1
2022HU0382193,1
2022HU0382199,1
2022HU0382235,1
2022HU0382238,1
2022HU0382240,1
2022HU0382350,1
2022HU0382405,1
2022HU0382469,1
2022HU0382478,1
2022HU0382482,1
2022HU0382684,1
2022HU0382854,1
2022HU0383007,1
2022HU0383031,1
2022HU0383199,1
2022HU0383230,1
2022HU0383286,1
2022HU0383289,1
2022HU0383291,1
2022HU0383432,1
2022HU0383669,1
2022HU0383792,1
2022HU0383891,1
2022HU0383964,1
2022HU0384049,1
2022HU0384142,1
2022HU0384165,1
2022HU0384198,1
2022HU0384350,1
2022HU0384375,1
2022HU0384394,1
2022HU0384531,1
2022HU0384612,1
2022HU0384625,1
2022HU0384699,1
2022HU0384736,1
2022HU0384768,1
2022HU0384787,1
2022HU0384972,1
2022HU0384976,1
2022HU0384979,1
2022HU0384993,1
2022HU0385129,1
2022HU0385337,1
2022HU0385438,1
2022HU0385496,1
2022HU0385514,1
2022HU0385591,1
2022HU0385604,1
2022HU0385645,1
2022HU0385669,1
2022HU0385764,1
2022HU0385797,1
2022HU0385830,1
2022HU0385834,1
2022HU0385841,1
2022HU0385948,1
2022HU0385958,1
2022HU0386049,1
2022HU0386077,1
2022HU0386095,1
2022HU0386105,1
2022HU0386134,1
2022HU0386153,1
2022HU0386195,1
2022HU0386199,1
2022HU0386245,1
2022HU0386247,1
2022HU0386274,1
2022HU0386377,1
2022HU0386416,1
2022HU0386487,1
2022HU0386617,1
2022HU0386668,1
2022HU0386722,1
2022HU0386753,1
2022HU0386799,1
2022HU0386904,1
2022HU0386992,1
2022HU0387099,1
2022HU0387122,1
2022HU0387124,1
2022HU0387138,1
2022HU0387277,1
2022HU0387406,1
2022HU0387484,1
2022HU0387523,1
2022HU0387532,1
2022HU0387630,1
2022HU0387638,1
2022HU0387733,1
2022HU0387786,1
2022HU0387897,1
2022HU0387944,1
2022HU0388055,1
2022HU0388137,1
2022HU0388190,1
2022HU0388216,1
2022HU0388238,1
2022HU0388299,1
2022HU0388334,1
2022HU0388394,1
2022HU0388463,1
2022HU0388467,1
2022HU0388494,1
2022HU0388602,1
2022HU0388650,1
2022HU0388727,1
2022HU0388740,1
2022HU0388742,1
2022HU0388814,1
2022HU0388837,1
2022HU0388993,1
2022HU0388999,1
2022HU0389355,1
2022HU0389367,1
2022HU0389374,1
2022HU0389378,1
2022HU0389421,1
2022HU0389493,1
2022HU0389517,1
2022HU0389545,1
2022HU0389609,1
2022HU0389834,1
2022HU0389860,1
2022HU0389947,1
2022HU0389996,1
2022HU0390081,1
2022HU0390223,1
2022HU0390244,1
2022HU0390473,1
2022HU0390502,1
2022HU0390520,1
2022HU0390626,1
2022HU0390663,1
2022HU0390752,1
2022HU0390771,1
2022HU0390787,1
2022HU0390860,1
2022HU0390918,1
2022HU0391002,1
2022HU0391070,1
2022HU0391078,1
2022HU0391210,1
2022HU0391248,1
2022HU0391291,1
2022HU0391293,1
2022HU0391347,1
2022HU0391489,1
2022HU0391532,1
2022HU0391549,1
2022HU0391621,1
2022HU0391643,1
2022HU0391819,1
2022HU0391829,1
2022HU0391908,1
2022HU0391972,1
2022HU0392030,1
2022HU0392035,1
2022HU0392166,1
2022HU0392281,1
2022HU0392304,1
2022HU0392477,1
2022HU0392508,1
2022HU0392562,1
2022HU0392605,1
2022HU0392825,1
2022HU0392884,1
2022HU0393091,1
2022HU0393188,1
2022HU0393262,1
2022HU0393271,1
2022HU0393303,1
2022HU0393394,1
2022HU0393435,1
2022HU0393508,1
2022HU0393526,1
2022HU0393593,1
2022HU0393728,1
2022HU0393808,1
2022HU0393876,1
2022HU0394026,1
2022HU0394051,1
2022HU0394086,1
2022HU0394102,1
2022HU0394109,1
2022HU0394158,1
2022HU0394257,1
2022HU0394379,1
2022HU0394385,1
2022HU0394417,1
2022HU0394563,1
2022HU0394643,1
2022HU0394723,1
2022HU0394739,1
2022HU0394786,1
2022HU0395010,1
2022HU0395204,1
2022HU0395233,1
2022HU0395296,1
2022HU0395301,1
2022HU0395368,1
2022HU0395379,1
2022HU0395461,1
2022HU0395486,1
2022HU0395528,1
2022HU0395606,1
2022HU0395685,1
2022HU0395720,1
2022HU0395810,1
2022HU0395828,1
2022HU0395841,1
2022HU0395865,1
2022HU0396020,1
2022HU0396196,1
2022HU0396203,1
2022HU0396262,1
2022HU0396263,1
2022HU0396365,1
2022HU0396385,1
2022HU0396515,1
2022HU0396544,1
2022HU0396679,1
2022HU0396683,1
2022HU0396728,1
2022HU0396754,1
2022HU0396777,1
2022HU0396782,1
2022HU0396796,1
2022HU0396834,1
2022HU0396992,1
2022HU0397036,1
2022HU0397165,1
2022HU0397167,1
2022HU0397175,1
2022HU0397192,1
2022HU0397226,1
2022HU0397312,1
2022HU0397403,1
2022HU0397404,1
2022HU0397453,1
2022HU0397783,1
2022HU0397793,1
2022HU0397803,1
2022HU0397882,1
2022HU0397883,1
2022HU0397926,1
2022HU0397960,1
2022HU0397986,1
2022HU0398095,1
2022HU0398100,1
2022HU0398301,1
2022HU0398323,1
2022HU0398387,1
2022HU0398410,1
2022HU0398419,1
2022HU0398541,1
2022HU0398927,1
2022HU0398938,1
2022HU0398971,1
2022HU0399033,1
2022HU0399066,1
2022HU0399089,1
2022HU0399141,1
2022HU0399206,1
2022HU0399219,1
2022HU0399261,1
2022HU0399328,1
2022HU0399473,1
2022HU0399489,1
2022HU0399523,1
2022HU0399549,1
2022HU0399597,1
2022HU0399732,1
2022HU0399770,1
2022HU0400036,1
2022HU0400126,1
2022HU0400361,1
2022HU0400490,1
2022HU0400535,1
2022HU0400611,1
2022HU0400656,1
2022HU0400671,1
2022HU0400686,1
2022HU0400699,1
2022HU0400752,1
2022HU0400789,1
2022HU0400828,1
2022HU0401037,1
2022HU0401043,1
2022HU0401064,1
2022HU0401078,1
2022HU0401111,1
2022HU0401261,1
2022HU0401283,1
2022HU0401349,1
2022HU0401468,1
2022HU0401525,1
2022HU0401526,1
2022HU0401638,1
2022HU0401791,1
2022HU0401895,1
2022HU0402175,1
2022HU0402207,1
2022HU0402251,1
2022HU0402327,1
2022HU0402476,1
2022HU0402496,1
2022HU0402499,1
2022HU0402642,1
2022HU0402740,1
2022HU0403131,1
2022HU0403258,1
2022HU0403419,1
2022HU0403440,1
2022HU0403597,1
2022HU0403951,1
2022HU0404083,1
2022HU0404086,1
2022HU0404132,1
2022HU0404264,1
2022HU0404287,1
2022HU0404364,1
2022HU0404368,1
2022HU0404450,1
2022HU0404456,1
2022HU0404466,1
2022HU0404530,1
2022HU0404535,1
2022HU0404548,1
2022HU0404611,1
2022HU0404774,1
2022HU0404790,1
2022HU0404795,1
2022HU0404856,1
2022HU0404911,1
2022HU0404972,1
2022HU0404973,1
2022HU0404995,1
2022HU0405106,1
2022HU0405139,1
2022HU0405175,1
2022HU0405222,1
2022HU0405302,1
2022HU0405341,1
2022HU0405361,1
2022HU0405419,1
2022HU0405662,1
2022HU0405674,1
2022HU0405984,1
2022HU0406077,1
2022HU0406251,1
2022HU0406321,1
2022HU0406361,1
2022HU0406404,1
2022HU0406459,1
2022HU0406512,1
2022HU0406529,1
2022HU0406617,1
2022HU0406644,1
2022HU0406656,1
2022HU0406732,1
2022HU0406745,1
2022HU0406828,1
2022HU0406838,1
2022HU0406866,1
2022HU0406875,1
2022HU0406946,1
2022HU0407068,1
2022HU0407201,1
2022HU0407357,1
2022HU0407406,1
2022HU0407430,1
2022HU0407589,1
2022HU0407748,1
2022HU0407799,1
2022HU0407850,1
2022HU0407921,1
2022HU0407924,1
2022HU0407946,1
2022HU0408057,1
2022HU0408142,1
2022HU0408182,1
2022HU0408323,1
2022HU0408371,1
2022HU0408426,1
2022HU0408561,1
2022HU0408637,1
2022HU0408679,1
2022HU0408975,1
2022HU0409025,1
2022HU0409045,1
2022HU0409047,1
2022HU0409202,1
2022HU0409312,1
2022HU0409314,1
2022HU0409343,1
2022HU0409376,1
2022HU0409389,1
2022HU0409409,1
2022HU0409422,1
2022HU0409812,1
2022HU0409923,1
2022HU0409925,1
2022HU0410006,1
2022HU0410009,1
2022HU0410024,1
2022HU0410298,1
2022HU0410359,1
2022HU0410528,1
2022HU0410616,1
2022HU0410656,1
2022HU0410766,1
2022HU0410843,1
2022HU0410870,1
2022HU0410919,1
2022HU0411022,1
2022HU0411054,1
2022HU0411077,1
2022HU0411146,1
2022HU0411194,1
2022HU0411225,1
2022HU0411266,1
2022HU0411343,1
2022HU0411378,1
2022HU0411481,1
2022HU0411609,1
2022HU0411630,1
2022HU0411676,1
2022HU0411699,1
2022HU0411753,1
2022HU0411811,1
2022HU0411877,1
2022HU0411878,1
2022HU0411908,1
2022HU0411953,1
2022HU0412000,1
2022HU0412041,1
2022HU0412090,1
2022HU0412133,1
2022HU0412198,1
2022HU0412236,1
2022HU0412453,1
2022HU0412485,1
2022HU0412499,1
2022HU0412506,1
2022HU0412603,1
2022HU0412687,1
2022HU0412714,1
2022HU0412715,1
2022HU0412972,1
2022HU0413006,1
2022HU0413101,1
2022HU0413114,1
2022HU0413130,1
2022HU0413166,1
2022HU0413168,1
2022HU0413238,1
2022HU0413254,1
2022HU0413323,1
2022HU0413398,1
2022HU0413413,1
2022HU0413602,1
2022HU0413694,1
2022HU0413710,1
2022HU0413764,1
2022HU0413777,1
2022HU0413834,1
2022HU0413842,1
2022HU0413861,1
2022HU0413871,1
2022HU0413898,1
2022HU0414005,1
2022HU0414275,1
2022HU0414283,1
2022HU0414353,1
2022HU0414451,1
2022HU0414473,1
2022HU0414533,1
2022HU0414685,1
2022HU0414754,1
2022HU0414780,1
2022HU0414795,1
2022HU0414822,1
2022HU0414839,1
2022HU0414854,1
2022HU0414864,1
2022HU0414943,1
2022HU0415066,1
2022HU0415209,1
2022HU0415269,1
2022HU0415271,1
2022HU0415326,1
2022HU0415344,1
2022HU0415493,1
2022HU0415573,1
2022HU0415800,1
2022HU0415885,1
2022HU0415936,1
2022HU0416178,1
2022HU0416180,1
2022HU0416251,1
2022HU0416295,1
2022HU0416344,1
2022HU0416569,1
2022HU0416575,1
2022HU0416632,1
2022HU0416740,1
2022HU0416752,1
2022HU0416851,1
2022HU0416954,1
2022HU0416998,1
2022HU0417002,1
2022HU0417032,1
2022HU0417121,1
2022HU0417247,1
2022HU0417324,1
2022HU0417424,1
2022HU0417509,1
2022HU0417625,1
2022HU0417722,1
2022HU0417754,1
2022HU0417798,1
2022HU0417813,1
2022HU0417859,1
2022HU0417950,1
2022HU0417962,1
2022HU0418004,1
2022HU0418075,1
2022HU0418152,1
2022HU0418329,1
2022HU0418492,1
2022HU0418513,1
2022HU0418545,1
2022HU0418682,1
2022HU0418790,1
2022HU0418924,1
2022HU0419057,1
2022HU0419145,1
2022HU0419153,1
2022HU0419214,1
2022HU0419223,1
2022HU0419275,1
2022HU0419398,1
2022HU0419436,1
2022HU0419510,1
2022HU0419511,1
2022HU0419747,1
2022HU0419824,1
2022HU0419838,1
2022HU0419890,1
2022HU0420077,1
2022HU0420209,1
2022HU0420389,1
2022HU0420608,1
2022HU0420802,1
2022HU0420932,1
2022HU0420948,1
2022HU0421007,1
2022HU0421065,1
2022HU0421245,1
2022HU0421266,1
2022HU0421293,1
2022HU0421305,1
2022HU0421349,1
2022HU0421358,1
2022HU0421388,1
2022HU0421451,1
2022HU0421486,1
2022HU0421558,1
2022HU0421582,1
2022HU0421633,1
2022HU0421635,1
2022HU0421745,1
2022HU0421765,1
2022HU0421847,1
2022HU0421868,1
2022HU0422051,1
2022HU0422083,1
2022HU0422141,1
2022HU0422375,1
2022HU0422389,1
2022HU0422441,1
2022HU0422500,1
2022HU0422617,1
2022HU0422657,1
2022HU0422694,1
2022HU0422785,1
2022HU0422875,1
2022HU0423055,1
2022HU0423068,1
2022HU0423130,1
2022HU0423168,1
2022HU0423231,1
2022HU0423362,1
2022HU0423368,1
2022HU0423455,1
2022HU0423475,1
2022HU0423519,1
2022HU0423547,1
2022HU0423573,1
2022HU0423579,1
2022HU0423661,1
2022HU0423753,1
2022HU0423760,1
2022HU0423777,1
2022HU0423784,1
2022HU0423822,1
2022HU0423842,1
2022HU0423873,1
2022HU0423894,1
2022HU0423903,1
2022HU0423914,1
2022HU0424112,1
2022HU0424159,1
2022HU0424164,1
2022HU0424270,1
2022HU0424316,1
2022HU0424333,1
2022HU0424431,1
2022HU0424465,1
2022HU0424479,1
2022HU0424619,1
2022HU0424747,1
2022HU0424777,1
2022HU0424860,1
2022HU0425048,1
2022HU0425058,1
2022HU0425133,1
2022HU0425257,1
2022HU0425341,1
2022HU0425487,1
2022HU0425550,1
2022HU0425593,1
2022HU0425625,1
2022HU0425644,1
2022HU0425737,1
2022HU0425910,1
2022HU0425979,1
2022HU0426043,1
2022HU0426086,1
2022HU0426153,1
2022HU0426264,1
2022HU0426287,1
2022HU0426305,1
2022HU0426385,1
2022HU0426445,1
2022HU0426499,1
2022HU0426505,1
2022HU0426529,1
2022HU0426763,1
2022HU0426768,1
2022HU0426770,1
2022HU0426776,1
2022HU0426835,1
2022HU0426849,1
2022HU0426963,1
2022HU0427112,1
2022HU0427183,1
2022HU0427194,1
2022HU0427347,1
2022HU0427430,1
2022HU0427515,1
2022HU0427522,1
2022HU0427542,1
2022HU0427639,1
2022HU0427683,1
2022HU0427685,1
2022HU0427761,1
2022HU0427770,1
2022HU0427848,1
2022HU0427849,1
2022HU0427906,1
2022HU0427977,1
2022HU0428248,1
2022HU0428306,1
2022HU0428324,1
2022HU0428329,1
2022HU0428384,1
2022HU0428408,1
2022HU0428615,1
2022HU0428666,1
2022HU0428685,1
2022HU0428691,1
2022HU0428696,1
2022HU0428830,1
2022HU0428957,1
2022HU0428974,1
2022HU0428976,1
2022HU0429051,1
2022HU0429079,1
2022HU0429132,1
2022HU0429215,1
2022HU0429415,1
2022HU0429451,1
2022HU0429618,1
2022HU0429655,1
2022HU0429928,1
2022HU0430228,1
2022HU0430260,1
2022HU0430402,1
2022HU0430572,1
2022HU0430811,1
2022HU0430825,1
2022HU0430879,1
2022HU0430945,1
2022HU0430947,1
2022HU0431178,1
2022HU0431193,1
2022HU0431217,1
2022HU0431508,1
2022HU0431567,1
2022HU0431633,1
2022HU0431649,1
2022HU0431675,1
2022HU0431724,1
2022HU0431890,1
2022HU0431910,1
2022HU0431963,1
2022HU0432092,1
2022HU0432166,1
2022HU0432204,1
2022HU0432331,1
2022HU0432363,1
2022HU0432570,1
2022HU0432732,1
2022HU0432749,1
2022HU0432809,1
2022HU0432855,1
2022HU0432858,1
2022HU0432876,1
2022HU0432930,1
2022HU0432978,1
2022HU0433025,1
2022HU0433103,1
2022HU0433196,1
2022HU0433215,1
2022HU0433348,1
2022HU0433402,1
2022HU0433453,1
2022HU0433546,1
2022HU0433665,1
2022HU0433783,1
2022HU0433925,1
2022HU0433946,1
2022HU0433967,1
2022HU0434067,1
2022HU0434242,1
2022HU0434276,1
2022HU0434284,1
2022HU0434319,1
2022HU0434334,1
2022HU0434366,1
2022HU0434435,1
2022HU0434613,1
2022HU0434615,1
2022HU0434737,1
2022HU0434964,1
2022HU0435004,1
2022HU0435017,1
2022HU0435107,1
2022HU0435206,1
2022HU0435214,1
2022HU0435232,1
2022HU0435487,1
2022HU0435567,1
2022HU0435630,1
2022HU0435774,1
2022HU0435799,1
2022HU0436011,1
2022HU0436116,1
2022HU0436169,1
2022HU0436349,1
2022HU0436445,1
2022HU0436511,1
2022HU0436604,1
2022HU0436752,1
2022HU0436834,1
2022HU0436836,1
2022HU0436902,1
2022HU0436973,1
2022HU0437197,1
2022HU0437249,1
2022HU0437250,1
2022HU0437275,1
2022HU0437375,1
2022HU0437412,1
2022HU0437462,1
2022HU0437494,1
2022HU0437507,1
2022HU0437740,1
2022HU0437877,1
2022HU0437887,1
2022HU0437948,1
2022HU0438035,1
2022HU0438145,1
2022HU0438188,1
2022HU0438330,1
2022HU0438346,1
2022HU0438383,1
2022HU0438506,1
2022HU0438700,1
2022HU0438755,1
2022HU0438768,1
2022HU0438860,1
2022HU0438873,1
2022HU0438876,1
2022HU0439032,1
2022HU0439042,1
2022HU0439063,1
2022HU0439069,1
2022HU0439172,1
2022HU0439224,1
2022HU0439270,1
2022HU0439275,1
2022HU0439419,1
2022HU0439452,1
2022HU0439458,1
2022HU0439729,1
2022HU0439837,1
2022HU0440094,1
2022HU0440126,1
2022HU0440168,1
2022HU0440393,1
2022HU0440405,1
2022HU0440442,1
2022HU0440460,1
2022HU0440466,1
2022HU0440468,1
2022HU0440507,1
2022HU0440611,1
2022HU0440865,1
2022HU0440884,1
2022HU0440977,1
2022HU0441006,1
2022HU0441021,1
2022HU0441118,1
2022HU0441152,1
2022HU0441245,1
2022HU0441326,1
2022HU0441404,1
2022HU0441431,1
2022HU0441641,1
2022HU0441819,1
2022HU0441863,1
2022HU0441925,1
2022HU0442010,1
2022HU0442018,1
2022HU0442030,1
2022HU0442054,1
2022HU0442170,1
2022HU0442192,1
2022HU0442201,1
2022HU0442344,1
2022HU0442355,1
2022HU0442375,1
2022HU0442517,1
2022HU0442670,1
2022HU0442742,1
2022HU0442800,1
2022HU0442802,1
2022HU0442891,1
2022HU0442933,1
2022HU0443083,1
2022HU0443119,1
2022HU0443200,1
2022HU0443259,1
2022HU0443279,1
2022HU0443297,1
2022HU0443459,1
2022HU0443479,1
2022HU0443492,1
2022HU0443531,1
2022HU0443543,1
2022HU0443649,1
2022HU0443714,1
2022HU0443740,1
2022HU0443789,1
2022HU0443847,1
2022HU0443996,1
2022HU0444088,1
2022HU0444386,1
2022HU0444708,1
2022HU0444765,1
2022HU0444822,1
2022HU0444844,1
2022HU0444869,1
2022HU0444879,1
2022HU0445006,1
2022HU0445010,1
2022HU0445038,1
2022HU0445191,1
2022HU0445305,1
2022HU0445307,1
2022HU0445435,1
2022HU0445490,1
2022HU0445534,1
2022HU0445705,1
2022HU0445730,1
2022HU0445848,1
2022HU0445888,1
2022HU0446023,1
2022HU0446076,1
2022HU0446179,1
2022HU0446193,1
2022HU0446256,1
2022HU0446303,1
2022HU0446345,1
2022HU0446519,1
2022HU0446671,1
2022HU0446690,1
2022HU0446710,1
2022HU0446842,1
2022HU0446855,1
2022HU0446998,1
2022HU0447198,1
2022HU0447334,1
2022HU0447379,1
2022HU0447416,1
2022HU0447760,1
2022HU0447952,1
2022HU0448085,1
2022HU0448183,1
2022HU0448212,1
2022HU0448213,1
2022HU0448271,1
2022HU0448279,1
2022HU0448379,1
2022HU0448490,1
2022HU0448516,1
2022HU0448763,1
2022HU0448773,1
2022HU0448904,1
2022HU0449075,1
2022HU0449181,1
2022HU0449327,1
2022HU0449604,1
2022HU0449605,1
2022HU0449688,1
2022HU0449726,1
2022HU0449758,1
2022HU0449865,1
2022HU0449948,1
2022HU0450135,1
2022HU0450227,1
2022HU0450236,1
2022HU0450297,1
2022HU0450365,1
2022HU0450418,1
2022HU0450726,1
2022HU0450809,1
2022HU0451018,1
2022HU0451096,1
2022HU0451235,1
2022HU0451245,1
2022HU0451363,1
2022HU0451376,1
2022HU0451549,1
2022HU0451616,1
2022HU0451831,1
2022HU0451974,1
2022HU0451983,1
2022HU0452069,1
2022HU0452103,1
2022HU0452170,1
2022HU0452347,1
2022HU0452356,1
2022HU0452448,1
2022HU0452457,1
2022HU0452509,1
2022HU0452534,1
2022HU0452541,1
2022HU0452545,1
2022HU0452573,1
2022HU0452626,1
2022HU0452649,1
2022HU0452666,1
2022HU0452670,1
2022HU0452820,1
2022HU0452925,1
2022HU0452979,1
2022HU0452988,1
2022HU0452996,1
2022HU0452999,1
2022HU0453045,1
2022HU0453047,1
2022HU0453077,1
2022HU0453082,1
2022HU0453098,1
2022HU0453105,1
2022HU0453183,1
2022HU0453457,1
2022HU0453561,1
2022HU0453658,1
2022HU0453741,1
2022HU0453742,1
2022HU0453773,1
2022HU0453824,1
2022HU0453992,1
2022HU0454047,1
2022HU0454082,1
2022HU0454180,1
2022HU0454197,1
2022HU0454250,1
2022HU0454264,1
2022HU0454273,1
2022HU0454312,1
2022HU0454376,1
2022HU0454431,1
2022HU0454504,1
2022HU0454642,1
2022HU0454782,1
2022HU0454785,1
2022HU0454809,1
2022HU0454849,1
2022HU0454933,1
2022HU0455068,1
2022HU0455082,1
2022HU0455305,1
2022HU0455373,1
2022HU0455470,1
2022HU0455490,1
2022HU0455585,1
2022HU0455908,1
2022HU0455950,1
2022HU0456030,1
2022HU0456069,1
2022HU0456089,1
2022HU0456166,1
2022HU0456184,1
2022HU0456324,1
2022HU0456329,1
2022HU0456505,1
2022HU0456522,1
2022HU0456570,1
2022HU0456691,1
2022HU0456731,1
2022HU0456966,1
2022HU0456980,1
2022HU0456982,1
2022HU0456985,1
2022HU0457086,1
2022HU0457200,1
2022HU0457223,1
2022HU0457300,1
2022HU0457352,1
2022HU0457378,1
2022HU0457423,1
2022HU0457492,1
2022HU0457565,1
2022HU0457574,1
2022HU0457601,1
2022HU0457635,1
2022HU0457658,1
2022HU0457721,1
2022HU0457764,1
2022HU0457769,1
2022HU0457798,1
2022HU0457908,1
2022HU0457946,1
2022HU0457973,1
2022HU0458355,1
2022HU0458393,1
2022HU0458566,1
2022HU0458811,1
2022HU0458815,1
2022HU0458955,1
2022HU0459015,1
2022HU0459202,1
2022HU0459396,1
2022HU0459484,1
2022HU0459511,1
2022HU0459540,1
2022HU0459647,1
2022HU0459747,1
2022HU0459765,1
2022HU0459806,1
2022HU0459898,1
2022HU0459899,1
2022HU0459907,1
2022HU0459960,1
2022HU0460010,1
2022HU0460121,1
2022HU0460163,1
2022HU0460327,1
2022HU0460342,1
2022HU0460352,1
2022HU0460415,1
2022HU0460418,1
2022HU0460444,1
2022HU0460563,1
2022HU0460631,1
2022HU0460937,1
2022HU0461094,1
2022HU0461145,1
2022HU0461192,1
2022HU0461257,1
2022HU0461332,1
2022HU0461345,1
2022HU0461363,1
2022HU0461518,1
2022HU0461531,1
2022HU0461534,1
2022HU0461640,1
2022HU0461650,1
2022HU0461718,1
2022HU0461815,1
2022HU0461859,1
2022HU0461870,1
2022HU0461966,1
2022HU0462102,1
2022HU0462134,1
2022HU0462148,1
2022HU0462200,1
2022HU0462311,1
2022HU0462355,1
2022HU0462448,1
2022HU0462483,1
2022HU0462493,1
2022HU0462505,1
2022HU0462518,1
2022HU0462594,1
2022HU0462617,1
2022HU0462631,1
2022HU0462770,1
2022HU0462800,1
2022HU0462848,1
2022HU0462854,1
2022HU0462892,1
2022HU0462977,1
2022HU0463050,1
2022HU0463148,1
2022HU0463153,1
2022HU0463193,1
2022HU0463244,1
2022HU0463334,1
2022HU0463375,1
2022HU0463477,1
2022HU0463498,1
2022HU0463570,1
2022HU0463857,1
2022HU0464033,1
2022HU0464048,1
2022HU0464206,1
2022HU0464215,1
2022HU0464294,1
2022HU0464373,1
2022HU0464419,1
2022HU0464489,1
2022HU0464797,1
2022HU0464799,1
2022HU0464813,1
2022HU0464877,1
2022HU0464879,1
2022HU0465038,1
2022HU0465287,1
2022HU0465323,1
2022HU0465391,1
2022HU0465676,1
2022HU0465796,1
2022HU0465840,1
2022HU0465882,1
2022HU0465941,1
2022HU0465996,1
2022HU0466018,1
2022HU0466031,1
2022HU0466086,1
2022HU0466107,1
2022HU0466147,1
2022HU0466193,1
2022HU0466334,1
2022HU0466453,1
2022HU0466524,1
2022HU0466709,1
2022HU0466834,1
2022HU0466853,1
2022HU0466887,1
2022HU0466933,1
2022HU0467025,1
2022HU0467242,1
2022HU0467275,1
2022HU0467298,1
2022HU0467322,1
2022HU0467362,1
2022HU0467410,1
2022HU0467533,1
2022HU0467585,1
2022HU0467678,1
2022HU0467900,1
2022HU0468040,1
2022HU0468082,1
2022HU0468170,1
2022HU0468309,1
2022HU0468332,1
2022HU0468418,1
2022HU0468476,1
2022HU0468480,1
2022HU0468482,1
2022HU0468567,1
2022HU0468604,1
2022HU0468667,1
2022HU0468727,1
2022HU0468827,1
2022HU0468984,1
2022HU0469082,1
2022HU0469158,1
2022HU0469208,1
2022HU0469311,1
2022HU0469318,1
2022HU0469414,1
2022HU0469607,1
2022HU0469649,1
2022HU0469845,1
2022HU0469861,1
2022HU0469864,1
2022HU0469907,1
2022HU0469922,1
2022HU0470015,1
2022HU0470025,1
2022HU0470056,1
2022HU0470059,1
2022HU0470074,1
2022HU0470109,1
2022HU0470155,1
2022HU0470194,1
2022HU0470262,1
2022HU0470289,1
2022HU0470383,1
2022HU0470392,1
2022HU0470428,1
2022HU0470432,1
2022HU0470450,1
2022HU0470453,1
2022HU0470467,1
2022HU0470615,1
2022HU0470720,1
2022HU0470782,1
2022HU0470855,1
2022HU0471174,1
2022HU0471216,1
2022HU0471224,1
2022HU0471227,1
2022HU0471350,1
2022HU0471364,1
2022HU0471395,1
2022HU0471573,1
2022HU0471574,1
2022HU0471647,1
2022HU0471750,1
2022HU0471891,1
2022HU0471904,1
2022HU0471958,1
2022HU0472008,1
2022HU0472147,1
2022HU0472177,1
2022HU0472359,1
2022HU0472768,1
2022HU0472878,1
2022HU0472882,1
2022HU0472944,1
2022HU0472966,1
2022HU0472973,1
2022HU0473052,1
2022HU0473067,1
2022HU0473102,1
2022HU0473151,1
2022HU0473230,1
2022HU0473307,1
2022HU0473505,1
2022HU0473526,1
2022HU0473537,1
2022HU0473606,1
2022HU0473634,1
2022HU0473689,1
2022HU0473712,1
2022HU0473750,1
2022HU0473765,1
2022HU0473803,1
2022HU0473934,1
2022HU0473957,1
2022HU0473963,1
2022HU0474037,1
2022HU0474057,1
2022HU0474096,1
2022HU0474141,1
2022HU0474451,1
2022HU0474480,1
2022HU0474569,1
2022HU0474721,1
2022HU0474840,1
2022HU0474859,1
2022HU0474893,1
2022HU0474897,1
2022HU0474912,1
2022HU0474933,1
2022HU0474938,1
2022HU0475046,1
2022HU0475205,1
2022HU0475263,1
2022HU0475376,1
2022HU0475550,1
2022HU0475639,1
2022HU0475710,1
2022HU0475712,1
2022HU0475718,1
2022HU0475755,1
2022HU0475882,1
2022HU0475894,1
2022HU0475960,1
2022HU0475968,1
2022HU0475988,1
2022HU0476170,1
2022HU0476445,1
2022HU0476551,1
2022HU0476560,1
2022HU0476567,1
2022HU0476655,1
2022HU0476666,1
2022HU0476713,1
2022HU0476773,1
2022HU0476817,1
2022HU0476942,1
2022HU0477093,1
2022HU0477154,1
2022HU0477234,1
2022HU0477257,1
2022HU0477311,1
2022HU0477382,1
2022HU0477388,1
2022HU0477427,1
2022HU0477436,1
2022HU0477535,1
2022HU0477572,1
2022HU0477574,1
2022HU0477577,1
2022HU0477615,1
2022HU0477734,1
2022HU0477896,1
2022HU0478115,1
2022HU0478133,1
2022HU0478138,1
2022HU0478189,1
2022HU0478217,1
2022HU0478253,1
2022HU0478273,1
2022HU0478318,1
2022HU0478325,1
2022HU0478360,1
2022HU0478507,1
2022HU0478513,1
2022HU0478570,1
2022HU0478652,1
2022HU0478664,1
2022HU0478676,1
2022HU0478929,1
2022HU0478942,1
2022HU0479027,1
2022HU0479028,1
2022HU0479082,1
2022HU0479109,1
2022HU0479201,1
2022HU0479322,1
2022HU0479403,1
2022HU0479414,1
2022HU0479443,1
2022HU0479470,1
2022HU0479483,1
2022HU0479546,1
2022HU0479674,1
2022HU0479781,1
2022HU0479862,1
2022HU0479884,1
2022HU0479955,1
2022HU0480122,1
2022HU0480158,1
2022HU0480159,1
2022HU0480165,1
2022HU0480271,1
2022HU0480328,1
2022HU0480362,1
2022HU0480525,1
2022HU0480701,1
2022HU0480782,1
2022HU0480909,1
2022HU0480910,1
2022HU0480927,1
2022HU0481026,1
2022HU0481062,1
2022HU0481193,1
2022HU0481232,1
2022HU0481248,1
2022HU0481358,1
2022HU0481396,1
2022HU0481406,1
2022HU0481438,1
2022HU0481486,1
2022HU0481553,1
2022HU0481580,1
2022HU0481596,1
2022HU0481599,1
2022HU0481716,1
2022HU0481721,1
2022HU0481773,1
2022HU0481788,1
2022HU0481812,1
2022HU0481847,1
2022HU0481885,1
2022HU0481886,1
2022HU0481905,1
2022HU0481952,1
2022HU0482051,1
2022HU0482188,1
2022HU0482276,1
2022HU0482301,1
2022HU0482369,1
2022HU0482414,1
2022HU0482428,1
2022HU0482473,1
2022HU0482495,1
2022HU0482671,1
2022HU0482719,1
2022HU0482853,1
2022HU0482912,1
2022HU0482946,1
2022HU0483035,1
2022HU0483074,1
2022HU0483202,1
2022HU0483358,1
2022HU0483432,1
2022HU0483462,1
2022HU0483555,1
2022HU0483658,1
2022HU0483659,1
2022HU0483666,1
2022HU0483690,1
2022HU0483837,1
2022HU0483866,1
2022HU0483872,1
2022HU0483959,1
2022HU0484026,1
2022HU0484202,1
2022HU0484232,1
2022HU0484333,1
2022HU0484386,1
2022HU0484396,1
2022HU0484568,1
2022HU0484569,1
2022HU0484615,1
2022HU0484635,1
2022HU0484663,1
2022HU0484787,1
2022HU0484788,1
2022HU0484871,1
2022HU0484974,1
2022HU0485005,1
2022HU0485075,1
2022HU0485081,1
2022HU0485234,1
2022HU0485241,1
2022HU0485247,1
2022HU0485284,1
2022HU0485306,1
2022HU0485337,1
2022HU0485412,1
2022HU0485430,1
2022HU0485487,1
2022HU0485515,1
2022HU0485521,1
2022HU0485840,1
2022HU0485920,1
2022HU0485945,1
2022HU0486148,1
2022HU0486221,1
2022HU0486293,1
2022HU0486294,1
2022HU0486305,1
2022HU0486332,1
2022HU0486351,1
2022HU0486352,1
2022HU0486474,1
2022HU0486553,1
2022HU0486700,1
2022HU0486929,1
2022HU0486979,1
2022HU0487040,1
2022HU0487189,1
2022HU0487306,1
2022HU0487344,1
2022HU0487377,1
2022HU0487404,1
2022HU0487720,1
2022HU0487727,1
2022HU0487811,1
2022HU0487840,1
2022HU0487845,1
2022HU0487867,1
2022HU0487966,1
2022HU0487998,1
2022HU0488023,1
2022HU0488345,1
2022HU0488428,1
2022HU0488532,1
2022HU0488544,1
2022HU0488648,1
2022HU0488834,1
2022HU0488917,1
2022HU0488923,1
2022HU0488926,1
2022HU0488975,1
2022HU0489049,1
2022HU0489230,1
2022HU0489248,1
2022HU0489284,1
2022HU0489299,1
2022HU0489418,1
2022HU0489428,1
2022HU0489473,1
2022HU0489487,1
2022HU0489522,1
2022HU0489610,1
2022HU0489645,1
2022HU0489653,1
2022HU0489697,1
2022HU0489739,1
2022HU0489944,1
2022HU0490013,1
2022HU0490118,1
2022HU0490123,1
2022HU0490193,1
2022HU0490256,1
2022HU0490322,1
2022HU0490329,1
2022HU0490422,1
2022HU0490446,1
2022HU0490502,1
2022HU0490540,1
2022HU0490562,1
2022HU0490576,1
2022HU0490706,1
2022HU0490731,1
2022HU0490773,1
2022HU0490949,1
2022HU0490997,1
2022HU0491180,1
2022HU0491209,1
2022HU0491215,1
2022HU0491261,1
2022HU0491310,1
2022HU0491498,1
2022HU0491606,1
2022HU0491696,1
2022HU0491720,1
2022HU0491995,1
2022HU0492062,1
2022HU0492103,1
2022HU0492115,1
2022HU0492334,1
2022HU0492784,1
2022HU0492850,1
2022HU0492871,1
2022HU0492889,1
2022HU0492937,1
2022HU0492950,1
2022HU0493129,1
2022HU0493221,1
2022HU0493379,1
2022HU0493394,1
2022HU0493424,1
2022HU0493588,1
2022HU0493623,1
2022HU0493905,1
2022HU0494016,1
2022HU0494152,1
2022HU0494157,1
2022HU0494189,1
2022HU0494259,1
2022HU0494275,1
2022HU0494473,1
2022HU0494736,1
2022HU0495096,1
2022HU0495122,1
2022HU0495253,1
2022HU0495264,1
2022HU0495270,1
2022HU0495528,1
2022HU0495542,1
2022HU0495614,1
2022HU0495685,1
2022HU0495726,1
2022HU0495742,1
2022HU0495832,1
2022HU0495854,1
2022HU0495915,1
2022HU0495981,1
2022HU0496067,1
2022HU0496318,1
2022HU0496563,1
2022HU0496616,1
2022HU0496795,1
2022HU0496849,1
2022HU0496850,1
2022HU0496855,1
2022HU0496872,1
2022HU0496988,1
2022HU0497053,1
2022HU0497107,1
2022HU0497131,1
2022HU0497147,1
2022HU0497287,1
2022HU0497395,1
2022HU0497454,1
2022HU0497466,1
2022HU0497593,1
2022HU0497662,1
2022HU0497686,1
2022HU0498004,1
2022HU0498020,1
2022HU0498094,1
2022HU0498104,1
2022HU0498262,1
2022HU0498555,1
2022HU0498583,1
2022HU0498664,1
2022HU0498689,1
2022HU0498734,1
2022HU0498781,1
2022HU0498926,1
2022HU0498951,1
2022HU0498983,1
2022HU0499039,1
2022HU0499224,1
2022HU0499231,1
2022HU0499241,1
2022HU0499337,1
2022HU0499347,1
2022HU0499530,1
2022HU0499594,1
2022HU0499683,1
2022HU0499714,1
2022HU0499739,1
2022HU0499773,1
2022HU0499943,1
2022HU0500166,1
2022HU0500234,1
2022HU0500328,1
2022HU0500340,1
2022HU0500419,1
2022HU0500485,1
2022HU0500537,1
2022HU0500607,1
2022HU0500720,1
2022HU0500749,1
2022HU0500766,1
2022HU0500775,1
2022HU0500790,1
2022HU0500859,1
2022HU0500916,1
2022HU0500987,1
2022HU0501029,1
2022HU0501052,1
2022HU0501116,1
2022HU0501144,1
2022HU0501224,1
2022HU0501303,1
2022HU0501345,1
2022HU0501395,1
2022HU0501402,1
2022HU0501405,1
2022HU0501422,1
2022HU0501468,1
2022HU0501685,1
2022HU0501705,1
2022HU0501709,1
2022HU0501718,1
2022HU0501735,1
2022HU0501803,1
2022HU0501862,1
2022HU0501869,1
2022HU0502017,1
2022HU0502147,1
2022HU0502207,1
2022HU0502223,1
2022HU0502274,1
2022HU0502278,1
2022HU0502290,1
2022HU0502516,1
2022HU0502581,1
2022HU0502714,1
2022HU0502893,1
2022HU0502910,1
2022HU0502916,1
2022HU0502954,1
2022HU0503023,1
2022HU0503029,1
2022HU0503197,1
2022HU0503368,1
2022HU0503417,1
2022HU0503531,1
2022HU0503532,1
2022HU0503590,1
2022HU0503640,1
2022HU0503879,1
2022HU0503930,1
2022HU0503988,1
2022HU0503995,1
2022HU0504192,1
2022HU0504293,1
2022HU0504304,1
2022HU0504384,1
2022HU0504453,1
2022HU0504608,1
2022HU0504677,1
2022HU0504706,1
2022HU0504811,1
2022HU0504905,1
2022HU0504913,1
2022HU0505025,1
2022HU0505201,1
2022HU0505208,1
2022HU0505379,1
2022HU0505381,1
2022HU0505418,1
2022HU0505419,1
2022HU0505485,1
2022HU0505489,1
2022HU0505572,1
2022HU0505800,1
2022HU0505830,1
2022HU0505886,1
2022HU0505891,1
2022HU0505898,1
2022HU0505940,1
2022HU0505962,1
2022HU0505994,1
2022HU0506012,1
2022HU0506117,1
2022HU0506138,1
2022HU0506312,1
2022HU0506360,1
2022HU0506447,1
2022HU0506583,1
2022HU0506633,1
2022HU0506734,1
2022HU0506853,1
2022HU0506881,1
2022HU0506910,1
2022HU0506929,1
2022HU0506967,1
2022HU0507089,1
2022HU0507109,1
2022HU0507146,1
2022HU0507250,1
2022HU0507253,1
2022HU0507258,1
2022HU0507278,1
2022HU0507284,1
2022HU0507299,1
2022HU0507358,1
2022HU0507570,1
2022HU0507587,1
2022HU0507661,1
2022HU0507729,1
2022HU0507736,1
2022HU0508014,1
2022HU0508132,1
2022HU0508170,1
2022HU0508180,1
2022HU0508331,1
2022HU0508347,1
2022HU0508430,1
2022HU0508493,1
2022HU0508532,1
2022HU0508604,1
2022HU0508613,1
2022HU0508658,1
2022HU0508791,1
2022HU0508956,1
2022HU0508979,1
2022HU0509016,1
2022HU0509163,1
2022HU0509314,1
2022HU0509330,1
2022HU0509589,1
2022HU0509721,1
2022HU0509722,1
2022HU0509905,1
2022HU0509966,1
2022HU0510000,1
2022HU0510028,1
2022HU0510058,1
2022HU0510260,1
2022HU0510311,1
2022HU0510339,1
2022HU0510379,1
2022HU0510453,1
2022HU0510483,1
2022HU0510549,1
2022HU0510575,1
2022HU0510607,1
2022HU0510636,1
2022HU0510678,1
2022HU0510726,1
2022HU0510751,1
2022HU0510805,1
2022HU0510817,1
2022HU0510938,1
2022HU0511006,1
2022HU0511137,1
2022HU0511237,1
2022HU0511250,1
2022HU0511257,1
2022HU0511259,1
2022HU0511286,1
2022HU0511321,1
2022HU0511351,1
2022HU0511413,1
2022HU0511492,1
2022HU0511505,1
2022HU0511593,1
2022HU0511744,1
2022HU0511883,1
2022HU0511911,1
2022HU0511965,1
2022HU0512115,1
2022HU0512138,1
2022HU0512241,1
2022HU0512290,1
2022HU0512384,1
2022HU0512438,1
2022HU0512439,1
2022HU0512448,1
2022HU0512477,1
2022HU0512528,1
2022HU0512575,1
2022HU0512603,1
2022HU0512737,1
2022HU0512824,1
2022HU0512884,1
2022HU0512925,1
2022HU0512945,1
2022HU0512990,1
2022HU0513000,1
2022HU0513018,1
2022HU0513089,1
2022HU0513143,1
2022HU0513332,1
2022HU0513359,1
2022HU0513375,1
2022HU0513380,1
2022HU0513394,1
2022HU0513413,1
2022HU0513456,1
2022HU0513464,1
2022HU0513598,1
2022HU0513684,1
2022HU0513703,1
2022HU0513711,1
2022HU0513731,1
2022HU0513819,1
2022HU0513915,1
2022HU0514169,1
2022HU0514266,1
2022HU0514305,1
2022HU0514341,1
2022HU0514436,1
2022HU0514459,1
2022HU0514486,1
2022HU0514509,1
2022HU0514600,1
2022HU0514611,1
2022HU0514732,1
2022HU0514759,1
2022HU0514942,1
2022HU0515092,1
2022HU0515307,1
2022HU0515344,1
2022HU0515349,1
2022HU0515493,1
2022HU0515638,1
2022HU0515781,1
2022HU0515791,1
2022HU0515835,1
2022HU0515859,1
2022HU0515882,1
2022HU0515891,1
2022HU0516064,1
2022HU0516153,1
2022HU0516302,1
2022HU0516369,1
2022HU0516447,1
2022HU0516527,1
2022HU0516533,1
2022HU0516689,1
2022HU0516742,1
2022HU0516768,1
2022HU0516788,1
2022HU0516930,1
2022HU0516997,1
2022HU0517146,1
2022HU0517164,1
2022HU0517171,1
2022HU0517204,1
2022HU0517274,1
2022HU0517281,1
2022HU0517305,1
2022HU0517463,1
2022HU0517480,1
2022HU0517522,1
2022HU0517526,1
2022HU0517581,1
2022HU0517669,1
2022HU0517679,1
2022HU0517960,1
2022HU0517991,1
2022HU0517992,1
2022HU0517996,1
2022HU0518157,1
2022HU0518195,1
2022HU0518233,1
2022HU0518268,1
2022HU0518284,1
2022HU0518404,1
2022HU0518418,1
2022HU0518634,1
2022HU0518680,1
2022HU0518746,1
2022HU0518854,1
2022HU0519057,1
2022HU0519090,1
2022HU0519122,1
2022HU0519222,1
2022HU0519294,1
2022HU0519318,1
2022HU0519350,1
2022HU0519414,1
2022HU0519467,1
2022HU0519476,1
2022HU0519488,1
2022HU0519637,1
2022HU0519728,1
2022HU0519745,1
2022HU0519891,1
2022HU0519899,1
2022HU0519930,1
2022HU0520025,1
2022HU0520288,1
2022HU0520327,1
2022HU0520412,1
2022HU0520550,1
2022HU0520570,1
2022HU0520609,1
2022HU0520873,1
2022HU0520968,1
2022HU0521043,1
2022HU0521061,1
2022HU0521364,1
2022HU0521541,1
2022HU0521603,1
2022HU0521611,1
2022HU0521673,1
2022HU0521709,1
2022HU0521742,1
2022HU0521812,1
2022HU0521831,1
2022HU0521893,1
2022HU0521923,1
2022HU0522134,1
2022HU0522145,1
2022HU0522236,1
2022HU0522298,1
2022HU0522308,1
2022HU0522321,1
2022HU0522405,1
2022HU0522410,1
2022HU0522518,1
2022HU0522589,1
2022HU0522737,1
2022HU0522742,1
2022HU0522801,1
2022HU0522872,1
2022HU0523114,1
2022HU0523131,1
2022HU0523153,1
2022HU0523178,1
2022HU0523249,1
2022HU0523280,1
2022HU0523346,1
2022HU0523354,1
2022HU0523391,1
2022HU0523416,1
2022HU0523420,1
2022HU0523441,1
2022HU0523663,1
2022HU0523673,1
2022HU0523692,1
2022HU0523820,1
2022HU0523854,1
2022HU0523928,1
2022HU0524001,1
2022HU0524011,1
2022HU0524020,1
2022HU0524039,1
2022HU0524076,1
2022HU0524080,1
2022HU0524128,1
2022HU0524379,1
2022HU0524391,1
2022HU0524454,1
2022HU0524457,1
2022HU0524459,1
2022HU0524528,1
2022HU0524695,1
2022HU0524745,1
2022HU0524898,1
2022HU0524933,1
2022HU0524987,1
2022HU0525011,1
2022HU0525013,1
2022HU0525089,1
2022HU0525231,1
2022HU0525354,1
2022HU0525355,1
2022HU0525368,1
2022HU0525418,1
2022HU0525476,1
2022HU0525667,1
2022HU0525690,1
2022HU0525831,1
2022HU0525945,1
2022HU0526050,1
2022HU0526164,1
2022HU0526187,1
2022HU0526320,1
2022HU0526461,1
2022HU0526508,1
2022HU0526791,1
2022HU0526874,1
2022HU0526907,1
2022HU0526968,1
2022HU0527224,1
2022HU0527284,1
2022HU0527342,1
2022HU0527369,1
2022HU0527427,1
2022HU0527471,1
2022HU0527611,1
2022HU0527721,1
2022HU0527907,1
2022HU0527950,1
2022HU0528065,1
2022HU0528088,1
2022HU0528148,1
2022HU0528154,1
2022HU0528164,1
2022HU0528219,1
2022HU0528417,1
2022HU0528461,1
2022HU0528485,1
2022HU0528527,1
2022HU0528532,1
2022HU0528780,1
2022HU0528835,1
2022HU0528922,1
2022HU0528929,1
2022HU0528996,1
2022HU0529045,1
2022HU0529126,1
2022HU0529138,1
2022HU0529314,1
2022HU0529366,1
2022HU0529418,1
2022HU0529420,1
2022HU0529454,1
2022HU0529468,1
2022HU0529529,1
2022HU0529570,1
2022HU0529653,1
2022HU0529677,1
2022HU0529704,1
2022HU0529716,1
2022HU0529730,1
2022HU0529887,1
2022HU0529891,1
2022HU0529921,1
2022HU0529941,1
2022HU0529951,1
2022HU0530023,1
2022HU0530034,1
2022HU0530433,1
2022HU0530449,1
2022HU0530454,1
2022HU0530459,1
2022HU0530479,1
2022HU0530848,1
2022HU0530969,1
2022HU0530973,1
2022HU0531034,1
2022HU0531090,1
2022HU0531241,1
2022HU0531296,1
2022HU0531326,1
2022HU0531345,1
2022HU0531415,1
2022HU0531432,1
2022HU0531488,1
2022HU0531524,1
2022HU0531604,1
2022HU0531682,1
2022HU0531728,1
2022HU0531912,1
2022HU0531937,1
2022HU0532266,1
2022HU0532364,1
2022HU0532366,1
2022HU0532412,1
2022HU0532426,1
2022HU0532467,1
2022HU0532483,1
2022HU0532543,1
2022HU0532572,1
2022HU0532662,1
2022HU0532851,1
2022HU0532860,1
2022HU0532877,1
2022HU0532901,1
2022HU0532990,1
2022HU0533025,1
2022HU0533079,1
2022HU0533089,1
2022HU0533265,1
2022HU0533268,1
2022HU0533272,1
2022HU0533278,1
2022HU0533451,1
2022HU0533475,1
2022HU0533559,1
2022HU0533578,1
2022HU0533624,1
2022HU0533663,1
2022HU0533800,1
2022HU0533901,1
2022HU0533938,1
2022HU0534036,1
2022HU0534041,1
2022HU0534055,1
2022HU0534143,1
2022HU0534220,1
2022HU0534230,1
2022HU0534252,1
2022HU0534273,1
2022HU0534279,1
2022HU0534455,1
2022HU0534470,1
2022HU0534534,1
2022HU0534639,1
2022HU0534666,1
2022HU0534763,1
2022HU0534860,1
2022HU0534958,1
2022HU0534975,1
2022HU0535160,1
2022HU0535200,1
2022HU0535383,1
2022HU0535384,1
2022HU0535393,1
2022HU0535412,1
2022HU0535477,1
2022HU0535501,1
2022HU0535510,1
2022HU0535777,1
2022HU0535784,1
2022HU0535795,1
2022HU0536089,1
2022HU0536140,1
2022HU0536148,1
2022HU0536165,1
2022HU0536315,1
2022HU0536327,1
2022HU0536384,1
2022HU0536407,1
2022HU0536455,1
2022HU0536516,1
2022HU0536519,1
2022HU0536545,1
2022HU0536582,1
2022HU0536609,1
2022HU0536879,1
2022HU0536880,1
2022HU0536992,1
2022HU0537038,1
2022HU0537141,1
2022HU0537285,1
2022HU0537385,1
2022HU0537450,1
2022HU0537464,1
2022HU0537606,1
2022HU0537624,1
2022HU0537682,1
2022HU0537688,1
2022HU0537691,1
2022HU0537764,1
2022HU0537790,1
2022HU0537843,1
2022HU0537987,1
2022HU0538088,1
2022HU0538157,1
2022HU0538262,1
2022HU0538371,1
2022HU0538464,1
2022HU0538536,1
2022HU0538551,1
2022HU0538602,1
2022HU0538702,1
2022HU0538757,1
2022HU0538807,1
2022HU0538822,1
2022HU0538855,1
2022HU0538861,1
2022HU0538868,1
2022HU0538884,1
2022HU0538925,1
2022HU0538926,1
2022HU0538964,1
2022HU0539043,1
2022HU0539133,1
2022HU0539136,1
2022HU0539348,1
2022HU0539349,1
2022HU0539390,1
2022HU0539579,1
2022HU0539631,1
2022HU0539700,1
2022HU0539829,1
2022HU0539887,1
2022HU0539912,1
2022HU0539920,1
2022HU0539945,1
2022HU0540066,1
2022HU0540095,1
2022HU0540098,1
2022HU0540290,1
2022HU0540336,1
2022HU0540352,1
2022HU0540452,1
2022HU0540453,1
2022HU0540645,1
2022HU0540812,1
2022HU0540829,1
2022HU0540852,1
2022HU0540862,1
2022HU0541017,1
2022HU0541025,1
2022HU0541121,1
2022HU0541143,1
2022HU0541403,1
2022HU0541449,1
2022HU0541589,1
2022HU0541728,1
2022HU0541755,1
2022HU0541881,1
2022HU0542013,1
2022HU0542056,1
2022HU0542282,1
2022HU0542294,1
2022HU0542348,1
2022HU0542364,1
2022HU0542437,1
2022HU0542449,1
2022HU0542545,1
2022HU0542547,1
2022HU0542570,1
2022HU0542710,1
2022HU0542734,1
2022HU0542807,1
2022HU0542836,1
2022HU0542877,1
2022HU0542930,1
2022HU0542945,1
2022HU0543104,1
2022HU0543133,1
2022HU0543136,1
2022HU0543268,1
2022HU0543454,1
2022HU0543477,1
2022HU0543486,1
2022HU0543487,1
2022HU0543540,1
2022HU0543613,1
2022HU0543638,1
2022HU0543656,1
2022HU0543727,1
2022HU0543780,1
2022HU0543808,1
2022HU0543831,1
2022HU0543849,1
2022HU0543854,1
2022HU0543904,1
2022HU0543934,1
2022HU0543964,1
2022HU0544013,1
2022HU0544156,1
2022HU0544168,1
2022HU0544283,1
2022HU0544615,1
2022HU0544625,1
2022HU0544722,1
2022HU0544816,1
2022HU0544870,1
2022HU0544920,1
2022HU0544951,1
2022HU0544977,1
2022HU0545146,1
2022HU0545174,1
2022HU0545298,1
2022HU0545388,1
2022HU0545399,1
2022HU0545422,1
2022HU0545461,1
2022HU0545474,1
2022HU0545515,1
2022HU0545666,1
2022HU0545897,1
2022HU0546080,1
2022HU0546085,1
2022HU0546116,1
2022HU0546148,1
2022HU0546233,1
2022HU0546340,1
2022HU0546344,1
2022HU0546351,1
2022HU0546418,1
2022HU0546473,1
2022HU0546541,1
2022HU0546552,1
2022HU0546602,1
2022HU0546654,1
2022HU0546776,1
2022HU0546866,1
2022HU0546922,1
2022HU0546956,1
2022HU0547051,1
2022HU0547109,1
2022HU0547196,1
2022HU0547357,1
2022HU0547499,1
2022HU0547689,1
2022HU0547711,1
2022HU0547719,1
2022HU0547780,1
2022HU0547901,1
2022HU0547936,1
2022HU0548036,1
2022HU0548114,1
2022HU0548204,1
2022HU0548288,1
2022HU0548297,1
2022HU0548409,1
2022HU0548434,1
2022HU0548466,1
2022HU0548494,1
2022HU0548573,1
2022HU0548621,1
2022HU0548639,1
2022HU0548988,1
2022HU0549022,1
2022HU0549050,1
2022HU0549120,1
2022HU0549204,1
2022HU0549286,1
2022HU0549323,1
2022HU0549373,1
2022HU0549416,1
2022HU0549418,1
2022HU0549421,1
2022HU0549438,1
2022HU0549544,1
2022HU0549558,1
2022HU0549636,1
2022HU0549703,1
2022HU0549715,1
2022HU0549774,1
2022HU0549895,1
2022HU0549991,1
2022HU0549996,1
2022HU0550003,1
2022HU0550005,1
2022HU0550239,1
2022HU0550243,1
2022HU0550373,1
2022HU0550400,1
2022HU0550463,1
2022HU0550555,1
2022HU0550579,1
2022HU0550706,1
2022HU0550764,1
2022HU0550804,1
2022HU0550925,1
2022HU0550955,1
2022HU0551077,1
2022HU0551087,1
2022HU0551092,1
2022HU0551113,1
2022HU0551228,1
2022HU0551235,1
2022HU0551295,1
2022HU0551329,1
2022HU0551334,1
2022HU0551406,1
2022HU0551591,1
2022HU0551683,1
2022HU0551780,1
2022HU0552092,1
2022HU0552094,1
2022HU0552100,1
2022HU0552103,1
2022HU0552145,1
2022HU0552297,1
2022HU0552353,1
2022HU0552387,1
2022HU0552421,1
2022HU0552460,1
2022HU0552487,1
2022HU0552567,1
2022HU0552688,1
2022HU0552813,1
2022HU0552827,1
2022HU0552870,1
2022HU0552921,1
2022HU0552963,1
2022HU0553154,1
2022HU0553166,1
2022HU0553176,1
2022HU0553194,1
2022HU0553233,1
2022HU0553705,1
2022HU0553712,1
2022HU0553788,1
2022HU0553856,1
2022HU0553902,1
2022HU0554068,1
2022HU0554235,1
2022HU0554249,1
2022HU0554325,1
2022HU0554357,1
2022HU0554455,1
2022HU0554486,1
2022HU0554578,1
2022HU0554660,1
2022HU0554703,1
2022HU0554854,1
2022HU0554914,1
2022HU0554959,1
2022HU0555084,1
2022HU0555558,1
2022HU0555581,1
2022HU0555591,1
2022HU0555630,1
2022HU0555687,1
2022HU0555695,1
2022HU0555696,1
2022HU0555733,1
2022HU0555788,1
2022HU0555819,1
2022HU0555913,1
2022HU0555947,1
2022HU0556188,1
2022HU0556271,1
2022HU0556280,1
2022HU0556345,1
2022HU0556356,1
2022HU0556361,1
2022HU0556393,1
2022HU0556419,1
2022HU0556452,1
2022HU0556518,1
2022HU0556552,1
2022HU0556616,1
2022HU0556668,1
2022HU0556697,1
2022HU0556707,1
2022HU0556714,1
2022HU0556716,1
2022HU0556744,1
2022HU0556755,1
2022HU0556905,1
2022HU0556908,1
2022HU0556960,1
2022HU0556973,1
2022HU0557015,1
2022HU0557056,1
2022HU0557063,1
2022HU0557114,1
2022HU0557162,1
2022HU0557166,1
2022HU0557212,1
2022HU0557246,1
2022HU0557515,1
2022HU0557546,1
2022HU0557562,1
2022HU0557575,1
2022HU0557675,1
2022HU0557694,1
2022HU0557995,1
2022HU0558061,1
2022HU0558104,1
2022HU0558143,1
2022HU0558150,1
2022HU0558353,1
2022HU0558384,1
2022HU0558460,1
2022HU0558501,1
2022HU0558503,1
2022HU0558531,1
2022HU0558579,1
2022HU0558620,1
2022HU0558638,1
2022HU0558709,1
2022HU0558720,1
2022HU0558810,1
2022HU0558827,1
2022HU0558861,1
2022HU0558881,1
2022HU0558946,1
2022HU0558982,1
2022HU0559004,1
2022HU0559025,1
2022HU0559034,1
2022HU0559083,1
2022HU0559117,1
2022HU0559260,1
2022HU0559291,1
2022HU0559328,1
2022HU0559445,1
2022HU0559459,1
2022HU0559474,1
2022HU0559506,1
2022HU0559578,1
2022HU0559648,1
2022HU0559670,1
2022HU0559711,1
2022HU0559716,1
2022HU0559720,1
2022HU0559810,1
2022HU0559844,1
2022HU0559926,1
2022HU0560055,1
2022HU0560080,1
2022HU0560114,1
2022HU0560127,1
2022HU0560132,1
2022HU0560178,1
2022HU0560227,1
2022HU0560259,1
2022HU0560394,1
2022HU0560433,1
2022HU0560536,1
2022HU0560607,1
2022HU0560754,1
2022HU0560788,1
2022HU0560832,1
2022HU0561044,1
2022HU0561056,1
2022HU0561070,1
2022HU0561109,1
2022HU0561139,1
2022HU0561224,1
2022HU0561234,1
2022HU0561276,1
2022HU0561507,1
2022HU0561524,1
2022HU0561581,1
2022HU0561611,1
2022HU0561634,1
2022HU0561637,1
2022HU0561661,1
2022HU0561694,1
2022HU0561767,1
2022HU0561794,1
2022HU0561917,1
2022HU0561956,1
2022HU0562099,1
2022HU0562162,1
2022HU0562291,1
2022HU0562302,1
2022HU0562471,1
2022HU0562550,1
2022HU0562614,1
2022HU0562629,1
2022HU0562644,1
2022HU0562725,1
2022HU0562837,1
2022HU0562848,1
2022HU0562858,1
2022HU0562897,1
2022HU0562981,1
2022HU0562987,1
2022HU0562996,1
2022HU0563005,1
2022HU0563056,1
2022HU0563106,1
2022HU0563123,1
2022HU0563258,1
2022HU0563421,1
2022HU0563458,1
2022HU0563545,1
2022HU0563628,1
2022HU0563639,1
2022HU0563652,1
2022HU0563704,1
2022HU0563715,1
2022HU0563742,1
2022HU0563842,1
2022HU0563882,1
2022HU0563961,1
2022HU0563969,1
2022HU0563971,1
2022HU0563986,1
2022HU0563998,1
2022HU0564055,1
2022HU0564100,1
2022HU0564102,1
2022HU0564114,1
2022HU0564260,1
2022HU0564364,1
2022HU0564438,1
2022HU0564513,1
2022HU0564748,1
2022HU0564936,1
2022HU0564999,1
2022HU0565022,1
2022HU0565144,1
2022HU0565183,1
2022HU0565390,1
2022HU0565599,1
2022HU0565715,1
2022HU0565766,1
2022HU0565789,1
2022HU0565893,1
2022HU0565969,1
2022HU0565979,1
2022HU0566053,1
2022HU0566072,1
2022HU0566073,1
2022HU0566148,1
2022HU0566181,1
2022HU0566373,1
2022HU0566394,1
2022HU0566403,1
2022HU0566454,1
2022HU0566595,1
2022HU0566871,1
2022HU0566895,1
2022HU0566947,1
2022HU0566971,1
2022HU0567028,1
2022HU0567226,1
2022HU0567289,1
2022HU0567385,1
2022HU0567493,1
2022HU0567575,1
2022HU0567588,1
2022HU0567768,1
2022HU0567785,1
2022HU0567817,1
2022HU0567974,1
2022HU0568056,1
2022HU0568127,1
2022HU0568273,1
2022HU0568328,1
2022HU0568340,1
2022HU0568496,1
2022HU0568508,1
2022HU0568572,1
2022HU0568584,1
2022HU0568662,1
2022HU0568714,1
2022HU0568738,1
2022HU0568816,1
2022HU0569001,1
2022HU0569014,1
2022HU0569015,1
2022HU0569134,1
2022HU0569168,1
2022HU0569204,1
2022HU0569258,1
2022HU0569275,1
2022HU0569320,1
2022HU0569376,1
2022HU0569445,1
2022HU0569448,1
2022HU0569459,1
2022HU0569502,1
2022HU0569697,1
2022HU0569705,1
2022HU0569745,1
2022HU0569762,1
2022HU0569774,1
2022HU0569845,1
2022HU0569876,1
2022HU0569933,1
2022HU0569982,1
2022HU0570019,1
2022HU0570525,1
2022HU0570605,1
2022HU0570803,1
2022HU0570825,1
2022HU0571092,1
2022HU0571146,1
2022HU0571204,1
2022HU0571232,1
2022HU0571247,1
2022HU0571399,1
2022HU0571562,1
2022HU0571588,1
2022HU0571645,1
2022HU0571700,1
2022HU0571714,1
2022HU0571799,1
2022HU0571912,1
2022HU0571960,1
2022HU0571979,1
2022HU0572071,1
2022HU0572246,1
2022HU0572264,1
2022HU0572317,1
2022HU0572337,1
2022HU0572419,1
2022HU0572477,1
2022HU0572792,1
2022HU0572811,1
2022HU0572931,1
2022HU0572954,1
2022HU0573035,1
2022HU0573048,1
2022HU0573065,1
2022HU0573088,1
2022HU0573120,1
2022HU0573160,1
2022HU0573230,1
2022HU0573265,1
2022HU0573402,1
2022HU0573499,1
2022HU0573529,1
2022HU0573595,1
2022HU0573648,1
2022HU0573709,1
2022HU0573736,1
2022HU0573851,1
2022HU0573855,1
2022HU0574037,1
2022HU0574046,1
2022HU0574095,1
2022HU0574254,1
2022HU0574300,1
2022HU0574403,1
2022HU0574435,1
2022HU0574480,1
2022HU0574551,1
2022HU0574613,1
2022HU0574717,1
2022HU0574814,1
2022HU0574868,1
2022HU0575125,1
2022HU0575164,1
2022HU0575268,1
2022HU0575269,1
2022HU0575410,1
2022HU0575453,1
2022HU0575457,1
2022HU0575479,1
2022HU0575567,1
2022HU0575626,1
2022HU0575679,1
2022HU0575718,1
2022HU0575761,1
2022HU0576024,1
2022HU0576057,1
2022HU0576151,1
2022HU0576192,1
2022HU0576232,1
2022HU0576252,1
2022HU0576309,1
2022HU0576426,1
2022HU0576458,1
2022HU0576733,1
2022HU0576768,1
2022HU0576776,1
2022HU0576867,1
2022HU0576877,1
2022HU0576957,1
2022HU0577027,1
2022HU0577029,1
2022HU0577123,1
2022HU0577170,1
2022HU0577422,1
2022HU0577441,1
2022HU0577653,1
2022HU0577775,1
2022HU0577808,1
2022HU0577966,1
2022HU0577980,1
2022HU0578044,1
2022HU0578188,1
2022HU0578261,1
2022HU0578312,1
2022HU0578351,1
2022HU0578477,1
2022HU0578517,1
2022HU0578545,1
2022HU0578627,1
2022HU0578716,1
2022HU0578745,1
2022HU0578764,1
2022HU0578838,1
2022HU0578971,1
2022HU0579021,1
2022HU0579032,1
2022HU0579091,1
2022HU0579113,1
2022HU0579124,1
2022HU0579474,1
2022HU0579581,1
2022HU0579603,1
2022HU0579610,1
2022HU0579619,1
2022HU0579656,1
2022HU0579770,1
2022HU0579783,1
2022HU0579791,1
2022HU0579965,1
2022HU0580017,1
2022HU0580037,1
2022HU0580079,1
2022HU0580162,1
2022HU0580180,1
2022HU0580201,1
2022HU0580266,1
2022HU0580477,1
2022HU0580492,1
2022HU0580504,1
2022HU0580556,1
2022HU0580740,1
2022HU0580889,1
2022HU0580924,1
2022HU0580927,1
2022HU0581248,1
2022HU0581264,1
2022HU0581316,1
2022HU0581710,1
2022HU0581750,1
2022HU0581822,1
2022HU0581845,1
2022HU0582023,1
2022HU0582032,1
2022HU0582130,1
2022HU0582201,1
2022HU0582238,1
2022HU0582249,1
2022HU0582282,1
2022HU0582514,1
2022HU0582550,1
2022HU0582634,1
2022HU0582671,1
2022HU0582721,1
2022HU0582785,1
2022HU0582883,1
2022HU0582994,1
2022HU0583058,1
2022HU0583129,1
2022HU0583145,1
2022HU0583193,1
2022HU0583316,1
2022HU0583339,1
2022HU0583357,1
2022HU0583553,1
2022HU0583594,1
2022HU0583800,1
2022HU0584012,1
2022HU0584107,1
2022HU0584198,1
2022HU0584275,1
2022HU0584277,1
2022HU0584379,1
2022HU0584510,1
2022HU0584599,1
2022HU0584768,1
2022HU0584900,1
2022HU0584939,1
2022HU0584941,1
2022HU0585035,1
2022HU0585044,1
2022HU0585061,1
2022HU0585067,1
2022HU0585114,1
2022HU0585119,1
2022HU0585243,1
2022HU0585357,1
2022HU0585435,1
2022HU0585665,1
2022HU0585709,1
2022HU0585754,1
2022HU0585760,1
2022HU0585867,1
2022HU0585878,1
2022HU0585932,1
2022HU0586021,1
2022HU0586138,1
2022HU0586157,1
2022HU0586158,1
2022HU0586508,1
2022HU0586584,1
2022HU0586683,1
2022HU0586712,1
2022HU0586876,1
2022HU0586979,1
2022HU0587043,1
2022HU0587109,1
2022HU0587179,1
2022HU0587210,1
2022HU0587216,1
2022HU0587243,1
2022HU0587253,1
2022HU0587293,1
2022HU0587319,1
2022HU0587342,1
2022HU0587488,1
2022HU0587546,1
2022HU0587870,1
2022HU0587872,1
2022HU0587920,1
2022HU0587951,1
2022HU0588000,1
2022HU0588074,1
2022HU0588199,1
2022HU0588418,1
2022HU0588426,1
2022HU0588463,1
2022HU0588492,1
2022HU0588504,1
2022HU0588568,1
2022HU0588600,1
2022HU0588634,1
2022HU0588698,1
2022HU0588728,1
2022HU0588835,1
2022HU0589216,1
2022HU0589243,1
2022HU0589258,1
2022HU0589322,1
2022HU0589498,1
2022HU0589746,1
2022HU0589881,1
2022HU0590007,1
2022HU0590031,1
2022HU0590112,1
2022HU0590224,1
2022HU0590326,1
2022HU0590363,1
2022HU0590374,1
2022HU0590376,1
2022HU0590432,1
2022HU0590517,1
2022HU0590554,1
2022HU0590664,1
2022HU0590666,1
2022HU0590761,1
2022HU0590769,1
2022HU0590999,1
2022HU0591130,1
2022HU0591243,1
2022HU0591353,1
2022HU0591448,1
2022HU0591467,1
2022HU0591513,1
2022HU0591618,1
2022HU0591760,1
2022HU0592159,1
2022HU0592193,1
2022HU0592232,1
2022HU0592235,1
2022HU0592470,1
2022HU0592497,1
2022HU0592651,1
2022HU0592664,1
2022HU0592705,1
2022HU0592773,1
2022HU0592946,1
2022HU0593066,1
2022HU0593174,1
2022HU0593248,1
2022HU0593330,1
2022HU0593381,1
2022HU0593388,1
2022HU0593495,1
2022HU0593504,1
2022HU0593546,1
2022HU0593548,1
2022HU0593560,1
2022HU0593577,1
2022HU0593581,1
2022HU0593606,1
2022HU0593656,1
2022HU0593736,1
2022HU0593779,1
2022HU0593875,1
2022HU0593976,1
2022HU0594056,1
2022HU0594137,1
2022HU0594190,1
2022HU0594191,1
2022HU0594253,1
2022HU0594377,1
2022HU0594378,1
2022HU0594433,1
2022HU0594450,1
2022HU0594482,1
2022HU0594572,1
2022HU0594578,1
2022HU0594579,1
2022HU0594790,1
2022HU0594911,1
2022HU0594959,1
2022HU0594961,1
2022HU0595065,1
2022HU0595215,1
2022HU0595308,1
2022HU0595311,1
2022HU0595394,1
2022HU0595405,1
2022HU0595411,1
2022HU0595425,1
2022HU0595570,1
2022HU0595720,1
2022HU0595757,1
2022HU0595816,1
2022HU0595850,1
2022HU0595915,1
2022HU0596001,1
2022HU0596066,1
2022HU0596072,1
2022HU0596073,1
2022HU0596311,1
2022HU0596316,1
2022HU0596416,1
2022HU0596567,1
2022HU0596844,1
2022HU0596912,1
2022HU0596917,1
2022HU0596977,1
2022HU0597027,1
2022HU0597138,1
2022HU0597180,1
2022HU0597244,1
2022HU0597246,1
2022HU0597296,1
2022HU0597387,1
2022HU0597498,1
2022HU0597561,1
2022HU0597563,1
2022HU0597599,1
2022HU0597723,1
2022HU0597730,1
2022HU0597733,1
2022HU0597737,1
2022HU0597755,1
2022HU0597874,1
2022HU0597879,1
2022HU0597893,1
2022HU0597995,1
2022HU0598026,1
2022HU0598037,1
2022HU0598044,1
2022HU0598048,1
2022HU0598089,1
2022HU0598106,1
2022HU0598274,1
2022HU0598411,1
2022HU0598443,1
2022HU0598544,1
2022HU0598555,1
2022HU0598620,1
2022HU0598663,1
2022HU0598674,1
2022HU0598752,1
2022HU0598858,1
2022HU0598931,1
2022HU0598965,1
2022HU0598996,1
2022HU0599079,1
2022HU0599107,1
2022HU0599288,1
2022HU0599457,1
2022HU0599554,1
2022HU0599580,1
2022HU0599736,1
2022HU0599747,1
2022HU0599859,1
2022HU0599925,1
2022HU0600058,1
2022HU0600134,1
2022HU0600195,1
2022HU0600281,1
2022HU0600296,1
2022HU0600300,1
2022HU0600384,1
2022HU0600485,1
2022HU0600574,1
2022HU0600606,1
2022HU0600612,1
2022HU0600660,1
2022HU0600735,1
2022HU0600794,1
2022HU0600832,1
2022HU0600907,1
2022HU0600959,1
2022HU0601018,1
2022HU0601046,1
2022HU0601177,1
2022HU0601252,1
2022HU0601310,1
2022HU0601332,1
2022HU0601340,1
2022HU0601429,1
2022HU0601445,1
2022HU0601511,1
2022HU0601548,1
2022HU0601578,1
2022HU0601624,1
2022HU0601784,1
2022HU0601857,1
2022HU0601960,1
2022HU0601998,1
2022HU0602010,1
2022HU0602022,1
2022HU0602130,1
2022HU0602284,1
2022HU0602302,1
2022HU0602334,1
2022HU0602436,1
2022HU0602539,1
2022HU0602651,1
2022HU0602679,1
2022HU0602771,1
2022HU0602820,1
2022HU0602825,1
2022HU0602874,1
2022HU0602905,1
2022HU0602982,1
2022HU0603046,1
2022HU0603076,1
2022HU0603119,1
2022HU0603133,1
2022HU0603351,1
2022HU0603470,1
2022HU0603573,1
2022HU0603674,1
2022HU0603784,1
2022HU0603853,1
2022HU0603870,1
2022HU0603918,1
2022HU0603935,1
2022HU0604078,1
2022HU0604143,1
2022HU0604174,1
2022HU0604212,1
2022HU0604243,1
2022HU0604263,1
2022HU0604411,1
2022HU0604451,1
2022HU0604720,1
2022HU0604817,1
2022HU0605038,1
2022HU0605178,1
2022HU0605199,1
2022HU0605383,1
2022HU0605502,1
2022HU0605623,1
2022HU0605633,1
2022HU0605665,1
2022HU0605690,1
2022HU0605719,1
2022HU0605966,1
2022HU0605989,1
2022HU0606105,1
2022HU0606159,1
2022HU0606172,1
2022HU0606202,1
2022HU0606317,1
2022HU0606447,1
2022HU0606545,1
2022HU0606560,1
2022HU0606646,1
2022HU0606675,1
2022HU0606708,1
2022HU0606757,1
2022HU0606773,1
2022HU0606848,1
2022HU0606892,1
2022HU0606923,1
2022HU0607152,1
2022HU0607155,1
2022HU0607169,1
2022HU0607256,1
2022HU0607307,1
2022HU0607566,1
2022HU0607618,1
2022HU0607651,1
2022HU0607772,1
2022HU0607781,1
2022HU0607791,1
2022HU0607844,1
2022HU0607976,1
2022HU0608057,1
2022HU0608289,1
2022HU0608297,1
2022HU0608389,1
2022HU0608433,1
2022HU0608539,1
2022HU0608605,1
2022HU0608637,1
2022HU0608711,1
2022HU0608718,1
2022HU0608760,1
2022HU0608805,1
2022HU0608835,1
2022HU0608930,1
2022HU0609043,1
2022HU0609047,1
2022HU0609083,1
2022HU0609107,1
2022HU0609180,1
2022HU0609185,1
2022HU0609209,1
2022HU0609262,1
2022HU0609312,1
2022HU0609324,1
2022HU0609450,1
2022HU0609471,1
2022HU0609489,1
2022HU0609585,1
2022HU0609596,1
2022HU0609610,1
2022HU0609715,1
2022HU0609834,1
2022HU0609916,1
2022HU0609994,1
2022HU0610126,1
2022HU0610227,1
2022HU0610273,1
2022HU0610392,1
2022HU0610401,1
2022HU0610551,1
2022HU0610621,1
2022HU0610658,1
2022HU0610951,1
2022HU0610986,1
2022HU0611034,1
2022HU0611049,1
2022HU0611092,1
2022HU0611432,1
2022HU0611447,1
2022HU0611479,1
2022HU0611533,1
2022HU0611583,1
2022HU0611604,1
2022HU0611625,1
2022HU0611679,1
2022HU0611704,1
2022HU0611716,1
2022HU0611801,1
2022HU0611820,1
2022HU0611833,1
2022HU0611912,1
2022HU0611981,1
2022HU0611985,1
2022HU0612023,1
2022HU0612050,1
2022HU0612331,1
2022HU0612342,1
2022HU0612456,1
2022HU0612535,1
2022HU0612596,1
2022HU0612698,1
2022HU0612736,1
2022HU0612795,1
2022HU0612897,1
2022HU0612925,1
2022HU0612960,1
2022HU0612972,1
2022HU0613002,1
2022HU0613128,1
2022HU0613283,1
2022HU0613302,1
2022HU0613406,1
2022HU0613491,1
2022HU0613643,1
2022HU0613675,1
2022HU0613723,1
2022HU0613734,1
2022HU0613833,1
2022HU0613842,1
2022HU0613861,1
2022HU0613958,1
2022HU0613999,1
2022HU0614032,1
2022HU0614057,1
2022HU0614089,1
2022HU0614133,1
2022HU0614428,1
2022HU0614565,1
2022HU0614610,1
2022HU0614631,1
2022HU0614698,1
2022HU0614897,1
2022HU0614902,1
2022HU0614920,1
2022HU0614965,1
2022HU0614998,1
2022HU0615109,1
2022HU0615140,1
2022HU0615185,1
2022HU0615319,1
2022HU0615358,1
2022HU0615439,1
2022HU0615444,1
2022HU0615501,1
2022HU0615506,1
2022HU0615507,1
2022HU0615557,1
2022HU0615703,1
2022HU0615720,1
2022HU0615725,1
2022HU0615768,1
2022HU0615794,1
2022HU0615900,1
2022HU0616077,1
2022HU0616086,1
2022HU0616097,1
2022HU0616183,1
2022HU0616228,1
2022HU0616363,1
2022HU0616399,1
2022HU0616420,1
2022HU0616475,1
2022HU0616485,1
2022HU0616536,1
2022HU0616639,1
2022HU0616640,1
2022HU0616764,1
2022HU0616766,1
2022HU0616801,1
2022HU0616823,1
2022HU0616842,1
2022HU0616887,1
2022HU0616922,1
2022HU0616927,1
2022HU0617011,1
2022HU0617039,1
2022HU0617224,1
2022HU0617259,1
2022HU0617295,1
2022HU0617317,1
2022HU0617577,1
2022HU0617816,1
2022HU0617880,1
2022HU0618001,1
2022HU0618173,1
2022HU0618386,1
2022HU0618457,1
2022HU0618528,1
2022HU0618530,1
2022HU0618601,1
2022HU0618704,1
2022HU0618791,1
2022HU0618853,1
2022HU0618900,1
2022HU0618917,1
2022HU0618921,1
2022HU0619168,1
2022HU0619176,1
2022HU0619245,1
2022HU0619389,1
2022HU0619441,1
2022HU0619669,1
2022HU0619725,1
2022HU0619911,1
2022HU0619982,1
2022HU0619992,1
2022HU0620088,1
2022HU0620099,1
2022HU0620195,1
2022HU0620200,1
2022HU0620296,1
2022HU0620449,1
2022HU0620601,1
2022HU0620614,1
2022HU0620698,1
2022HU0620782,1
2022HU0620795,1
2022HU0620833,1
2022HU0620926,1
2022HU0621040,1
2022HU0621050,1
2022HU0621061,1
2022HU0621067,1
2022HU0621127,1
2022HU0621257,1
2022HU0621528,1
2022HU0621630,1
2022HU0621721,1
2022HU0621759,1
2022HU0621762,1
2022HU0621860,1
2022HU0621908,1
2022HU0621989,1
2022HU0622171,1
2022HU0622221,1
2022HU0622323,1
2022HU0622427,1
2022HU0622451,1
2022HU0622507,1
2022HU0622511,1
2022HU0622547,1
2022HU0622670,1
2022HU0622678,1
2022HU0622735,1
2022HU0622755,1
2022HU0622789,1
2022HU0622819,1
2022HU0622883,1
2022HU0622887,1
2022HU0622888,1
2022HU0622974,1
2022HU0623029,1
2022HU0623086,1
2022HU0623142,1
2022HU0623151,1
2022HU0623231,1
2022HU0623332,1
2022HU0623397,1
2022HU0623439,1
2022HU0623454,1
2022HU0623473,1
2022HU0623605,1
2022HU0623721,1
2022HU0623808,1
2022HU0623872,1
2022HU0623913,1
2022HU0624047,1
2022HU0624100,1
2022HU0624148,1
2022HU0624356,1
2022HU0624431,1
2022HU0624492,1
2022HU0624594,1
2022HU0624607,1
2022HU0624774,1
2022HU0624786,1
2022HU0624946,1
2022HU0625034,1
2022HU0625173,1
2022HU0625231,1
2022HU0625296,1
2022HU0625345,1
2022HU0625346,1
2022HU0625352,1
2022HU0625365,1
2022HU0625405,1
2022HU0625481,1
2022HU0625579,1
2022HU0625644,1
2022HU0625663,1
2022HU0625776,1
2022HU0625789,1
2022HU0625799,1
2022HU0625879,1
2022HU0626104,1
2022HU0626122,1
2022HU0626129,1
2022HU0626239,1
2022HU0626400,1
2022HU0626415,1
2022HU0626494,1
2022HU0626721,1
2022HU0626739,1
2022HU0626968,1
2022HU0626974,1
2022HU0627051,1
2022HU0627094,1
2022HU0627140,1
2022HU0627153,1
2022HU0627183,1
2022HU0627206,1
2022HU0627220,1
2022HU0627348,1
2022HU0627469,1
2022HU0627556,1
2022HU0627643,1
2022HU0627658,1
2022HU0627680,1
2022HU0627722,1
2022HU0627856,1
2022HU0628015,1
2022HU0628122,1
2022HU0628159,1
2022HU0628160,1
2022HU0628303,1
2022HU0628308,1
2022HU0628324,1
2022HU0628377,1
2022HU0628468,1
2022HU0628524,1
2022HU0628529,1
2022HU0628530,1
2022HU0628552,1
2022HU0628558,1
2022HU0628578,1
2022HU0628647,1
2022HU0628707,1
2022HU0628814,1
2022HU0628815,1
2022HU0628992,1
2022HU0629032,1
2022HU0629126,1
2022HU0629306,1
2022HU0629320,1
2022HU0629604,1
2022HU0629665,1
2022HU0629666,1
2022HU0629849,1
2022HU0629888,1
2022HU0629964,1
2022HU0629999,1
2022HU0630005,1
2022HU0630006,1
2022HU0630013,1
2022HU0630047,1
2022HU0630112,1
2022HU0630231,1
2022HU0630336,1
2022HU0630353,1
2022HU0630627,1
2022HU0630703,1
2022HU0630901,1
2022HU0631132,1
2022HU0631208,1
2022HU0631242,1
2022HU0631323,1
2022HU0631430,1
2022HU0631440,1
2022HU0631487,1
2022HU0631513,1
2022HU0631557,1
2022HU0631635,1
2022HU0631695,1
2022HU0631915,1
2022HU0632061,1
2022HU0632094,1
2022HU0632159,1
2022HU0632205,1
2022HU0632348,1
2022HU0632370,1
2022HU0632458,1
2022HU0632461,1
2022HU0632522,1
2022HU0632705,1
2022HU0632735,1
2022HU0632790,1
2022HU0632870,1
2022HU0632932,1
2022HU0633009,1
2022HU0633070,1
2022HU0633158,1
2022HU0633253,1
2022HU0633291,1
2022HU0633295,1
2022HU0633330,1
2022HU0633581,1
2022HU0633594,1
2022HU0633602,1
2022HU0633624,1
2022HU0633660,1
2022HU0633678,1
2022HU0633754,1
2022HU0633756,1
2022HU0633791,1
2022HU0633920,1
2022HU0633941,1
2022HU0634026,1
2022HU0634037,1
2022HU0634056,1
2022HU0634130,1
2022HU0634158,1
2022HU0634164,1
2022HU0634248,1
2022HU0634339,1
2022HU0634344,1
2022HU0634352,1
2022HU0634413,1
2022HU0634416,1
2022HU0634435,1
2022HU0634495,1
2022HU0634546,1
2022HU0634576,1
2022HU0634656,1
2022HU0634679,1
2022HU0634722,1
2022HU0634808,1
2022HU0634859,1
2022HU0634873,1
2022HU0634884,1
2022HU0635011,1
2022HU0635083,1
2022HU0635094,1
2022HU0635122,1
2022HU0635187,1
2022HU0635205,1
2022HU0635231,1
2022HU0635264,1
2022HU0635266,1
2022HU0635268,1
2022HU0635281,1
2022HU0635433,1
2022HU0635656,1
2022HU0635769,1
2022HU0635830,1
2022HU0635849,1
2022HU0635924,1
2022HU0636006,1
2022HU0636014,1
2022HU0636088,1
2022HU0636097,1
2022HU0636110,1
2022HU0636117,1
2022HU0636182,1
2022HU0636203,1
2022HU0636268,1
2022HU0636311,1
2022HU0636498,1
2022HU0636646,1
2022HU0636804,1
2022HU0636962,1
2022HU0637006,1
2022HU0637017,1
2022HU0637045,1
2022HU0637111,1
2022HU0637361,1
2022HU0637406,1
2022HU0637424,1
2022HU0637426,1
2022HU0637463,1
2022HU0637616,1
2022HU0637629,1
2022HU0637681,1
2022HU0637698,1
2022HU0637724,1
2022HU0637766,1
2022HU0637847,1
2022HU0637996,1
2022HU0638037,1
2022HU0638286,1
2022HU0638421,1
2022HU0638448,1
2022HU0638508,1
2022HU0638559,1
2022HU0638658,1
2022HU0638697,1
2022HU0638741,1
2022HU0638826,1
2022HU0638842,1
2022HU0639170,1
2022HU0639207,1
2022HU0639215,1
2022HU0639297,1
2022HU0639368,1
2022HU0639782,1
2022HU0639907,1
2022HU0640022,1
2022HU0640081,1
2022HU0640127,1
2022HU0640353,1
2022HU0640410,1
2022HU0640507,1
2022HU0640552,1
2022HU0640580,1
2022HU0640590,1
2022HU0640667,1
2022HU0640804,1
2022HU0640830,1
2022HU0640861,1
2022HU0640986,1
2022HU0641026,1
2022HU0641075,1
2022HU0641278,1
2022HU0641306,1
2022HU0641468,1
2022HU0641501,1
2022HU0641525,1
2022HU0641606,1
2022HU0641648,1
2022HU0641835,1
2022HU0641931,1
2022HU0642010,1
2022HU0642158,1
2022HU0642266,1
2022HU0642288,1
2022HU0642409,1
2022HU0642411,1
2022HU0642446,1
2022HU0642585,1
2022HU0642637,1
2022HU0642715,1
2022HU0642729,1
2022HU0642747,1
2022HU0642805,1
2022HU0642838,1
2022HU0642877,1
2022HU0642891,1
2022HU0642942,1
2022HU0642987,1
2022HU0643040,1
2022HU0643115,1
2022HU0643148,1
2022HU0643171,1
2022HU0643189,1
2022HU0643288,1
2022HU0643301,1
2022HU0643373,1
2022HU0643410,1
2022HU0643559,1
2022HU0643561,1
2022HU0643572,1
2022HU0643582,1
2022HU0643769,1
2022HU0643784,1
2022HU0643785,1
2022HU0643817,1
2022HU0643917,1
2022HU0643940,1
2022HU0643946,1
2022HU0643991,1
2022HU0644122,1
2022HU0644181,1
2022HU0644243,1
2022HU0644346,1
2022HU0644370,1
2022HU0644401,1
2022HU0644424,1
2022HU0644439,1
2022HU0644442,1
2022HU0644469,1
2022HU0644608,1
2022HU0644736,1
2022HU0644740,1
2022HU0644764,1
2022HU0644797,1
2022HU0644830,1
2022HU0644842,1
2022HU0644979,1
2022HU0645054,1
2022HU0645062,1
2022HU0645063,1
2022HU0645167,1
2022HU0645193,1
2022HU0645199,1
2022HU0645205,1
2022HU0645218,1
2022HU0645290,1
2022HU0645421,1
2022HU0645483,1
2022HU0645563,1
2022HU0645665,1
2022HU0645827,1
2022HU0645909,1
2022HU0645985,1
2022HU0646162,1
2022HU0646318,1
2022HU0646333,1
2022HU0646502,1
2022HU0646622,1
2022HU0646655,1
2022HU0646682,1
2022HU0646686,1
2022HU0646695,1
2022HU0646764,1
2022HU0646935,1
2022HU0646995,1
2022HU0647006,1
2022HU0647009,1
2022HU0647046,1
2022HU0647119,1
2022HU0647196,1
2022HU0647330,1
2022HU0647445,1
2022HU0647455,1
2022HU0647502,1
2022HU0647531,1
2022HU0647673,1
2022HU0647706,1
2022HU0647726,1
2022HU0647824,1
2022HU0647831,1
2022HU0647912,1
2022HU0647932,1
2022HU0648004,1
2022HU0648009,1
2022HU0648131,1
2022HU0648383,1
2022HU0648405,1
2022HU0648562,1
2022HU0648587,1
2022HU0648702,1
2022HU0648787,1
2022HU0648928,1
2022HU0648989,1
2022HU0649022,1
2022HU0649252,1
2022HU0649277,1
2022HU0649288,1
2022HU0649396,1
2022HU0649411,1
2022HU0649473,1
2022HU0649618,1
2022HU0649644,1
2022HU0649692,1
2022HU0649786,1
2022HU0649813,1
2022HU0649821,1
2022HU0649879,1
2022HU0649969,1
2022HU0650003,1
2022HU0650061,1
2022HU0650164,1
2022HU0650168,1
2022HU0650174,1
2022HU0650235,1
2022HU0650444,1
2022HU0650572,1
2022HU0650621,1
2022HU0650750,1
2022HU0650775,1
2022HU0650788,1
2022HU0650814,1
2022HU0651019,1
2022HU0651046,1
2022HU0651112,1
2022HU0651149,1
2022HU0651254,1
2022HU0651266,1
2022HU0651313,1
2022HU0651324,1
2022HU0651419,1
2022HU0651547,1
2022HU0651669,1
2022HU0651733,1
2022HU0651767,1
2022HU0651780,1
2022HU0651787,1
2022HU0651902,1
2022HU0651958,1
2022HU0652109,1
2022HU0652176,1
2022HU0652232,1
2022HU0652252,1
2022HU0652387,1
2022HU0652470,1
2022HU0652559,1
2022HU0652710,1
2022HU0652800,1
2022HU0652911,1
2022HU0653026,1
2022HU0653043,1
2022HU0653181,1
2022HU0653255,1
2022HU0653302,1
2022HU0653315,1
2022HU0653319,1
2022HU0653394,1
2022HU0653456,1
2022HU0653496,1
2022HU0653512,1
2022HU0653702,1
2022HU0653714,1
2022HU0653812,1
2022HU0653908,1
2022HU0654074,1
2022HU0654101,1
2022HU0654137,1
2022HU0654226,1
2022HU0654241,1
2022HU0654252,1
2022HU0654291,1
2022HU0654354,1
2022HU0654395,1
2022HU0654449,1
2022HU0654500,1
2022HU0654546,1
2022HU0654697,1
2022HU0654714,1
2022HU0654798,1
2022HU0654814,1
2022HU0654842,1
2022HU0654936,1
2022HU0655131,1
2022HU0655138,1
2022HU0655261,1
2022HU0655324,1
2022HU0655352,1
2022HU0655382,1
2022HU0655515,1
2022HU0655523,1
2022HU0655527,1
2022HU0655607,1
2022HU0655610,1
2022HU0655716,1
2022HU0655931,1
2022HU0655951,1
2022HU0656001,1
2022HU0656109,1
2022HU0656210,1
2022HU0656269,1
2022HU0656282,1
2022HU0656380,1
2022HU0656395,1
2022HU0656555,1
2022HU0656680,1
2022HU0656698,1
2022HU0656780,1
2022HU0656801,1
2022HU0657078,1
2022HU0657315,1
2022HU0657441,1
2022HU0657442,1
2022HU0657458,1
2022HU0657487,1
2022HU0657491,1
2022HU0657501,1
2022HU0657545,1
2022HU0657562,1
2022HU0657615,1
2022HU0657682,1
2022HU0658073,1
2022HU0658128,1
2022HU0658180,1
2022HU0658225,1
2022HU0658358,1
2022HU0658384,1
2022HU0658549,1
2022HU0658591,1
2022HU0658706,1
2022HU0658721,1
2022HU0658734,1
2022HU0658755,1
2022HU0658817,1
2022HU0658839,1
2022HU0658860,1
2022HU0658861,1
2022HU0658930,1
2022HU0659271,1
2022HU0659288,1
2022HU0659362,1
2022HU0659473,1
2022HU0659506,1
2022HU0659519,1
2022HU0659557,1
2022HU0659647,1
2022HU0659651,1
2022HU0659677,1
2022HU0659884,1
2022HU0659977,1
2022HU0660007,1
2022HU0660056,1
2022HU0660065,1
2022HU0660160,1
2022HU0660191,1
2022HU0660271,1
2022HU0660286,1
2022HU0660289,1
2022HU0660414,1
2022HU0660436,1
2022HU0660557,1
2022HU0660754,1
2022HU0660856,1
2022HU0660964,1
2022HU0660987,1
2022HU0661085,1
2022HU0661162,1
2022HU0661189,1
2022HU0661386,1
2022HU0661398,1
2022HU0661572,1
2022HU0661578,1
2022HU0661601,1
2022HU0661621,1
2022HU0661703,1
2022HU0661705,1
2022HU0661746,1
2022HU0661757,1
2022HU0661851,1
2022HU0661875,1
2022HU0661926,1
2022HU0661950,1
2022HU0662001,1
2022HU0662044,1
2022HU0662083,1
2022HU0662084,1
2022HU0662168,1
2022HU0662208,1
2022HU0662268,1
2022HU0662283,1
2022HU0662384,1
2022HU0662484,1
2022HU0662506,1
2022HU0662545,1
2022HU0662606,1
2022HU0662608,1
2022HU0662628,1
2022HU0662649,1
2022HU0662696,1
2022HU0662764,1
2022HU0662903,1
2022HU0662950,1
2022HU0662976,1
2022HU0662999,1
2022HU0663008,1
2022HU0663015,1
2022HU0663124,1
2022HU0663179,1
2022HU0663330,1
2022HU0663375,1
2022HU0663631,1
2022HU0663650,1
2022HU0663708,1
2022HU0663765,1
2022HU0663799,1
2022HU0663810,1
2022HU0663827,1
2022HU0663847,1
2022HU0663896,1
2022HU0663943,1
2022HU0663955,1
2022HU0663987,1
2022HU0663998,1
2022HU0664021,1
2022HU0664038,1
2022HU0664095,1
2022HU0664208,1
2022HU0664210,1
2022HU0664214,1
2022HU0664273,1
2022HU0664319,1
2022HU0664321,1
2022HU0664364,1
2022HU0664388,1
2022HU0664434,1
2022HU0664450,1
2022HU0664457,1
2022HU0664545,1
2022HU0664556,1
2022HU0664602,1
2022HU0664932,1
2022HU0664973,1
2022HU0665084,1
2022HU0665099,1
2022HU0665173,1
2022HU0665271,1
2022HU0665299,1
2022HU0665417,1
2022HU0665449,1
2022HU0665515,1
2022HU0665833,1
2022HU0665888,1
2022HU0665895,1
2022HU0665910,1
2022HU0665969,1
2022HU0666056,1
2022HU0666149,1
2022HU0666266,1
2022HU0666270,1
2022HU0666282,1
2022HU0666332,1
2022HU0666378,1
2022HU0666489,1
2022HU0666566,1
2022HU0666584,1
2022HU0666610,1
2022HU0666687,1
2022HU0666696,1
2022HU0666767,1
2022HU0666796,1
2022HU0666820,1
2022HU0666901,1
2022HU0666926,1
2022HU0666948,1
2022HU0666972,1
2022HU0667012,1
2022HU0667039,1
2022HU0667456,1
2022HU0667497,1
2022HU0667502,1
2022HU0667508,1
2022HU0667544,1
2022HU0667604,1
2022HU0667705,1
2022HU0667788,1
2022HU0667796,1
2022HU0667800,1
2022HU0667904,1
2022HU0668231,1
2022HU0668243,1
2022HU0668327,1
2022HU0668332,1
2022HU0668335,1
2022HU0668344,1
2022HU0668479,1
2022HU0668546,1
2022HU0668632,1
2022HU0668667,1
2022HU0668803,1
2022HU0668926,1
2022HU0668927,1
2022HU0668985,1
2022HU0669031,1
2022HU0669067,1
2022HU0669163,1
2022HU0669189,1
2022HU0669251,1
2022HU0669338,1
2022HU0669358,1
2022HU0669458,1
2022HU0669501,1
2022HU0669587,1
2022HU0669617,1
2022HU0669761,1
2022HU0669918,1
2022HU0669946,1
2022HU0670139,1
2022HU0670159,1
2022HU0670406,1
2022HU0670721,1
2022HU0670778,1
2022HU0670820,1
2022HU0670838,1
2022HU0670877,1
2022HU0671180,1
2022HU0671212,1
2022HU0671230,1
2022HU0671354,1
2022HU0671433,1
2022HU0671463,1
2022HU0671465,1
2022HU0671531,1
2022HU0671533,1
2022HU0671605,1
2022HU0671659,1
2022HU0671766,1
2022HU0671880,1
2022HU0671922,1
2022HU0671955,1
2022HU0671981,1
2022HU0672079,1
2022HU0672092,1
2022HU0672098,1
2022HU0672120,1
2022HU0672259,1
2022HU0672281,1
2022HU0672582,1
2022HU0672601,1
2022HU0672628,1
2022HU0672637,1
2022HU0672911,1
2022HU0672989,1
2022HU0672997,1
2022HU0673056,1
2022HU0673228,1
2022HU0673285,1
2022HU0673343,1
2022HU0673406,1
2022HU0673449,1
2022HU0673585,1
2022HU0673635,1
2022HU0673697,1
2022HU0673702,1
2022HU0673762,1
2022HU0673847,1
2022HU0673883,1
2022HU0673937,1
2022HU0674009,1
2022HU0674066,1
2022HU0674119,1
2022HU0674135,1
2022HU0674241,1
2022HU0674261,1
2022HU0674295,1
2022HU0674328,1
2022HU0674434,1
2022HU0674461,1
2022HU0674536,1
2022HU0674549,1
2022HU0674636,1
2022HU0674682,1
2022HU0674808,1
2022HU0674894,1
2022HU0675024,1
2022HU0675036,1
2022HU0675111,1
2022HU0675153,1
2022HU0675238,1
2022HU0675255,1
2022HU0675278,1
2022HU0675288,1
2022HU0675291,1
2022HU0675539,1
2022HU0675761,1
2022HU0675769,1
2022HU0675912,1
2022HU0675918,1
2022HU0675985,1
2022HU0675994,1
2022HU0676067,1
2022HU0676150,1
2022HU0676151,1
2022HU0676286,1
2022HU0676349,1
2022HU0676428,1
2022HU0676556,1
2022HU0676600,1
2022HU0676609,1
2022HU0676637,1
2022HU0676684,1
2022HU0676857,1
2022HU0676884,1
2022HU0676904,1
2022HU0676943,1
2022HU0677047,1
2022HU0677051,1
2022HU0677093,1
2022HU0677112,1
2022HU0677143,1
2022HU0677213,1
2022HU0677315,1
2022HU0677341,1
2022HU0677495,1
2022HU0677498,1
2022HU0677520,1
2022HU0677586,1
2022HU0677604,1
2022HU0677671,1
2022HU0677678,1
2022HU0677790,1
2022HU0677832,1
2022HU0677918,1
2022HU0677984,1
2022HU0678098,1
2022HU0678236,1
2022HU0678282,1
2022HU0678585,1
2022HU0678633,1
2022HU0678737,1
2022HU0678883,1
2022HU0678917,1
2022HU0679061,1
2022HU0679108,1
2022HU0679131,1
2022HU0679202,1
2022HU0679250,1
2022HU0679259,1
2022HU0679285,1
2022HU0679300,1
2022HU0679711,1
2022HU0679895,1
2022HU0679932,1
2022HU0679934,1
2022HU0679989,1
2022HU0680087,1
2022HU0680135,1
2022HU0680185,1
2022HU0680472,1
2022HU0680488,1
2022HU0680728,1
2022HU0680817,1
2022HU0680915,1
2022HU0680985,1
2022HU0681068,1
2022HU0681139,1
2022HU0681301,1
2022HU0681343,1
2022HU0681366,1
2022HU0681395,1
2022HU0681554,1
2022HU0681560,1
2022HU0681575,1
2022HU0681605,1
2022HU0681637,1
2022HU0681646,1
2022HU0681676,1
2022HU0681740,1
2022HU0681743,1
2022HU0681762,1
2022HU0681858,1
2022HU0682124,1
2022HU0682185,1
2022HU0682245,1
2022HU0682262,1
2022HU0682275,1
2022HU0682402,1
2022HU0682469,1
2022HU0682484,1
2022HU0682498,1
2022HU0682701,1
2022HU0682940,1
2022HU0683047,1
2022HU0683056,1
2022HU0683076,1
2022HU0683132,1
2022HU0683156,1
2022HU0683163,1
2022HU0683272,1
2022HU0683339,1
2022HU0683447,1
2022HU0683571,1
2022HU0683754,1
2022HU0683818,1
2022HU0683859,1
2022HU0683941,1
2022HU0683967,1
2022HU0684091,1
2022HU0684175,1
2022HU0684254,1
2022HU0684479,1
2022HU0684511,1
2022HU0684547,1
2022HU0684555,1
2022HU0684628,1
2022HU0684700,1
2022HU0684713,1
2022HU0684750,1
2022HU0684796,1
2022HU0684806,1
2022HU0684823,1
2022HU0684852,1
2022HU0684918,1
2022HU0685099,1
2022HU0685192,1
2022HU0685211,1
2022HU0685248,1
2022HU0685309,1
2022HU0685484,1
2022HU0685493,1
2022HU0685665,1
2022HU0685798,1
2022HU0685807,1
2022HU0685825,1
2022HU0685883,1
2022HU0686154,1
2022HU0686177,1
2022HU0686685,1
2022HU0686706,1
2022HU0686723,1
2022HU0686803,1
2022HU0686973,1
2022HU0687097,1
2022HU0687113,1
2022HU0687128,1
2022HU0687149,1
2022HU0687150,1
2022HU0687182,1
2022HU0687250,1
2022HU0687294,1
2022HU0687302,1
2022HU0687361,1
2022HU0687390,1
2022HU0687451,1
2022HU0687452,1
2022HU0687461,1
2022HU0687526,1
2022HU0687575,1
2022HU0687650,1
2022HU0687736,1
2022HU0687837,1
2022HU0687839,1
2022HU0687841,1
2022HU0687876,1
2022HU0687899,1
2022HU0687900,1
2022HU0688008,1
2022HU0688058,1
2022HU0688125,1
2022HU0688165,1
2022HU0688244,1
2022HU0688287,1
2022HU0688344,1
2022HU0688422,1
2022HU0688438,1
2022HU0688589,1
2022HU0688662,1
2022HU0688851,1
2022HU0688877,1
2022HU0688956,1
2022HU0689036,1
2022HU0689116,1
2022HU0689158,1
2022HU0689236,1
2022HU0689266,1
2022HU0689398,1
2022HU0689594,1
2022HU0689751,1
2022HU0689842,1
2022HU0690025,1
2022HU0690086,1
2022HU0690094,1
2022HU0690217,1
2022HU0690229,1
2022HU0690534,1
2022HU0690635,1
2022HU0690766,1
2022HU0690826,1
2022HU0690907,1
2022HU0690968,1
2022HU0690989,1
2022HU0691120,1
2022HU0691147,1
2022HU0691206,1
2022HU0691364,1
2022HU0691390,1
2022HU0691446,1
2022HU0691466,1
2022HU0691475,1
2022HU0691627,1
2022HU0691838,1
2022HU0691929,1
2022HU0691971,1
2022HU0692009,1
2022HU0692098,1
2022HU0692202,1
2022HU0692271,1
2022HU0692318,1
2022HU0692381,1
2022HU0692554,1
2022HU0692694,1
2022HU0692723,1
2022HU0692770,1
2022HU0692875,1
2022HU0692921,1
2022HU0692923,1
2022HU0692944,1
2022HU0693149,1
2022HU0693228,1
2022HU0693239,1
2022HU0693298,1
2022HU0693314,1
2022HU0693434,1
2022HU0693477,1
2022HU0693497,1
2022HU0693510,1
2022HU0693623,1
2022HU0693686,1
2022HU0693748,1
2022HU0693833,1
2022HU0693900,1
2022HU0693909,1
2022HU0694042,1
2022HU0694048,1
2022HU0694294,1
2022HU0694318,1
2022HU0694342,1
2022HU0694412,1
2022HU0694441,1
2022HU0694537,1
2022HU0694559,1
2022HU0694574,1
2022HU0694639,1
2022HU0694709,1
2022HU0694802,1
2022HU0694824,1
2022HU0694878,1
2022HU0694931,1
2022HU0694980,1
2022HU0695113,1
2022HU0695167,1
2022HU0695198,1
2022HU0695546,1
2022HU0695547,1
2022HU0695556,1
2022HU0695645,1
2022HU0695703,1
2022HU0695783,1
2022HU0695808,1
2022HU0695859,1
2022HU0695987,1
2022HU0696044,1
2022HU0696235,1
2022HU0696238,1
2022HU0696257,1
2022HU0696305,1
2022HU0696335,1
2022HU0696627,1
2022HU0696658,1
2022HU0696719,1
2022HU0696848,1
2022HU0696887,1
2022HU0696946,1
2022HU0696957,1
2022HU0696979,1
2022HU0697221,1
2022HU0697259,1
2022HU0697469,1
2022HU0697507,1
2022HU0697781,1
2022HU0697784,1
2022HU0698068,1
2022HU0698070,1
2022HU0698094,1
2022HU0698167,1
2022HU0698172,1
2022HU0698179,1
2022HU0698188,1
2022HU0698484,1
2022HU0698521,1
2022HU0698583,1
2022HU0698651,1
2022HU0698697,1
2022HU0698799,1
2022HU0698850,1
2022HU0698869,1
2022HU0698935,1
2022HU0698948,1
2022HU0698967,1
2022HU0698971,1
2022HU0698977,1
2022HU0699067,1
2022HU0699562,1
2022HU0699684,1
2022HU0699694,1
2022HU0699725,1
2022HU0699826,1
2022HU0699888,1
2022HU0699962,1
2022HU0700159,1
2022HU0700278,1
2022HU0700345,1
2022HU0700376,1
2022HU0700449,1
2022HU0700510,1
2022HU0700696,1
2022HU0701005,1
2022HU0701023,1
2022HU0701083,1
2022HU0701181,1
2022HU0701358,1
2022HU0701468,1
2022HU0701487,1
2022HU0701783,1
2022HU0702132,1
2022HU0702199,1
2022HU0702415,1
2022HU0702679,1
2022HU0702774,1
2022HU0702789,1
2022HU0702885,1
2022HU0703095,1
2022HU0703138,1
2022HU0703178,1
2022HU0703186,1
2022HU0703201,1
2022HU0703299,1
2022HU0703434,1
2022HU0703499,1
2022HU0703507,1
2022HU0703657,1
2022HU0703825,1
2022HU0704016,1
2022HU0704085,1
2022HU0704104,1
2022HU0704337,1
2022HU0704399,1
2022HU0704496,1
2022HU0704614,1
2022HU0704670,1
2022HU0704722,1
2022HU0704727,1
2022HU0704933,1
2022HU0704991,1
2022HU0705037,1
2022HU0705094,1
2022HU0705183,1
2022HU0705190,1
2022HU0705272,1
2022HU0705365,1
2022HU0705546,1
2022HU0705603,1
2022HU0705795,1
2022HU0705849,1
2022HU0706067,1
2022HU0706120,1
2022HU0706350,1
2022HU0706536,1
2022HU0706537,1
2022HU0706589,1
2022HU0707012,1
2022HU0707016,1
2022HU0707075,1
2022HU0707122,1
2022HU0707143,1
2022HU0707236,1
2022HU0707256,1
2022HU0707329,1
2022HU0707371,1
2022HU0707461,1
2022HU0707534,1
2022HU0707626,1
2022HU0707800,1
2022HU0707935,1
2022HU0708191,1
2022HU0708255,1
2022HU0708285,1
2022HU0708299,1
2022HU0708342,1
2022HU0708400,1
2022HU0708425,1
2022HU0708451,1
2022HU0708549,1
2022HU0708590,1
2022HU0708619,1
2022HU0708655,1
2022HU0708670,1
2022HU0708684,1
2022HU0708777,1
2022HU0708949,1
2022HU0709004,1
2022HU0709031,1
2022HU0709228,1
2022HU0709245,1
2022HU0709295,1
2022HU0709314,1
2022HU0709317,1
2022HU0709509,1
2022HU0709616,1
2022HU0709707,1
2022HU0709732,1
2022HU0709768,1
2022HU0709782,1
2022HU0709863,1
2022HU0709879,1
2022HU0709912,1
2022HU0709940,1
2022HU0709941,1
2022HU0709951,1
2022HU0709953,1
2022HU0709985,1
2022HU0710020,1
2022HU0710030,1
2022HU0710051,1
2022HU0710107,1
2022HU0710174,1
2022HU0710200,1
2022HU0710253,1
2022HU0710371,1
2022HU0710390,1
2022HU0710424,1
2022HU0710434,1
2022HU0710502,1
2022HU0710530,1
2022HU0710554,1
2022HU0710599,1
2022HU0710998,1
2022HU0711042,1
2022HU0711082,1
2022HU0711144,1
2022HU0711178,1
2022HU0711238,1
2022HU0711273,1
2022HU0711329,1
2022HU0711342,1
2022HU0711469,1
2022HU0711535,1
2022HU0711571,1
2022HU0711645,1
2022HU0711877,1
2022HU0711923,1
2022HU0711984,1
2022HU0712013,1
2022HU0712015,1
2022HU0712044,1
2022HU0712051,1
2022HU0712076,1
2022HU0712151,1
2022HU0712162,1
2022HU0712171,1
2022HU0712184,1
2022HU0712255,1
2022HU0712367,1
2022HU0712432,1
2022HU0712510,1
2022HU0712538,1
2022HU0712553,1
2022HU0712662,1
2022HU0712673,1
2022HU0712696,1
2022HU0712736,1
2022HU0712898,1
2022HU0712947,1
2022HU0712956,1
2022HU0712985,1
2022HU0713153,1
2022HU0713201,1
2022HU0713244,1
2022HU0713458,1
2022HU0713459,1
2022HU0713604,1
2022HU0713616,1
2022HU0713730,1
2022HU0713810,1
2022HU0713867,1
2022HU0714104,1
2022HU0714285,1
2022HU0714381,1
2022HU0714447,1
2022HU0714468,1
2022HU0714517,1
2022HU0714998,1
2022HU0715096,1
2022HU0715139,1
2022HU0715158,1
2022HU0715164,1
2022HU0715443,1
2022HU0715486,1
2022HU0715671,1
2022HU0715713,1
2022HU0715787,1
2022HU0715797,1
2022HU0715883,1
2022HU0715914,1
2022HU0715960,1
2022HU0716127,1
2022HU0716218,1
2022HU0716232,1
2022HU0716327,1
2022HU0716424,1
2022HU0716502,1
2022HU0716534,1
2022HU0716643,1
2022HU0716788,1
2022HU0716829,1
2022HU0716850,1
2022HU0716980,1
2022HU0717134,1
2022HU0717172,1
2022HU0717205,1
2022HU0717234,1
2022HU0717237,1
2022HU0717340,1
2022HU0717342,1
2022HU0717443,1
2022HU0717456,1
2022HU0717524,1
2022HU0717609,1
2022HU0717648,1
2022HU0717650,1
2022HU0717754,1
2022HU0717793,1
2022HU0717845,1
2022HU0717854,1
2022HU0717878,1
2022HU0717932,1
2022HU0718027,1
2022HU0718284,1
2022HU0718319,1
2022HU0718337,1
2022HU0718364,1
2022HU0718365,1
2022HU0718424,1
2022HU0718481,1
2022HU0718722,1
2022HU0718814,1
2022HU0718850,1
2022HU0718988,1
2022HU0719036,1
2022HU0719150,1
2022HU0719214,1
2022HU0719272,1
2022HU0719322,1
2022HU0719638,1
2022HU0719652,1
2022HU0719871,1
2022HU0719876,1
2022HU0719879,1
2022HU0719926,1
2022HU0719953,1
2022HU0720080,1
2022HU0720171,1
2022HU0720237,1
2022HU0720260,1
2022HU0720267,1
2022HU0720294,1
2022HU0720335,1
2022HU0720608,1
2022HU0720650,1
2022HU0720777,1
2022HU0720827,1
2022HU0720881,1
2022HU0720888,1
2022HU0721038,1
2022HU0721088,1
2022HU0721174,1
2022HU0721211,1
2022HU0721232,1
2022HU0721381,1
2022HU0721457,1
2022HU0721472,1
2022HU0721494,1
2022HU0721548,1
2022HU0721577,1
2022HU0721618,1
2022HU0721658,1
2022HU0721700,1
2022HU0721713,1
2022HU0721749,1
2022HU0721779,1
2022HU0721818,1
2022HU0721844,1
2022HU0721936,1
2022HU0722074,1
2022HU0722104,1
2022HU0722111,1
2022HU0722138,1
2022HU0722459,1
2022HU0722554,1
2022HU0722571,1
2022HU0722599,1
2022HU0722633,1
2022HU0722634,1
2022HU0722765,1
2022HU0722773,1
2022HU0722790,1
2022HU0722916,1
2022HU0723148,1
2022HU0723197,1
2022HU0723320,1
2022HU0723339,1
2022HU0723407,1
2022HU0723408,1
2022HU0723521,1
2022HU0723531,1
2022HU0723537,1
2022HU0723718,1
2022HU0723909,1
2022HU0724142,1
2022HU0724189,1
2022HU0724209,1
2022HU0724305,1
2022HU0724365,1
2022HU0724406,1
2022HU0724441,1
2022HU0724503,1
2022HU0724545,1
2022HU0724559,1
2022HU0724631,1
2022HU0724819,1
2022HU0724944,1
2022HU0725075,1
2022HU0725487,1
2022HU0725527,1
2022HU0725561,1
2022HU0725617,1
2022HU0725644,1
2022HU0725676,1
2022HU0725764,1
2022HU0725853,1
2022HU0725870,1
2022HU0725941,1
2022HU0725943,1
2022HU0726179,1
2022HU0726243,1
2022HU0726287,1
2022HU0726368,1
2022HU0726375,1
2022HU0726581,1
2022HU0726612,1
2022HU0726769,1
2022HU0726800,1
2022HU0726809,1
2022HU0727013,1
2022HU0727023,1
2022HU0727092,1
2022HU0727151,1
2022HU0727246,1
2022HU0727256,1
2022HU0727275,1
2022HU0727538,1
2022HU0727794,1
2022HU0727984,1
2022HU0728197,1
2022HU0728205,1
2022HU0728229,1
2022HU0728288,1
2022HU0728295,1
2022HU0728337,1
2022HU0728355,1
2022HU0728561,1
2022HU0728641,1
2022HU0728773,1
2022HU0728854,1
2022HU0728906,1
2022HU0728929,1
2022HU0728940,1
2022HU0728961,1
2022HU0728983,1
2022HU0729020,1
2022HU0729040,1
2022HU0729193,1
2022HU0729218,1
2022HU0729232,1
2022HU0729287,1
2022HU0729387,1
2022HU0729486,1
2022HU0729601,1
2022HU0729685,1
2022HU0729692,1
2022HU0729747,1
2022HU0729776,1
2022HU0729786,1
2022HU0729836,1
2022HU0729929,1
2022HU0729930,1
2022HU0730028,1
2022HU0730069,1
2022HU0730302,1
2022HU0730440,1
2022HU0730484,1
2022HU0730534,1
2022HU0730539,1
2022HU0730615,1
2022HU0730682,1
2022HU0730864,1
2022HU0730949,1
2022HU0730981,1
2022HU0731087,1
2022HU0731134,1
2022HU0731416,1
2022HU0731448,1
2022HU0731500,1
2022HU0731526,1
2022HU0731549,1
2022HU0731566,1
2022HU0731586,1
2022HU0731592,1
2022HU0731666,1
2022HU0731671,1
2022HU0731720,1
2022HU0732034,1
2022HU0732071,1
2022HU0732189,1
2022HU0732218,1
2022HU0732231,1
2022HU0732246,1
2022HU0732294,1
2022HU0732299,1
2022HU0732522,1
2022HU0732595,1
2022HU0732853,1
2022HU0732978,1
2022HU0733068,1
2022HU0733099,1
2022HU0733106,1
2022HU0733133,1
2022HU0733150,1
2022HU0733187,1
2022HU0733250,1
2022HU0733281,1
2022HU0733303,1
2022HU0733553,1
2022HU0733832,1
2022HU0734056,1
2022HU0734254,1
2022HU0734273,1
2022HU0734301,1
2022HU0734329,1
2022HU0734480,1
2022HU0734668,1
2022HU0734695,1
2022HU0734747,1
2022HU0734768,1
2022HU0734849,1
2022HU0734850,1
2022HU0734864,1
2022HU0734947,1
2022HU0735072,1
2022HU0735089,1
2022HU0735097,1
2022HU0735117,1
2022HU0735200,1
2022HU0735235,1
2022HU0735288,1
2022HU0735371,1
2022HU0735406,1
2022HU0735465,1
2022HU0735543,1
2022HU0735573,1
2022HU0735621,1
2022HU0735685,1
2022HU0735723,1
2022HU0735790,1
2022HU0735897,1
2022HU0735929,1
2022HU0735940,1
2022HU0735953,1
2022HU0736022,1
2022HU0736075,1
2022HU0736143,1
2022HU0736157,1
2022HU0736194,1
2022HU0736243,1
2022HU0736286,1
2022HU0736288,1
2022HU0736307,1
2022HU0736400,1
2022HU0736446,1
2022HU0736465,1
2022HU0736481,1
2022HU0736503,1
2022HU0736539,1
2022HU0736544,1
2022HU0736620,1
2022HU0736765,1
2022HU0736810,1
2022HU0736846,1
2022HU0736910,1
2022HU0737059,1
2022HU0737060,1
2022HU0737181,1
2022HU0737199,1
2022HU0737286,1
2022HU0737363,1
2022HU0737501,1
2022HU0737554,1
2022HU0737616,1
2022HU0737778,1
2022HU0737853,1
2022HU0737927,1
2022HU0737988,1
2022HU0738200,1
2022HU0738275,1
2022HU0738325,1
2022HU0738400,1
2022HU0738407,1
2022HU0738647,1
2022HU0738648,1
2022HU0738650,1
2022HU0738736,1
2022HU0738913,1
2022HU0739072,1
2022HU0739098,1
2022HU0739175,1
2022HU0739261,1
2022HU0739307,1
2022HU0739400,1
2022HU0739481,1
2022HU0739540,1
2022HU0739700,1
2022HU0739717,1
2022HU0739748,1
2022HU0739837,1
2022HU0739905,1
2022HU0739937,1
2022HU0739945,1
2022HU0739974,1
2022HU0739979,1
2022HU0740063,1
2022HU0740072,1
2022HU0740149,1
2022HU0740384,1
2022HU0740561,1
2022HU0740612,1
2022HU0740702,1
2022HU0740801,1
2022HU0740830,1
2022HU0740831,1
2022HU0740850,1
2022HU0740913,1
2022HU0740939,1
2022HU0740950,1
2022HU0741012,1
2022HU0741193,1
2022HU0741199,1
2022HU0741206,1
2022HU0741372,1
2022HU0741404,1
2022HU0741406,1
2022HU0741419,1
2022HU0741481,1
2022HU0741509,1
2022HU0741521,1
2022HU0741617,1
2022HU0741724,1
2022HU0741735,1
2022HU0741814,1
2022HU0741992,1
2022HU0742015,1
2022HU0742180,1
2022HU0742290,1
2022HU0742328,1
2022HU0742332,1
2022HU0742361,1
2022HU0742411,1
2022HU0742653,1
2022HU0742682,1
2022HU0742708,1
2022HU0742775,1
2022HU0742802,1
2022HU0742821,1
2022HU0742958,1
2022HU0742997,1
2022HU0743052,1
2022HU0743260,1
2022HU0743292,1
2022HU0743375,1
2022HU0743409,1
2022HU0743517,1
2022HU0743557,1
2022HU0743568,1
2022HU0743638,1
2022HU0743674,1
2022HU0743762,1
2022HU0743771,1
2022HU0743821,1
2022HU0743872,1
2022HU0743876,1
2022HU0743939,1
2022HU0744131,1
2022HU0744146,1
2022HU0744274,1
2022HU0744334,1
2022HU0744874,1
2022HU0744940,1
2022HU0745041,1
2022HU0745167,1
2022HU0745168,1
2022HU0745202,1
2022HU0745363,1
2022HU0745433,1
2022HU0745502,1
2022HU0745504,1
2022HU0745865,1
2022HU0745883,1
2022HU0745885,1
2022HU0745942,1
2022HU0746177,1
2022HU0746291,1
2022HU0746458,1
2022HU0746776,1
2022HU0746813,1
2022HU0746846,1
2022HU0746874,1
2022HU0746968,1
2022HU0747086,1
2022HU0747092,1
2022HU0747124,1
2022HU0747172,1
2022HU0747177,1
2022HU0747179,1
2022HU0747258,1
2022HU0747274,1
2022HU0747659,1
2022HU0747780,1
2022HU0747848,1
2022HU0748167,1
2022HU0748187,1
2022HU0748205,1
2022HU0748352,1
2022HU0748366,1
2022HU0748387,1
2022HU0748461,1
2022HU0748523,1
2022HU0748581,1
2022HU0748607,1
2022HU0748625,1
2022HU0748638,1
2022HU0748671,1
2022HU0748676,1
2022HU0748706,1
2022HU0748758,1
2022HU0748780,1
2022HU0749032,1
2022HU0749092,1
2022HU0749097,1
2022HU0749178,1
2022HU0749291,1
2022HU0749375,1
2022HU0749397,1
2022HU0749460,1
2022HU0749492,1
2022HU0749546,1
2022HU0749692,1
2022HU0749716,1
2022HU0749745,1
2022HU0749852,1
2022HU0749886,1
2022HU0749902,1
2022HU0750014,1
2022HU0750021,1
2022HU0750107,1
2022HU0750117,1
2022HU0750125,1
2022HU0750134,1
2022HU0750347,1
2022HU0750386,1
2022HU0750400,1
2022HU0750548,1
2022HU0750564,1
2022HU0750716,1
2022HU0750847,1
2022HU0750853,1
2022HU0750874,1
2022HU0750889,1
2022HU0750900,1
2022HU0750917,1
2022HU0750961,1
2022HU0751015,1
2022HU0751016,1
2022HU0751060,1
2022HU0751085,1
2022HU0751133,1
2022HU0751160,1
2022HU0751196,1
2022HU0751268,1
2022HU0751273,1
2022HU0751376,1
2022HU0751396,1
2022HU0751455,1
2022HU0751562,1
2022HU0751642,1
2022HU0751708,1
2022HU0751782,1
2022HU0751808,1
2022HU0751836,1
2022HU0752030,1
2022HU0752137,1
2022HU0752139,1
2022HU0752237,1
2022HU0752238,1
2022HU0752239,1
2022HU0752553,1
2022HU0752688,1
2022HU0752690,1
2022HU0752736,1
2022HU0752873,1
2022HU0752906,1
2022HU0752951,1
2022HU0752973,1
2022HU0753063,1
2022HU0753070,1
2022HU0753138,1
2022HU0753199,1
2022HU0753235,1
2022HU0753242,1
2022HU0753360,1
2022HU0753492,1
2022HU0753612,1
2022HU0753694,1
2022HU0753818,1
2022HU0753845,1
2022HU0753960,1
2022HU0754031,1
2022HU0754060,1
2022HU0754195,1
2022HU0754280,1
2022HU0754442,1
2022HU0754495,1
2022HU0754552,1
2022HU0754555,1
2022HU0754597,1
2022HU0754633,1
2022HU0754719,1
2022HU0754803,1
2022HU0754902,1
2022HU0755011,1
2022HU0755076,1
2022HU0755093,1
2022HU0755172,1
2022HU0755208,1
2022HU0755257,1
2022HU0755263,1
2022HU0755267,1
2022HU0755372,1
2022HU0755463,1
2022HU0755480,1
2022HU0755687,1
2022HU0755919,1
2022HU0756004,1
2022HU0756067,1
2022HU0756084,1
2022HU0756092,1
2022HU0756115,1
2022HU0756183,1
2022HU0756194,1
2022HU0756365,1
2022HU0756368,1
2022HU0756375,1
2022HU0756431,1
2022HU0756432,1
2022HU0756450,1
2022HU0756452,1
2022HU0756499,1
2022HU0756553,1
2022HU0756605,1
2022HU0756610,1
2022HU0756719,1
2022HU0756779,1
2022HU0756823,1
2022HU0757074,1
2022HU0757103,1
2022HU0757231,1
2022HU0757337,1
2022HU0757441,1
2022HU0757534,1
2022HU0757562,1
2022HU0757618,1
2022HU0757675,1
2022HU0757847,1
2022HU0757857,1
2022HU0757866,1
2022HU0757903,1
2022HU0757905,1
2022HU0758105,1
2022HU0758157,1
2022HU0758174,1
2022HU0758191,1
2022HU0758234,1
2022HU0758292,1
2022HU0758367,1
2022HU0758635,1
2022HU0758699,1
2022HU0758744,1
2022HU0758775,1
2022HU0758908,1
2022HU0758967,1
2022HU0758976,1
2022HU0758977,1
2022HU0759011,1
2022HU0759129,1
2022HU0759200,1
2022HU0759224,1
2022HU0759289,1
2022HU0759309,1
2022HU0759373,1
2022HU0759461,1
2022HU0759667,1
2022HU0759713,1
2022HU0759717,1
2022HU0760091,1
2022HU0760146,1
2022HU0760223,1
2022HU0760291,1
2022HU0760383,1
2022HU0760423,1
2022HU0760562,1
2022HU0760683,1
2022HU0760699,1
2022HU0760719,1
2022HU0760796,1
2022HU0760901,1
2022HU0760917,1
2022HU0760919,1
2022HU0761106,1
2022HU0761115,1
2022HU0761154,1
2022HU0761184,1
2022HU0761403,1
2022HU0761552,1
2022HU0761630,1
2022HU0761726,1
2022HU0761761,1
2022HU0761767,1
2022HU0761810,1
2022HU0761946,1
2022HU0761987,1
2022HU0762223,1
2022HU0762345,1
2022HU0762451,1
2022HU0762524,1
2022HU0762688,1
2022HU0762728,1
2022HU0762822,1
2022HU0762832,1
2022HU0762902,1
2022HU0763033,1
2022HU0763092,1
2022HU0763127,1
2022HU0763146,1
2022HU0763258,1
2022HU0763628,1
2022HU0763848,1
2022HU0763851,1
2022HU0763909,1
2022HU0763920,1
2022HU0763925,1
2022HU0764055,1
2022HU0764079,1
2022HU0764104,1
2022HU0764179,1
2022HU0764201,1
2022HU0764388,1
2022HU0764397,1
2022HU0764464,1
2022HU0764476,1
2022HU0764506,1
2022HU0764592,1
2022HU0764618,1
2022HU0764668,1
2022HU0764808,1
2022HU0765247,1
2022HU0765597,1
2022HU0765702,1
2022HU0765793,1
2022HU0765997,1
2022HU0766015,1
2022HU0766276,1
2022HU0766307,1
2022HU0766376,1
2022HU0766445,1
2022HU0766469,1
2022HU0766542,1
2022HU0766659,1
2022HU0766680,1
2022HU0766692,1
2022HU0766694,1
2022HU0766761,1
2022HU0766940,1
2022HU0767057,1
2022HU0767144,1
2022HU0767176,1
2022HU0767264,1
2022HU0767309,1
2022HU0767365,1
2022HU0767371,1
2022HU0767590,1
2022HU0767615,1
2022HU0767881,1
2022HU0767889,1
2022HU0767923,1
2022HU0767994,1
2022HU0768046,1
2022HU0768071,1
2022HU0768076,1
2022HU0768085,1
2022HU0768119,1
2022HU0768162,1
2022HU0768174,1
2022HU0768204,1
2022HU0768211,1
2022HU0768305,1
2022HU0768371,1
2022HU0768448,1
2022HU0768580,1
2022HU0768752,1
2022HU0768799,1
2022HU0768848,1
2022HU0768895,1
2022HU0769002,1
2022HU0769017,1
2022HU0769101,1
2022HU0769179,1
2022HU0769227,1
2022HU0769231,1
2022HU0769375,1
2022HU0769429,1
2022HU0769430,1
2022HU0769619,1
2022HU0769656,1
2022HU0769783,1
2022HU0769815,1
2022HU0769887,1
2022HU0769955,1
2022HU0769988,1
2022HU0770066,1
2022HU0770076,1
2022HU0770085,1
2022HU0770182,1
2022HU0770204,1
2022HU0770227,1
2022HU0770456,1
2022HU0770466,1
2022HU0770510,1
2022HU0770633,1
2022HU0770647,1
2022HU0770671,1
2022HU0770729,1
2022HU0770802,1
2022HU0770854,1
2022HU0770866,1
2022HU0770905,1
2022HU0770961,1
2022HU0770996,1
2022HU0771150,1
2022HU0771260,1
2022HU0771734,1
2022HU0771751,1
2022HU0771753,1
2022HU0771816,1
2022HU0771866,1
2022HU0771977,1
2022HU0771992,1
2022HU0772065,1
2022HU0772092,1
2022HU0772105,1
2022HU0772142,1
2022HU0772255,1
2022HU0772292,1
2022HU0772302,1
2022HU0772368,1
2022HU0772463,1
2022HU0772481,1
2022HU0772495,1
2022HU0772568,1
2022HU0772577,1
2022HU0772589,1
2022HU0772636,1
2022HU0772698,1
2022HU0772839,1
2022HU0772883,1
2022HU0772888,1
2022HU0772918,1
2022HU0773022,1
2022HU0773202,1
2022HU0773219,1
2022HU0773268,1
2022HU0773518,1
2022HU0773718,1
2022HU0773761,1
2022HU0773773,1
2022HU0773803,1
2022HU0773878,1
2022HU0773903,1
2022HU0773904,1
2022HU0774033,1
2022HU0774168,1
2022HU0774234,1
2022HU0774654,1
2022HU0774967,1
2022HU0775018,1
2022HU0775092,1
2022HU0775164,1
2022HU0775316,1
2022HU0775419,1
2022HU0775431,1
2022HU0775589,1
2022HU0775595,1
2022HU0775689,1
2022HU0775752,1
2022HU0775794,1
2022HU0775879,1
2022HU0776145,1
2022HU0776397,1
2022HU0776479,1
2022HU0776524,1
2022HU0776593,1
2022HU0776648,1
2022HU0776764,1
2022HU0776770,1
2022HU0776798,1
2022HU0776900,1
2022HU0776937,1
2022HU0776978,1
2022HU0777038,1
2022HU0777060,1
2022HU0777106,1
2022HU0777116,1
2022HU0777197,1
2022HU0777246,1
2022HU0777284,1
2022HU0777374,1
2022HU0777498,1
2022HU0777533,1
2022HU0777567,1
2022HU0777720,1
2022HU0777976,1
2022HU0778020,1
2022HU0778034,1
2022HU0778042,1
2022HU0778200,1
2022HU0778218,1
2022HU0778227,1
2022HU0778251,1
2022HU0778260,1
2022HU0778346,1
2022HU0778359,1
2022HU0778419,1
2022HU0778424,1
2022HU0778466,1
2022HU0778549,1
2022HU0778553,1
2022HU0778574,1
2022HU0778749,1
2022HU0778786,1
2022HU0778787,1
2022HU0778841,1
2022HU0778856,1
2022HU0778878,1
2022HU0778952,1
2022HU0779019,1
2022HU0779036,1
2022HU0779059,1
2022HU0779075,1
2022HU0779084,1
2022HU0779112,1
2022HU0779326,1
2022HU0779391,1
2022HU0779416,1
2022HU0779433,1
2022HU0779479,1
2022HU0779729,1
2022HU0779747,1
2022HU0779792,1
2022HU0779814,1
2022HU0779816,1
2022HU0779819,1
2022HU0779854,1
2022HU0779880,1
2022HU0779885,1
2022HU0779954,1
2022HU0779964,1
2022HU0779999,1
2022HU0780010,1
2022HU0780025,1
2022HU0780089,1
2022HU0780118,1
2022HU0780164,1
2022HU0780210,1
2022HU0780212,1
2022HU0780237,1
2022HU0780275,1
2022HU0780480,1
2022HU0780509,1
2022HU0780516,1
2022HU0780678,1
2022HU0780679,1
2022HU0780710,1
2022HU0780744,1
2022HU0780811,1
2022HU0780851,1
2022HU0780996,1
2022HU0781001,1
2022HU0781115,1
2022HU0781194,1
2022HU0781201,1
2022HU0781253,1
2022HU0781357,1
2022HU0781425,1
2022HU0781556,1
2022HU0781570,1
2022HU0781615,1
2022HU0781670,1
2022HU0781678,1
2022HU0781680,1
2022HU0781682,1
2022HU0781831,1
2022HU0781945,1
2022HU0781994,1
2022HU0782020,1
2022HU0782104,1
2022HU0782108,1
2022HU0782123,1
2022HU0782284,1
2022HU0782308,1
2022HU0782329,1
2022HU0782401,1
2022HU0782480,1
2022HU0782486,1
2022HU0782492,1
2022HU0782706,1
2022HU0782753,1
2022HU0782756,1
2022HU0782844,1
2022HU0783027,1
2022HU0783060,1
2022HU0783070,1
2022HU0783171,1
2022HU0783316,1
2022HU0783335,1
2022HU0783379,1
2022HU0783434,1
2022HU0783459,1
2022HU0783563,1
2022HU0783669,1
2022HU0783676,1
2022HU0783767,1
2022HU0783804,1
2022HU0783814,1
2022HU0783868,1
2022HU0783993,1
2022HU0783994,1
2022HU0783998,1
2022HU0784054,1
2022HU0784140,1
2022HU0784153,1
2022HU0784174,1
2022HU0784179,1
2022HU0784232,1
2022HU0784325,1
2022HU0784472,1
2022HU0784483,1
2022HU0784487,1
2022HU0784521,1
2022HU0784536,1
2022HU0784657,1
2022HU0784778,1
2022HU0784917,1
2022HU0785011,1
2022HU0785045,1
2022HU0785135,1
2022HU0785174,1
2022HU0785196,1
2022HU0785284,1
2022HU0785505,1
2022HU0785601,1
2022HU0785731,1
2022HU0785881,1
2022HU0785986,1
2022HU0786016,1
2022HU0786138,1
2022HU0786142,1
2022HU0786207,1
2022HU0786253,1
2022HU0786311,1
2022HU0786384,1
2022HU0786399,1
2022HU0786591,1
2022HU0786616,1
2022HU0786951,1
2022HU0786967,1
2022HU0787075,1
2022HU0787108,1
2022HU0787131,1
2022HU0787135,1
2022HU0787144,1
2022HU0787207,1
2022HU0787476,1
2022HU0787600,1
2022HU0787634,1
2022HU0787711,1
2022HU0787788,1
2022HU0787857,1
2022HU0787980,1
2022HU0788051,1
2022HU0788096,1
2022HU0788149,1
2022HU0788249,1
2022HU0788255,1
2022HU0788283,1
2022HU0788304,1
2022HU0788436,1
2022HU0788453,1
2022HU0788456,1
2022HU0788500,1
2022HU0788580,1
2022HU0788588,1
2022HU0788626,1
2022HU0788672,1
2022HU0788720,1
2022HU0788890,1
2022HU0788910,1
2022HU0789024,1
2022HU0789060,1
2022HU0789066,1
2022HU0789110,1
2022HU0789125,1
2022HU0789196,1
2022HU0789347,1
2022HU0789383,1
2022HU0789406,1
2022HU0789508,1
2022HU0789609,1
2022HU0789621,1
2022HU0789665,1
2022HU0789701,1
2022HU0789737,1
2022HU0789754,1
2022HU0789844,1
2022HU0790167,1
2022HU0790284,1
2022HU0790317,1
2022HU0790398,1
2022HU0790413,1
2022HU0790481,1
2022HU0790503,1
2022HU0790533,1
2022HU0790617,1
2022HU0790645,1
2022HU0790653,1
2022HU0790704,1
2022HU0790713,1
2022HU0790721,1
2022HU0790833,1
2022HU0790874,1
2022HU0790954,1
2022HU0790967,1
2022HU0791012,1
2022HU0791035,1
2022HU0791048,1
2022HU0791079,1
2022HU0791173,1
2022HU0791278,1
2022HU0791353,1
2022HU0791360,1
2022HU0791392,1
2022HU0791458,1
2022HU0791555,1
2022HU0791777,1
2022HU0791786,1
2022HU0791826,1
2022HU0791984,1
2022HU0792010,1
2022HU0792136,1
2022HU0792169,1
2022HU0792230,1
2022HU0792252,1
2022HU0792261,1
2022HU0792283,1
2022HU0792337,1
2022HU0792397,1
2022HU0792477,1
2022HU0792586,1
2022HU0792709,1
2022HU0792772,1
2022HU0792991,1
2022HU0793225,1
2022HU0793314,1
2022HU0793337,1
2022HU0793340,1
2022HU0793345,1
2022HU0793399,1
2022HU0793433,1
2022HU0793496,1
2022HU0793535,1
2022HU0793553,1
2022HU0793566,1
2022HU0793591,1
2022HU0793600,1
2022HU0793685,1
2022HU0793713,1
2022HU0793812,1
2022HU0794161,1
2022HU0794214,1
2022HU0794257,1
2022HU0794273,1
2022HU0794363,1
2022HU0794444,1
2022HU0794462,1
2022HU0794530,1
2022HU0794544,1
2022HU0794584,1
2022HU0794772,1
2022HU0794775,1
2022HU0794819,1
2022HU0794889,1
2022HU0794979,1
2022HU0794983,1
2022HU0795000,1
2022HU0795010,1
2022HU0795121,1
2022HU0795137,1
2022HU0795319,1
2022HU0795342,1
2022HU0795350,1
2022HU0795445,1
2022HU0795452,1
2022HU0795593,1
2022HU0795690,1
2022HU0795695,1
2022HU0795723,1
2022HU0795757,1
2022HU0795824,1
2022HU0795836,1
2022HU0795894,1
2022HU0795898,1
2022HU0796104,1
2022HU0796128,1
2022HU0796250,1
2022HU0796282,1
2022HU0796314,1
2022HU0796329,1
2022HU0796381,1
2022HU0796412,1
2022HU0796428,1
2022HU0796483,1
2022HU0796508,1
2022HU0796650,1
2022HU0796654,1
2022HU0796697,1
2022HU0796730,1
2022HU0796742,1
2022HU0796883,1
2022HU0796978,1
2022HU0796990,1
2022HU0796999,1
2022HU0797008,1
2022HU0797037,1
2022HU0797040,1
2022HU0797053,1
2022HU0797065,1
2022HU0797083,1
2022HU0797087,1
2022HU0797256,1
2022HU0797370,1
2022HU0797464,1
2022HU0797476,1
2022HU0797501,1
2022HU0797588,1
2022HU0797639,1
2022HU0797709,1
2022HU0797728,1
2022HU0797738,1
2022HU0797895,1
2022HU0797906,1
2022HU0797915,1
2022HU0798074,1
2022HU0798113,1
2022HU0798139,1
2022HU0798177,1
2022HU0798259,1
2022HU0798315,1
2022HU0798358,1
2022HU0798390,1
2022HU0798435,1
2022HU0798516,1
2022HU0798534,1
2022HU0798683,1
2022HU0798713,1
2022HU0798718,1
2022HU0798757,1
2022HU0798793,1
2022HU0798845,1
2022HU0798936,1
2022HU0798996,1
2022HU0799040,1
2022HU0799091,1
2022HU0799111,1
2022HU0799210,1
2022HU0799271,1
2022HU0799395,1
2022HU0799445,1
2022HU0799568,1
2022HU0799623,1
2022HU0799657,1
2022HU0799772,1
2022HU0799860,1
2022HU0799877,1
2022HU0799898,1
2022HU0800077,1
2022HU0800131,1
2022HU0800181,1
2022HU0800219,1
2022HU0800224,1
2022HU0800286,1
2022HU0800341,1
2022HU0800401,1
2022HU0800493,1
2022HU0800545,1
2022HU0800594,1
2022HU0800716,1
2022HU0800772,1
2022HU0800795,1
2022HU0800817,1
2022HU0800889,1
2022HU0800914,1
2022HU0800920,1
2022HU0800923,1
2022HU0801025,1
2022HU0801036,1
2022HU0801164,1
2022HU0801535,1
2022HU0801630,1
2022HU0801708,1
2022HU0801886,1
2022HU0801894,1
2022HU0801918,1
2022HU0802097,1
2022HU0802106,1
2022HU0802180,1
2022HU0802301,1
2022HU0802317,1
2022HU0802447,1
2022HU0802452,1
2022HU0802474,1
2022HU0802476,1
2022HU0802572,1
2022HU0802606,1
2022HU0802712,1
2022HU0802747,1
2022HU0802776,1
2022HU0802813,1
2022HU0802903,1
2022HU0803015,1
2022HU0803106,1
2022HU0803243,1
2022HU0803325,1
2022HU0803364,1
2022HU0803457,1
2022HU0803501,1
2022HU0803596,1
2022HU0803648,1
2022HU0803666,1
2022HU0803737,1
2022HU0803855,1
2022HU0803856,1
2022HU0803863,1
2022HU0803928,1
2022HU0804060,1
2022HU0804076,1
2022HU0804171,1
2022HU0804195,1
2022HU0804251,1
2022HU0804253,1
2022HU0804318,1
2022HU0804368,1
2022HU0804466,1
2022HU0804505,1
2022HU0804617,1
2022HU0804800,1
2022HU0804908,1
2022HU0805215,1
2022HU0805305,1
2022HU0805346,1
2022HU0805576,1
2022HU0805681,1
2022HU0805762,1
2022HU0805820,1
2022HU0805838,1
2022HU0805920,1
2022HU0806034,1
2022HU0806103,1
2022HU0806107,1
2022HU0806186,1
2022HU0806199,1
2022HU0806316,1
2022HU0806322,1
2022HU0806323,1
2022HU0806329,1
2022HU0806371,1
2022HU0806398,1
2022HU0806415,1
2022HU0806545,1
2022HU0806552,1
2022HU0806572,1
2022HU0806609,1
2022HU0806615,1
2022HU0806828,1
2022HU0807072,1
2022HU0807098,1
2022HU0807099,1
2022HU0807128,1
2022HU0807147,1
2022HU0807326,1
2022HU0807334,1
2022HU0807381,1
2022HU0807383,1
2022HU0807442,1
2022HU0807468,1
2022HU0807504,1
2022HU0807577,1
2022HU0807638,1
2022HU0807683,1
2022HU0807913,1
2022HU0807943,1
2022HU0807974,1
2022HU0808001,1
2022HU0808100,1
2022HU0808143,1
2022HU0808154,1
2022HU0808195,1
2022HU0808198,1
2022HU0808444,1
2022HU0808526,1
2022HU0808559,1
2022HU0808563,1
2022HU0808565,1
2022HU0808583,1
2022HU0808664,1
2022HU0808778,1
2022HU0808822,1
2022HU0808849,1
2022HU0808924,1
2022HU0808946,1
2022HU0809154,1
2022HU0809209,1
2022HU0809270,1
2022HU0809330,1
2022HU0809331,1
2022HU0809412,1
2022HU0809420,1
2022HU0809525,1
2022HU0809710,1
2022HU0809737,1
2022HU0809756,1
2022HU0809846,1
2022HU0809876,1
2022HU0809999,1
2022HU0810142,1
2022HU0810164,1
2022HU0810209,1
2022HU0810244,1
2022HU0810320,1
2022HU0810324,1
2022HU0810340,1
2022HU0810388,1
2022HU0810399,1
2022HU0810503,1
2022HU0810506,1
2022HU0810515,1
2022HU0810751,1
2022HU0810756,1
2022HU0810817,1
2022HU0810838,1
2022HU0810862,1
2022HU0810874,1
2022HU0810878,1
2022HU0810966,1
2022HU0810992,1
2022HU0811026,1
2022HU0811165,1
2022HU0811235,1
2022HU0811290,1
2022HU0811293,1
2022HU0811311,1
2022HU0811344,1
2022HU0811430,1
2022HU0811450,1
2022HU0811452,1
2022HU0811492,1
2022HU0811568,1
2022HU0811589,1
2022HU0811600,1
2022HU0811653,1
2022HU0811665,1
2022HU0811929,1
2022HU0811955,1
2022HU0812178,1
2022HU0812257,1
2022HU0812349,1
2022HU0812528,1
2022HU0812633,1
2022HU0812720,1
2022HU0812907,1
2022HU0812910,1
2022HU0812932,1
2022HU0812940,1
2022HU0813023,1
2022HU0813270,1
2022HU0813282,1
2022HU0813295,1
2022HU0813449,1
2022HU0813451,1
2022HU0813602,1
2022HU0813605,1
2022HU0813718,1
2022HU0813746,1
2022HU0813835,1
2022HU0813904,1
2022HU0814076,1
2022HU0814214,1
2022HU0814272,1
2022HU0814297,1
2022HU0814314,1
2022HU0814461,1
2022HU0814539,1
2022HU0814549,1
2022HU0814691,1
2022HU0814765,1
2022HU0814785,1
2022HU0814861,1
2022HU0815320,1
2022HU0815633,1
2022HU0815636,1
2022HU0815649,1
2022HU0815652,1
2022HU0815655,1
2022HU0815657,1
2022HU0815689,1
2022HU0815824,1
2022HU0815831,1
2022HU0815844,1
2022HU0815947,1
2022HU0816019,1
2022HU0816075,1
2022HU0816088,1
2022HU0816108,1
2022HU0816132,1
2022HU0816149,1
2022HU0816366,1
2022HU0816368,1
2022HU0816481,1
2022HU0816538,1
2022HU0816598,1
2022HU0816653,1
2022HU0816757,1
2022HU0816803,1
2022HU0816874,1
2022HU0816900,1
2022HU0817143,1
2022HU0817196,1
2022HU0817364,1
2022HU0817446,1
2022HU0817582,1
2022HU0817765,1
2022HU0817784,1
2022HU0817859,1
2022HU0817908,1
2022HU0818330,1
2022HU0818380,1
2022HU0818453,1
2022HU0818533,1
2022HU0818716,1
2022HU0818791,1
2022HU0818878,1
2022HU0819351,1
2022HU0819394,1
2022HU0819422,1
2022HU0819448,1
2022HU0819568,1
2022HU0819620,1
2022HU0819622,1
2022HU0819725,1
2022HU0819727,1
2022HU0819756,1
2022HU0819800,1
2022HU0819810,1
2022HU0819873,1
2022HU0819978,1
2022HU0819996,1
2022HU0820013,1
2022HU0820282,1
2022HU0820407,1
2022HU0820447,1
2022HU0820470,1
2022HU0820639,1
2022HU0820876,1
2022HU0820967,1
2022HU0821021,1
2022HU0821059,1
2022HU0821066,1
2022HU0821202,1
2022HU0821225,1
2022HU0821323,1
2022HU0821508,1
2022HU0821636,1
2022HU0821716,1
2022HU0821723,1
2022HU0821727,1
2022HU0821827,1
2022HU0821830,1
2022HU0821947,1
2022HU0822059,1
2022HU0822123,1
2022HU0822186,1
2022HU0822218,1
2022HU0822221,1
2022HU0822326,1
2022HU0822328,1
2022HU0822331,1
2022HU0822361,1
2022HU0822363,1
2022HU0822408,1
2022HU0822447,1
2022HU0822520,1
2022HU0822590,1
2022HU0822738,1
2022HU0822776,1
2022HU0822795,1
2022HU0822840,1
2022HU0822930,1
2022HU0822990,1
2022HU0823027,1
2022HU0823099,1
2022HU0823480,1
2022HU0823771,1
2022HU0823849,1
2022HU0823872,1
2022HU0823907,1
2022HU0824143,1
2022HU0824146,1
2022HU0824150,1
2022HU0824166,1
2022HU0824247,1
2022HU0824277,1
2022HU0824401,1
2022HU0824460,1
2022HU0824541,1
2022HU0824651,1
2022HU0824761,1
2022HU0824776,1
2022HU0824840,1
2022HU0825165,1
2022HU0825229,1
2022HU0825249,1
2022HU0825278,1
2022HU0825464,1
2022HU0825581,1
2022HU0825689,1
2022HU0825835,1
2022HU0825964,1
2022HU0825972,1
2022HU0826054,1
2022HU0826111,1
2022HU0826223,1
2022HU0826228,1
2022HU0826266,1
2022HU0826394,1
2022HU0826414,1
2022HU0826452,1
2022HU0826708,1
2022HU0826750,1
2022HU0826776,1
2022HU0827231,1
2022HU0827346,1
2022HU0827496,1
2022HU0827511,1
2022HU0827542,1
2022HU0827556,1
2022HU0827627,1
2022HU0827629,1
2022HU0827687,1
2022HU0827700,1
2022HU0827758,1
2022HU0827835,1
2022HU0827849,1
2022HU0827886,1
2022HU0827895,1
2022HU0827915,1
2022HU0827929,1
2022HU0827941,1
2022HU0828172,1
2022HU0828187,1
2022HU0828224,1
2022HU0828347,1
2022HU0828353,1
2022HU0828390,1
2022HU0828409,1
2022HU0828444,1
2022HU0828514,1
2022HU0828640,1
2022HU0829022,1
2022HU0829114,1
2022HU0829160,1
2022HU0829171,1
2022HU0829314,1
2022HU0829465,1
2022HU0829571,1
2022HU0829574,1
2022HU0829668,1
2022HU0829698,1
2022HU0829803,1
2022HU0829849,1
2022HU0829856,1
2022HU0829911,1
2022HU0829968,1
2022HU0830218,1
2022HU0830331,1
2022HU0830341,1
2022HU0830480,1
2022HU0830530,1
2022HU0830589,1
2022HU0830662,1
2022HU0830680,1
2022HU0830802,1
2022HU0830856,1
2022HU0830993,1
2022HU0831016,1
2022HU0831094,1
2022HU0831302,1
2022HU0831352,1
2022HU0831432,1
2022HU0831495,1
2022HU0831548,1
2022HU0831571,1
2022HU0831588,1
2022HU0831701,1
2022HU0831840,1
2022HU0831980,1
2022HU0831991,1
2022HU0832073,1
2022HU0832193,1
2022HU0832196,1
2022HU0832236,1
2022HU0832313,1
2022HU0832335,1
2022HU0832342,1
2022HU0832426,1
2022HU0832512,1
2022HU0832662,1
2022HU0832673,1
2022HU0832809,1
2022HU0832874,1
2022HU0832960,1
2022HU0833113,1
2022HU0833143,1
2022HU0833311,1
2022HU0833388,1
2022HU0833429,1
2022HU0833443,1
2022HU0833495,1
2022HU0833600,1
2022HU0833607,1
2022HU0833725,1
2022HU0833810,1
2022HU0833851,1
2022HU0833863,1
2022HU0834040,1
2022HU0834116,1
2022HU0834138,1
2022HU0834155,1
2022HU0834193,1
2022HU0834225,1
2022HU0834253,1
2022HU0834380,1
2022HU0834571,1
2022HU0834607,1
2022HU0834630,1
2022HU0834706,1
2022HU0834825,1
2022HU0834834,1
2022HU0834889,1
2022HU0834928,1
2022HU0835008,1
2022HU0835066,1
2022HU0835119,1
2022HU0835157,1
2022HU0835259,1
2022HU0835265,1
2022HU0835491,1
2022HU0835516,1
2022HU0835585,1
2022HU0835700,1
2022HU0835735,1
2022HU0835737,1
2022HU0835763,1
2022HU0835880,1
2022HU0836024,1
2022HU0836124,1
2022HU0836146,1
2022HU0836201,1
2022HU0836217,1
2022HU0836548,1
2022HU0836659,1
2022HU0836677,1
2022HU0836691,1
2022HU0836740,1
2022HU0836798,1
2022HU0836809,1
2022HU0836844,1
2022HU0837099,1
2022HU0837169,1
2022HU0837192,1
2022HU0837314,1
2022HU0837503,1
2022HU0837522,1
2022HU0837658,1
2022HU0837710,1
2022HU0837742,1
2022HU0837808,1
2022HU0837817,1
2022HU0837831,1
2022HU0837905,1
2022HU0838000,1
2022HU0838074,1
2022HU0838172,1
2022HU0838509,1
2022HU0838514,1
2022HU0838573,1
2022HU0838659,1
2022HU0838732,1
2022HU0838758,1
2022HU0838895,1
2022HU0838948,1
2022HU0839039,1
2022HU0839162,1
2022HU0839221,1
2022HU0839297,1
2022HU0839406,1
2022HU0839451,1
2022HU0839693,1
2022HU0839726,1
2022HU0839729,1
2022HU0839803,1
2022HU0839821,1
2022HU0839830,1
2022HU0840103,1
2022HU0840156,1
2022HU0840219,1
2022HU0840266,1
2022HU0840399,1
2022HU0840451,1
2022HU0840539,1
2022HU0840570,1
2022HU0840606,1
2022HU0840739,1
2022HU0840986,1
2022HU0841070,1
2022HU0841083,1
2022HU0841287,1
2022HU0841348,1
2022HU0841416,1
2022HU0841443,1
2022HU0841501,1
2022HU0841524,1
2022HU0841609,1
2022HU0841721,1
2022HU0841768,1
2022HU0841998,1
2022HU0842002,1
2022HU0842151,1
2022HU0842314,1
2022HU0842323,1
2022HU0842331,1
2022HU0842345,1
2022HU0842434,1
2022HU0842454,1
2022HU0842655,1
2022HU0842788,1
2022HU0842834,1
2022HU0842854,1
2022HU0842866,1
2022HU0842918,1
2022HU0843027,1
2022HU0843111,1
2022HU0843209,1
2022HU0843274,1
2022HU0843437,1
2022HU0843565,1
2022HU0843638,1
2022HU0843642,1
2022HU0843911,1
2022HU0843919,1
2022HU0844011,1
2022HU0844148,1
2022HU0844295,1
2022HU0844342,1
2022HU0844346,1
2022HU0844510,1
2022HU0844525,1
2022HU0844537,1
2022HU0844577,1
2022HU0844674,1
2022HU0844712,1
2022HU0844827,1
2022HU0844851,1
2022HU0845066,1
2022HU0845067,1
2022HU0845101,1
2022HU0845150,1
2022HU0845260,1
2022HU0845313,1
2022HU0845384,1
2022HU0845434,1
2022HU0845569,1
2022HU0845762,1
2022HU0845800,1
2022HU0845864,1
2022HU0845972,1
2022HU0845997,1
2022HU0846015,1
2022HU0846156,1
2022HU0846206,1
2022HU0846214,1
2022HU0846348,1
2022HU0846484,1
2022HU0846577,1
2022HU0846745,1
2022HU0846761,1
2022HU0846808,1
2022HU0846845,1
2022HU0846927,1
2022HU0846952,1
2022HU0847072,1
2022HU0847108,1
2022HU0847173,1
2022HU0847256,1
2022HU0847314,1
2022HU0847315,1
2022HU0847379,1
2022HU0847416,1
2022HU0847423,1
2022HU0847569,1
2022HU0847593,1
2022HU0847643,1
2022HU0847700,1
2022HU0847817,1
2022HU0847886,1
2022HU0848047,1
2022HU0848271,1
2022HU0848428,1
2022HU0848453,1
2022HU0848486,1
2022HU0848588,1
2022HU0848630,1
2022HU0848675,1
2022HU0848726,1
2022HU0848770,1
2022HU0848875,1
2022HU0848958,1
2022HU0848959,1
2022HU0848995,1
2022HU0849156,1
2022HU0849179,1
2022HU0849318,1
2022HU0849396,1
2022HU0849414,1
2022HU0849427,1
2022HU0849436,1
2022HU0849485,1
2022HU0849583,1
2022HU0849675,1
2022HU0849682,1
2022HU0849793,1
2022HU0849819,1
2022HU0849985,1
2022HU0849993,1
2022HU0850155,1
2022HU0850210,1
2022HU0850243,1
2022HU0850252,1
2022HU0850258,1
2022HU0850280,1
2022HU0850290,1
2022HU0850614,1
2022HU0850619,1
2022HU0850876,1
2022HU0851044,1
2022HU0851046,1
2022HU0851152,1
2022HU0851220,1
2022HU0851310,1
2022HU0851329,1
2022HU0851398,1
2022HU0851447,1
2022HU0851578,1
2022HU0851602,1
2022HU0851644,1
2022HU0851795,1
2022HU0851862,1
2022HU0851970,1
2022HU0852059,1
2022HU0852078,1
2022HU0852236,1
2022HU0852239,1
2022HU0852462,1
2022HU0852474,1
2022HU0852514,1
2022HU0852595,1
2022HU0852666,1
2022HU0852745,1
2022HU0852750,1
2022HU0852773,1
2022HU0852786,1
2022HU0852844,1
2022HU0852939,1
2022HU0852952,1
2022HU0853016,1
2022HU0853060,1
2022HU0853091,1
2022HU0853100,1
2022HU0853122,1
2022HU0853233,1
2022HU0853234,1
2022HU0853262,1
2022HU0853272,1
2022HU0853413,1
2022HU0853423,1
2022HU0853443,1
2022HU0853491,1
2022HU0853592,1
2022HU0853669,1
2022HU0853792,1
2022HU0853814,1
2022HU0853896,1
2022HU0854314,1
2022HU0854340,1
2022HU0854368,1
2022HU0854405,1
2022HU0854442,1
2022HU0854443,1
2022HU0854486,1
2022HU0854577,1
2022HU0854611,1
2022HU0854616,1
2022HU0854647,1
2022HU0854941,1
2022HU0855018,1
2022HU0855043,1
2022HU0855110,1
2022HU0855112,1
2022HU0855201,1
2022HU0855245,1
2022HU0855535,1
2022HU0855565,1
2022HU0855579,1
2022HU0855716,1
2022HU0855735,1
2022HU0855742,1
2022HU0855913,1
2022HU0856154,1
2022HU0856173,1
2022HU0856396,1
2022HU0856478,1
2022HU0856548,1
2022HU0856616,1
2022HU0856696,1
2022HU0856723,1
2022HU0856737,1
2022HU0856766,1
2022HU0856808,1
2022HU0856854,1
2022HU0856926,1
2022HU0856949,1
2022HU0856992,1
2022HU0856993,1
2022HU0856997,1
2022HU0857004,1
2022HU0857116,1
2022HU0857118,1
2022HU0857124,1
2022HU0857174,1
2022HU0857241,1
2022HU0857295,1
2022HU0857317,1
2022HU0857329,1
2022HU0857358,1
2022HU0857464,1
2022HU0857481,1
2022HU0857515,1
2022HU0857613,1
2022HU0857669,1
2022HU0857673,1
2022HU0857679,1
2022HU0857776,1
2022HU0857795,1
2022HU0857924,1
2022HU0857950,1
2022HU0857969,1
2022HU0858149,1
2022HU0858210,1
2022HU0858357,1
2022HU0858388,1
2022HU0858453,1
2022HU0858571,1
2022HU0858643,1
2022HU0858841,1
2022HU0859055,1
2022HU0859191,1
2022HU0859279,1
2022HU0859296,1
2022HU0859382,1
2022HU0859389,1
2022HU0859430,1
2022HU0859463,1
2022HU0859469,1
2022HU0859592,1
2022HU0859613,1
2022HU0859891,1
2022HU0859903,1
2022HU0859908,1
2022HU0859964,1
2022HU0860093,1
2022HU0860095,1
2022HU0860138,1
2022HU0860216,1
2022HU0860433,1
2022HU0860565,1
2022HU0860809,1
2022HU0860855,1
2022HU0860931,1
2022HU0860947,1
2022HU0860989,1
2022HU0861037,1
2022HU0861462,1
2022HU0861522,1
2022HU0861527,1
2022HU0861635,1
2022HU0861693,1
2022HU0861695,1
2022HU0861722,1
2022HU0861725,1
2022HU0861764,1
2022HU0861771,1
2022HU0861820,1
2022HU0861966,1
2022HU0861974,1
2022HU0862013,1
2022HU0862036,1
2022HU0862083,1
2022HU0862088,1
2022HU0862217,1
2022HU0862229,1
2022HU0862249,1
2022HU0862259,1
2022HU0862260,1
2022HU0862336,1
2022HU0862367,1
2022HU0862502,1
2022HU0862535,1
2022HU0862589,1
2022HU0862617,1
2022HU0862622,1
2022HU0862653,1
2022HU0862690,1
2022HU0862851,1
2022HU0863147,1
2022HU0863314,1
2022HU0863358,1
2022HU0863505,1
2022HU0863545,1
2022HU0863598,1
2022HU0863663,1
2022HU0863747,1
2022HU0863885,1
2022HU0864014,1
2022HU0864127,1
2022HU0864163,1
2022HU0864202,1
2022HU0864301,1
2022HU0864377,1
2022HU0864378,1
2022HU0864477,1
2022HU0864486,1
2022HU0864682,1
2022HU0864716,1
2022HU0864819,1
2022HU0864869,1
2022HU0864987,1
2022HU0865036,1
2022HU0865074,1
2022HU0865118,1
2022HU0865154,1
2022HU0865191,1
2022HU0865294,1
2022HU0865323,1
2022HU0865351,1
2022HU0865626,1
2022HU0865672,1
2022HU0865746,1
2022HU0865825,1
2022HU0865900,1
2022HU0865960,1
2022HU0865979,1
2022HU0866042,1
2022HU0866227,1
2022HU0866362,1
2022HU0866403,1
2022HU0866508,1
2022HU0866560,1
2022HU0866577,1
2022HU0866841,1
2022HU0866975,1
2022HU0867255,1
2022HU0867256,1
2022HU0867355,1
2022HU0867537,1
2022HU0867542,1
2022HU0867593,1
2022HU0867624,1
2022HU0867639,1
2022HU0867819,1
2022HU0867883,1
2022HU0867938,1
2022HU0867959,1
2022HU0868129,1
2022HU0868137,1
2022HU0868188,1
2022HU0868510,1
2022HU0868589,1
2022HU0868689,1
2022HU0868812,1
2022HU0868852,1
2022HU0868876,1
2022HU0868881,1
2022HU0868882,1
2022HU0868916,1
2022HU0868963,1
2022HU0869077,1
2022HU0869121,1
2022HU0869141,1
2022HU0869150,1
2022HU0869212,1
2022HU0869255,1
2022HU0869264,1
2022HU0869268,1
2022HU0869427,1
2022HU0869708,1
2022HU0869717,1
2022HU0869740,1
2022HU0869788,1
2022HU0869799,1
2022HU0869890,1
2022HU0869943,1
2022HU0870051,1
2022HU0870084,1
2022HU0870136,1
2022HU0870162,1
2022HU0870176,1
2022HU0870259,1
2022HU0870314,1
2022HU0870408,1
2022HU0870444,1
2022HU0870557,1
2022HU0870585,1
2022HU0870625,1
2022HU0870664,1
2022HU0870813,1
2022HU0870875,1
2022HU0870886,1
2022HU0870935,1
2022HU0871164,1
2022HU0871239,1
2022HU0871272,1
2022HU0871306,1
2022HU0871330,1
2022HU0871339,1
2022HU0871372,1
2022HU0871392,1
2022HU0871475,1
2022HU0871506,1
2022HU0871544,1
2022HU0871566,1
2022HU0871579,1
2022HU0871639,1
2022HU0871706,1
2022HU0871955,1
2022HU0871964,1
2022HU0872061,1
2022HU0872104,1
2022HU0872250,1
2022HU0872432,1
2022HU0872610,1
2022HU0872818,1
2022HU0872821,1
2022HU0872823,1
2022HU0872848,1
2022HU0872874,1
2022HU0872884,1
2022HU0872898,1
2022HU0872905,1
2022HU0873049,1
2022HU0873171,1
2022HU0873366,1
2022HU0873508,1
2022HU0873553,1
2022HU0873562,1
2022HU0873631,1
2022HU0873702,1
2022HU0874033,1
2022HU0874053,1
2022HU0874058,1
2022HU0874127,1
2022HU0874247,1
2022HU0874358,1
2022HU0874588,1
2022HU0874599,1
2022HU0874749,1
2022HU0874839,1
2022HU0874903,1
2022HU0875008,1
2022HU0875035,1
2022HU0875099,1
2022HU0875127,1
2022HU0875186,1
2022HU0875213,1
2022HU0875227,1
2022HU0875384,1
2022HU0875390,1
2022HU0875409,1
2022HU0875501,1
2022HU0875505,1
2022HU0875534,1
2022HU0875607,1
2022HU0875733,1
2022HU0875793,1
2022HU0875871,1
2022HU0875976,1
2022HU0875997,1
2022HU0876006,1
2022HU0876009,1
2022HU0876019,1
2022HU0876165,1
2022HU0876365,1
2022HU0876373,1
2022HU0876375,1
2022HU0876385,1
2022HU0876401,1
2022HU0876527,1
2022HU0876618,1
2022HU0876643,1
2022HU0876773,1
2022HU0876830,1
2022HU0876853,1
2022HU0876965,1
2022HU0876983,1
2022HU0877158,1
2022HU0877167,1
2022HU0877308,1
2022HU0877312,1
2022HU0877424,1
2022HU0877449,1
2022HU0877797,1
2022HU0877836,1
2022HU0878081,1
2022HU0878107,1
2022HU0878285,1
2022HU0878297,1
2022HU0878453,1
2022HU0878515,1
2022HU0878587,1
2022HU0878592,1
2022HU0878607,1
2022HU0878615,1
2022HU0878632,1
2022HU0878715,1
2022HU0878733,1
2022HU0878811,1
2022HU0878845,1
2022HU0878855,1
2022HU0878873,1
2022HU0878941,1
2022HU0878980,1
2022HU0879033,1
2022HU0879142,1
2022HU0879151,1
2022HU0879157,1
2022HU0879350,1
2022HU0879387,1
2022HU0879449,1
2022HU0879496,1
2022HU0879502,1
2022HU0879712,1
2022HU0879715,1
2022HU0879777,1
2022HU0879789,1
2022HU0879798,1
2022HU0879885,1
2022HU0879924,1
2022HU0879981,1
2022HU0879998,1
2022HU0880005,1
2022HU0880108,1
2022HU0880129,1
2022HU0880235,1
2022HU0880427,1
2022HU0880476,1
2022HU0880563,1
2022HU0880695,1
2022HU0880699,1
2022HU0880822,1
2022HU0880996,1
2022HU0881058,1
2022HU0881087,1
2022HU0881165,1
2022HU0881369,1
2022HU0881391,1
2022HU0881626,1
2022HU0881633,1
2022HU0881714,1
2022HU0881748,1
2022HU0881761,1
2022HU0881804,1
2022HU0881809,1
2022HU0881863,1
2022HU0882213,1
2022HU0882296,1
2022HU0882411,1
2022HU0882510,1
2022HU0882566,1
2022HU0882616,1
2022HU0882631,1
2022HU0882808,1
2022HU0882924,1
2022HU0882989,1
2022HU0883004,1
2022HU0883018,1
2022HU0883118,1
2022HU0883158,1
2022HU0883208,1
2022HU0883216,1
2022HU0883304,1
2022HU0883322,1
2022HU0883430,1
2022HU0883458,1
2022HU0883766,1
2022HU0883908,1
2022HU0884042,1
2022HU0884092,1
2022HU0884111,1
2022HU0884180,1
2022HU0884226,1
2022HU0884282,1
2022HU0884361,1
2022HU0884382,1
2022HU0884443,1
2022HU0884454,1
2022HU0884497,1
2022HU0884622,1
2022HU0884664,1
2022HU0884730,1
2022HU0884741,1
2022HU0884804,1
2022HU0884807,1
2022HU0884839,1
2022HU0884891,1
2022HU0884901,1
2022HU0885325,1
2022HU0885326,1
2022HU0885470,1
2022HU0885575,1
2022HU0885583,1
2022HU0885755,1
2022HU0885767,1
2022HU0885864,1
2022HU0885871,1
2022HU0885881,1
2022HU0885932,1
2022HU0885996,1
2022HU0886009,1
2022HU0886070,1
2022HU0886184,1
2022HU0886206,1
2022HU0886286,1
2022HU0886317,1
2022HU0886355,1
2022HU0886383,1
2022HU0886435,1
2022HU0886440,1
2022HU0886470,1
2022HU0886505,1
2022HU0886667,1
2022HU0886737,1
2022HU0886767,1
2022HU0886874,1
2022HU0886895,1
2022HU0887044,1
2022HU0887072,1
2022HU0887104,1
2022HU0887225,1
2022HU0887307,1
2022HU0887448,1
2022HU0887600,1
2022HU0887644,1
2022HU0887698,1
2022HU0888063,1
2022HU0888127,1
2022HU0888210,1
2022HU0888290,1
2022HU0888312,1
2022HU0888440,1
2022HU0888443,1
2022HU0888488,1
2022HU0888643,1
2022HU0888676,1
2022HU0888750,1
2022HU0888754,1
2022HU0888766,1
2022HU0888889,1
2022HU0888965,1
2022HU0889005,1
2022HU0889086,1
2022HU0889214,1
2022HU0889265,1
2022HU0889330,1
2022HU0889344,1
2022HU0889392,1
2022HU0889430,1
2022HU0889448,1
2022HU0889463,1
2022HU0889486,1
2022HU0889560,1
2022HU0889604,1
2022HU0889861,1
2022HU0889944,1
2022HU0889991,1
2022HU0890018,1
2022HU0890094,1
2022HU0890101,1
2022HU0890249,1
2022HU0890319,1
2022HU0890424,1
2022HU0890507,1
2022HU0890508,1
2022HU0890542,1
2022HU0890580,1
2022HU0890636,1
2022HU0890717,1
2022HU0890999,1
2022HU0891053,1
2022HU0891137,1
2022HU0891252,1
2022HU0891291,1
2022HU0891430,1
2022HU0891575,1
2022HU0891822,1
2022HU0891910,1
2022HU0891959,1
2022HU0892058,1
2022HU0892080,1
2022HU0892152,1
2022HU0892203,1
2022HU0892214,1
2022HU0892313,1
2022HU0892317,1
2022HU0892426,1
2022HU0892444,1
2022HU0892478,1
2022HU0892549,1
2022HU0892849,1
2022HU0892861,1
2022HU0892882,1
2022HU0892949,1
2022HU0892976,1
2022HU0893029,1
2022HU0893048,1
2022HU0893090,1
2022HU0893554,1
2022HU0893569,1
2022HU0893609,1
2022HU0893742,1
2022HU0893745,1
2022HU0893811,1
2022HU0893914,1
2022HU0893929,1
2022HU0894004,1
2022HU0894028,1
2022HU0894131,1
2022HU0894147,1
2022HU0894181,1
2022HU0894291,1
2022HU0894375,1
2022HU0894403,1
2022HU0894514,1
2022HU0894582,1
2022HU0894620,1
2022HU0894657,1
2022HU0894669,1
2022HU0894708,1
2022HU0894767,1
2022HU0894802,1
2022HU0894857,1
2022HU0894918,1
2022HU0895068,1
2022HU0895079,1
2022HU0895149,1
2022HU0895168,1
2022HU0895185,1
2022HU0895224,1
2022HU0895225,1
2022HU0895250,1
2022HU0895333,1
2022HU0895364,1
2022HU0895423,1
2022HU0895514,1
2022HU0895552,1
2022HU0895623,1
2022HU0895697,1
2022HU0895746,1
2022HU0895748,1
2022HU0895750,1
2022HU0895778,1
2022HU0895924,1
2022HU0895928,1
2022HU0895959,1
2022HU0896063,1
2022HU0896106,1
2022HU0896437,1
2022HU0896679,1
2022HU0896717,1
2022HU0896779,1
2022HU0897365,1
2022HU0897380,1
2022HU0897403,1
2022HU0897471,1
2022HU0897522,1
2022HU0897575,1
2022HU0897717,1
2022HU0897831,1
2022HU0897881,1
2022HU0897907,1
2022HU0897943,1
2022HU0897994,1
2022HU0898049,1
2022HU0898066,1
2022HU0898143,1
2022HU0898147,1
2022HU0898173,1
2022HU0898213,1
2022HU0898247,1
2022HU0898336,1
2022HU0898348,1
2022HU0898433,1
2022HU0898529,1
2022HU0898595,1
2022HU0898665,1
2022HU0898687,1
2022HU0898832,1
2022HU0898862,1
2022HU0898957,1
2022HU0899012,1
2022HU0899019,1
2022HU0899078,1
2022HU0899088,1
2022HU0899151,1
2022HU0899405,1
2022HU0899483,1
2022HU0899527,1
2022HU0899535,1
2022HU0899638,1
2022HU0899698,1
2022HU0900010,1
2022HU0900050,1
2022HU0900181,1
2022HU0900209,1
2022HU0900264,1
2022HU0900270,1
2022HU0900333,1
2022HU0900458,1
2022HU0900617,1
2022HU0900627,1
2022HU0900754,1
2022HU0900910,1
2022HU0901135,1
2022HU0901151,1
2022HU0901229,1
2022HU0901371,1
2022HU0901657,1
2022HU0901714,1
2022HU0901785,1
2022HU0901836,1
2022HU0901842,1
2022HU0901846,1
2022HU0901863,1
2022HU0901875,1
2022HU0901933,1
2022HU0902004,1
2022HU0902120,1
2022HU0902227,1
2022HU0902228,1
2022HU0902247,1
2022HU0902341,1
2022HU0902365,1
2022HU0902370,1
2022HU0902484,1
2022HU0902562,1
2022HU0902601,1
2022HU0902619,1
2022HU0902690,1
2022HU0902815,1
2022HU0902986,1
2022HU0903005,1
2022HU0903102,1
2022HU0903206,1
2022HU0903363,1
2022HU0903433,1
2022HU0903476,1
2022HU0903484,1
2022HU0903602,1
2022HU0903605,1
2022HU0903620,1
2022HU0903700,1
2022HU0903789,1
2022HU0903803,1
2022HU0903818,1
2022HU0903837,1
2022HU0903940,1
2022HU0903978,1
2022HU0904009,1
2022HU0904158,1
2022HU0904178,1
2022HU0904239,1
2022HU0904291,1
2022HU0904298,1
2022HU0904329,1
2022HU0904372,1
2022HU0904462,1
2022HU0904466,1
2022HU0904556,1
2022HU0904602,1
2022HU0904702,1
2022HU0904797,1
2022HU0904803,1
2022HU0904820,1
2022HU0904838,1
2022HU0904891,1
2022HU0904894,1
2022HU0905029,1
2022HU0905068,1
2022HU0905117,1
2022HU0905227,1
2022HU0905276,1
2022HU0905296,1
2022HU0905349,1
2022HU0905372,1
2022HU0905376,1
2022HU0905394,1
2022HU0905526,1
2022HU0905655,1
2022HU0905832,1
2022HU0905890,1
2022HU0905993,1
2022HU0906069,1
2022HU0906265,1
2022HU0906300,1
2022HU0906310,1
2022HU0906328,1
2022HU0906357,1
2022HU0906417,1
2022HU0906427,1
2022HU0906447,1
2022HU0906459,1
2022HU0906596,1
2022HU0906644,1
2022HU0906702,1
2022HU0906712,1
2022HU0906753,1
2022HU0906766,1
2022HU0906829,1
2022HU0906932,1
2022HU0906959,1
2022HU0906984,1
2022HU0907110,1
2022HU0907160,1
2022HU0907194,1
2022HU0907270,1
2022HU0907377,1
2022HU0907537,1
2022HU0907575,1
2022HU0907588,1
2022HU0907656,1
2022HU0907753,1
2022HU0907893,1
2022HU0907897,1
2022HU0907966,1
2022HU0908018,1
2022HU0908060,1
2022HU0908210,1
2022HU0908221,1
2022HU0908271,1
2022HU0908322,1
2022HU0908474,1
2022HU0908510,1
2022HU0908562,1
2022HU0908640,1
2022HU0908656,1
2022HU0908693,1
2022HU0908721,1
2022HU0908740,1
2022HU0908819,1
2022HU0908923,1
2022HU0908931,1
2022HU0908988,1
2022HU0909002,1
2022HU0909015,1
2022HU0909046,1
2022HU0909086,1
2022HU0909268,1
2022HU0909301,1
2022HU0909356,1
2022HU0909482,1
2022HU0909522,1
2022HU0909582,1
2022HU0909640,1
2022HU0909794,1
2022HU0909891,1
2022HU0909924,1
2022HU0909939,1
2022HU0909971,1
2022HU0910006,1
2022HU0910135,1
2022HU0910150,1
2022HU0910154,1
2022HU0910214,1
2022HU0910235,1
2022HU0910278,1
2022HU0910309,1
2022HU0910405,1
2022HU0910448,1
2022HU0910492,1
2022HU0910525,1
2022HU0910533,1
2022HU0910535,1
2022HU0910557,1
2022HU0910591,1
2022HU0910744,1
2022HU0910768,1
2022HU0910783,1
2022HU0910828,1
2022HU0910895,1
2022HU0910899,1
2022HU0910942,1
2022HU0911107,1
2022HU0911176,1
2022HU0911181,1
2022HU0911329,1
2022HU0911337,1
2022HU0911386,1
2022HU0911414,1
2022HU0911447,1
2022HU0911469,1
2022HU0911482,1
2022HU0911539,1
2022HU0911572,1
2022HU0911601,1
2022HU0911757,1
2022HU0911847,1
2022HU0911850,1
2022HU0912029,1
2022HU0912211,1
2022HU0912216,1
2022HU0912425,1
2022HU0912495,1
2022HU0912500,1
2022HU0912529,1
2022HU0912578,1
2022HU0912655,1
2022HU0912820,1
2022HU0913001,1
2022HU0913010,1
2022HU0913071,1
2022HU0913149,1
2022HU0913155,1
2022HU0913224,1
2022HU0913347,1
2022HU0913435,1
2022HU0913490,1
2022HU0913506,1
2022HU0913626,1
2022HU0913634,1
2022HU0913757,1
2022HU0913867,1
2022HU0913934,1
2022HU0914227,1
2022HU0914289,1
2022HU0914359,1
2022HU0914372,1
2022HU0914427,1
2022HU0914498,1
2022HU0914601,1
2022HU0914700,1
2022HU0914736,1
2022HU0914742,1
2022HU0914952,1
2022HU0915043,1
2022HU0915045,1
2022HU0915103,1
2022HU0915140,1
2022HU0915175,1
2022HU0915224,1
2022HU0915311,1
2022HU0915329,1
2022HU0915342,1
2022HU0915402,1
2022HU0915539,1
2022HU0915569,1
2022HU0915581,1
2022HU0915604,1
2022HU0915746,1
2022HU0915786,1
2022HU0915834,1
2022HU0915839,1
2022HU0916257,1
2022HU0916489,1
2022HU0916505,1
2022HU0916517,1
2022HU0916621,1
2022HU0916625,1
2022HU0916628,1
2022HU0916679,1
2022HU0916779,1
2022HU0916844,1
2022HU0916965,1
2022HU0917026,1
2022HU0917411,1
2022HU0917432,1
2022HU0917554,1
2022HU0917568,1
2022HU0917656,1
2022HU0917676,1
2022HU0917740,1
2022HU0917845,1
2022HU0917918,1
2022HU0918063,1
2022HU0918109,1
2022HU0918132,1
2022HU0918182,1
2022HU0918185,1
2022HU0918195,1
2022HU0918228,1
2022HU0918332,1
2022HU0918381,1
2022HU0918395,1
2022HU0918420,1
2022HU0918426,1
2022HU0918478,1
2022HU0918480,1
2022HU0918499,1
2022HU0918611,1
2022HU0918624,1
2022HU0918661,1
2022HU0918743,1
2022HU0918806,1
2022HU0918808,1
2022HU0919046,1
2022HU0919296,1
2022HU0919326,1
2022HU0919362,1
2022HU0919402,1
2022HU0919457,1
2022HU0919517,1
2022HU0919672,1
2022HU0919788,1
2022HU0919868,1
2022HU0919933,1
2022HU0920194,1
2022HU0920261,1
2022HU0920315,1
2022HU0920343,1
2022HU0920492,1
2022HU0920543,1
2022HU0920546,1
2022HU0920561,1
2022HU0920590,1
2022HU0920637,1
2022HU0920658,1
2022HU0920738,1
2022HU0920823,1
2022HU0920845,1
2022HU0920873,1
2022HU0920929,1
2022HU0920982,1
2022HU0921030,1
2022HU0921231,1
2022HU0921257,1
2022HU0921272,1
2022HU0921426,1
2022HU0921521,1
2022HU0921565,1
2022HU0921576,1
2022HU0921583,1
2022HU0921590,1
2022HU0921705,1
2022HU0921716,1
2022HU0921772,1
2022HU0921779,1
2022HU0921804,1
2022HU0921860,1
2022HU0921971,1
2022HU0922024,1
2022HU0922038,1
2022HU0922142,1
2022HU0922303,1
2022HU0922379,1
2022HU0922393,1
2022HU0922397,1
2022HU0922509,1
2022HU0922569,1
2022HU0922619,1
2022HU0922629,1
2022HU0922654,1
2022HU0922679,1
2022HU0922747,1
2022HU0922796,1
2022HU0922960,1
2022HU0923011,1
2022HU0923150,1
2022HU0923217,1
2022HU0923482,1
2022HU0923542,1
2022HU0923676,1
2022HU0923701,1
2022HU0923807,1
2022HU0923815,1
2022HU0923964,1
2022HU0924002,1
2022HU0924020,1
2022HU0924024,1
2022HU0924262,1
2022HU0924268,1
2022HU0924301,1
2022HU0924314,1
2022HU0924586,1
2022HU0924600,1
2022HU0924635,1
2022HU0924670,1
2022HU0924804,1
2022HU0924833,1
2022HU0924849,1
2022HU0924940,1
2022HU0924987,1
2022HU0924988,1
2022HU0925306,1
2022HU0925364,1
2022HU0925487,1
2022HU0925562,1
2022HU0925733,1
2022HU0925744,1
2022HU0925823,1
2022HU0925885,1
2022HU0925968,1
2022HU0926015,1
2022HU0926062,1
2022HU0926124,1
2022HU0926133,1
2022HU0926196,1
2022HU0926206,1
2022HU0926225,1
2022HU0926241,1
2022HU0926264,1
2022HU0926282,1
2022HU0926315,1
2022HU0926320,1
2022HU0926366,1
2022HU0926370,1
2022HU0926408,1
2022HU0926413,1
2022HU0926531,1
2022HU0926762,1
2022HU0926774,1
2022HU0926911,1
2022HU0927080,1
2022HU0927335,1
2022HU0927368,1
2022HU0927386,1
2022HU0927400,1
2022HU0927408,1
2022HU0927429,1
2022HU0927487,1
2022HU0927587,1
2022HU0927611,1
2022HU0927905,1
2022HU0928057,1
2022HU0928118,1
2022HU0928165,1
2022HU0928262,1
2022HU0928268,1
2022HU0928291,1
2022HU0928338,1
2022HU0928512,1
2022HU0928538,1
2022HU0928645,1
2022HU0928674,1
2022HU0928706,1
2022HU0929017,1
2022HU0929036,1
2022HU0929060,1
2022HU0929092,1
2022HU0929093,1
2022HU0929197,1
2022HU0929199,1
2022HU0929257,1
2022HU0929415,1
2022HU0929447,1
2022HU0929503,1
2022HU0929522,1
2022HU0929539,1
2022HU0929611,1
2022HU0929614,1
2022HU0929662,1
2022HU0929697,1
2022HU0929702,1
2022HU0929710,1
2022HU0929748,1
2022HU0929845,1
2022HU0929935,1
2022HU0930005,1
2022HU0930091,1
2022HU0930104,1
2022HU0930176,1
2022HU0930543,1
2022HU0930589,1
2022HU0930602,1
2022HU0930917,1
2022HU0930988,1
2022HU0931111,1
2022HU0931170,1
2022HU0931248,1
2022HU0931300,1
2022HU0931428,1
2022HU0931510,1
2022HU0931626,1
2022HU0931659,1
2022HU0931676,1
2022HU0931698,1
2022HU0931845,1
2022HU0931888,1
2022HU0931890,1
2022HU0932093,1
2022HU0932300,1
2022HU0932304,1
2022HU0932306,1
2022HU0932439,1
2022HU0932669,1
2022HU0932720,1
2022HU0932733,1
2022HU0932835,1
2022HU0932882,1
2022HU0932929,1
2022HU0932954,1
2022HU0932959,1
2022HU0932989,1
2022HU0933059,1
2022HU0933201,1
2022HU0933244,1
2022HU0933273,1
2022HU0933320,1
2022HU0933359,1
2022HU0933408,1
2022HU0933458,1
2022HU0933553,1
2022HU0933596,1
2022HU0933630,1
2022HU0933668,1
2022HU0933764,1
2022HU0933767,1
2022HU0933795,1
2022HU0933838,1
2022HU0933860,1
2022HU0934044,1
2022HU0934081,1
2022HU0934119,1
2022HU0934206,1
2022HU0934314,1
2022HU0934368,1
2022HU0934440,1
2022HU0934455,1
2022HU0934479,1
2022HU0934504,1
2022HU0934843,1
2022HU0934856,1
2022HU0934889,1
2022HU0934893,1
2022HU0935100,1
2022HU0935151,1
2022HU0935164,1
2022HU0935393,1
2022HU0935564,1
2022HU0935649,1
2022HU0935801,1
2022HU0935813,1
2022HU0935876,1
2022HU0935949,1
2022HU0935992,1
2022HU0936053,1
2022HU0936065,1
2022HU0936199,1
2022HU0936392,1
2022HU0936430,1
2022HU0936479,1
2022HU0936630,1
2022HU0936967,1
2022HU0936983,1
2022HU0937013,1
2022HU0937229,1
2022HU0937236,1
2022HU0937389,1
2022HU0937459,1
2022HU0937525,1
2022HU0937530,1
2022HU0937669,1
2022HU0937924,1
2022HU0937930,1
2022HU0937939,1
2022HU0937956,1
2022HU0938219,1
2022HU0938468,1
2022HU0938494,1
2022HU0938510,1
2022HU0938560,1
2022HU0938641,1
2022HU0938770,1
2022HU0938850,1
2022HU0938943,1
2022HU0938971,1
2022HU0939130,1
2022HU0939154,1
2022HU0939392,1
2022HU0939416,1
2022HU0939469,1
2022HU0939653,1
2022HU0939722,1
2022HU0939744,1
2022HU0939792,1
2022HU0939827,1
2022HU0939838,1
2022HU0939849,1
2022HU0939876,1
2022HU0939912,1
2022HU0940035,1
2022HU0940060,1
2022HU0940130,1
2022HU0940161,1
2022HU0940262,1
2022HU0940269,1
2022HU0940318,1
2022HU0940536,1
2022HU0940548,1
2022HU0940551,1
2022HU0940715,1
2022HU0940786,1
2022HU0940816,1
2022HU0940838,1
2022HU0940926,1
2022HU0940950,1
2022HU0940957,1
2022HU0941110,1
2022HU0941132,1
2022HU0941290,1
2022HU0941355,1
2022HU0941368,1
2022HU0941388,1
2022HU0941465,1
2022HU0941482,1
2022HU0941643,1
2022HU0941697,1
2022HU0941955,1
2022HU0942013,1
2022HU0942015,1
2022HU0942025,1
2022HU0942056,1
2022HU0942081,1
2022HU0942282,1
2022HU0942285,1
2022HU0942384,1
2022HU0942391,1
2022HU0942559,1
2022HU0942614,1
2022HU0942627,1
2022HU0942666,1
2022HU0942680,1
2022HU0942728,1
2022HU0942771,1
2022HU0942908,1
2022HU0943024,1
2022HU0943035,1
2022HU0943036,1
2022HU0943046,1
2022HU0943082,1
2022HU0943110,1
2022HU0943130,1
2022HU0943215,1
2022HU0943235,1
2022HU0943262,1
2022HU0943510,1
2022HU0943617,1
2022HU0943646,1
2022HU0943735,1
2022HU0943744,1
2022HU0943794,1
2022HU0943933,1
2022HU0943974,1
2022HU0944028,1
2022HU0944110,1
2022HU0944212,1
2022HU0944237,1
2022HU0944254,1
2022HU0944264,1
2022HU0944329,1
2022HU0944333,1
2022HU0944361,1
2022HU0944386,1
2022HU0944459,1
2022HU0944483,1
2022HU0944514,1
2022HU0944536,1
2022HU0944582,1
2022HU0944641,1
2022HU0944681,1
2022HU0944739,1
2022HU0945047,1
2022HU0945061,1
2022HU0945089,1
2022HU0945309,1
2022HU0945371,1
2022HU0945410,1
2022HU0945431,1
2022HU0945574,1
2022HU0945665,1
2022HU0945739,1
2022HU0945750,1
2022HU0945882,1
2022HU0945946,1
2022HU0946299,1
2022HU0946307,1
2022HU0946397,1
2022HU0946574,1
2022HU0946578,1
2022HU0946595,1
2022HU0946703,1
2022HU0946721,1
2022HU0946746,1
2022HU0946763,1
2022HU0946789,1
2022HU0946805,1
2022HU0946850,1
2022HU0946893,1
2022HU0947067,1
2022HU0947256,1
2022HU0947382,1
2022HU0947413,1
2022HU0947471,1
2022HU0947551,1
2022HU0947659,1
2022HU0947710,1
2022HU0947765,1
2022HU0947846,1
2022HU0947923,1
2022HU0947928,1
2022HU0947973,1
2022HU0947982,1
2022HU0947994,1
2022HU0948095,1
2022HU0948097,1
2022HU0948119,1
2022HU0948126,1
2022HU0948163,1
2022HU0948170,1
2022HU0948174,1
2022HU0948220,1
2022HU0948346,1
2022HU0948467,1
2022HU0948553,1
2022HU0948589,1
2022HU0948658,1
2022HU0948714,1
2022HU0948728,1
2022HU0948831,1
2022HU0948919,1
2022HU0949342,1
2022HU0949362,1
2022HU0949422,1
2022HU0949494,1
2022HU0949534,1
2022HU0949780,1
2022HU0949789,1
2022HU0949812,1
2022HU0949912,1
2022HU0950007,1
2022HU0950055,1
2022HU0950057,1
2022HU0950143,1
2022HU0950158,1
2022HU0950266,1
2022HU0950447,1
2022HU0950504,1
2022HU0950548,1
2022HU0950629,1
2022HU0950737,1
2022HU0951114,1
2022HU0951119,1
2022HU0951122,1
2022HU0951309,1
2022HU0951330,1
2022HU0951391,1
2022HU0951432,1
2022HU0951480,1
2022HU0951529,1
2022HU0951630,1
2022HU0951676,1
2022HU0951687,1
2022HU0951734,1
2022HU0951735,1
2022HU0952018,1
2022HU0952064,1
2022HU0952140,1
2022HU0952294,1
2022HU0952358,1
2022HU0952361,1
2022HU0952449,1
2022HU0952518,1
2022HU0952589,1
2022HU0952628,1
2022HU0952643,1
2022HU0952710,1
2022HU0952747,1
2022HU0952796,1
2022HU0952907,1
2022HU0952970,1
2022HU0953014,1
2022HU0953152,1
2022HU0953174,1
2022HU0953179,1
2022HU0953195,1
2022HU0953397,1
2022HU0953481,1
2022HU0953720,1
2022HU0953741,1
2022HU0953782,1
2022HU0953825,1
2022HU0953993,1
2022HU0954039,1
2022HU0954048,1
2022HU0954120,1
2022HU0954146,1
2022HU0954187,1
2022HU0954447,1
2022HU0954457,1
2022HU0954497,1
2022HU0954519,1
2022HU0954526,1
2022HU0954638,1
2022HU0954671,1
2022HU0954685,1
2022HU0954779,1
2022HU0954782,1
2022HU0954812,1
2022HU0954814,1
2022HU0954929,1
2022HU0954945,1
2022HU0954965,1
2022HU0954995,1
2022HU0955125,1
2022HU0955183,1
2022HU0955360,1
2022HU0955439,1
2022HU0955539,1
2022HU0955609,1
2022HU0955794,1
2022HU0955806,1
2022HU0955834,1
2022HU0955857,1
2022HU0955908,1
2022HU0955924,1
2022HU0955931,1
2022HU0955960,1
2022HU0956005,1
2022HU0956022,1
2022HU0956154,1
2022HU0956172,1
2022HU0956289,1
2022HU0956490,1
2022HU0956591,1
2022HU0956743,1
2022HU0956804,1
2022HU0956839,1
2022HU0956923,1
2022HU0956959,1
2022HU0957141,1
2022HU0957226,1
2022HU0957258,1
2022HU0957285,1
2022HU0957325,1
2022HU0957542,1
2022HU0957547,1
2022HU0957570,1
2022HU0957575,1
2022HU0957754,1
2022HU0957760,1
2022HU0957827,1
2022HU0957837,1
2022HU0958120,1
2022HU0958140,1
2022HU0958159,1
2022HU0958190,1
2022HU0958191,1
2022HU0958381,1
2022HU0958440,1
2022HU0958444,1
2022HU0958446,1
2022HU0958469,1
2022HU0958570,1
2022HU0958592,1
2022HU0958657,1
2022HU0958748,1
2022HU0958785,1
2022HU0958804,1
2022HU0958808,1
2022HU0958833,1
2022HU0958922,1
2022HU0958961,1
2022HU0959005,1
2022HU0959071,1
2022HU0959169,1
2022HU0959207,1
2022HU0959266,1
2022HU0959326,1
2022HU0959412,1
2022HU0959434,1
2022HU0959447,1
2022HU0959491,1
2022HU0959515,1
2022HU0959646,1
2022HU0959861,1
2022HU0959872,1
2022HU0959915,1
2022HU0959922,1
2022HU0959934,1
2022HU0960021,1
2022HU0960027,1
2022HU0960068,1
2022HU0960097,1
2022HU0960131,1
2022HU0960201,1
2022HU0960274,1
2022HU0960278,1
2022HU0960283,1
2022HU0960314,1
2022HU0960334,1
2022HU0960442,1
2022HU0960475,1
2022HU0960625,1
2022HU0960652,1
2022HU0960775,1
2022HU0960885,1
2022HU0960966,1
2022HU0960983,1
2022HU0961099,1
2022HU0961136,1
2022HU0961164,1
2022HU0961187,1
2022HU0961213,1
2022HU0961240,1
2022HU0961348,1
2022HU0961370,1
2022HU0961536,1
2022HU0961539,1
2022HU0961604,1
2022HU0961636,1
2022HU0961673,1
2022HU0961679,1
2022HU0961841,1
2022HU0961886,1
2022HU0961915,1
2022HU0961947,1
2022HU0962066,1
2022HU0962081,1
2022HU0962090,1
2022HU0962130,1
2022HU0962132,1
2022HU0962163,1
2022HU0962240,1
2022HU0962290,1
2022HU0962358,1
2022HU0962376,1
2022HU0962383,1
2022HU0962440,1
2022HU0962501,1
2022HU0962638,1
2022HU0962653,1
2022HU0962666,1
2022HU0962683,1
2022HU0962710,1
2022HU0962752,1
2022HU0962838,1
2022HU0962922,1
2022HU0962972,1
2022HU0963196,1
2022HU0963245,1
2022HU0963307,1
2022HU0963308,1
2022HU0963357,1
2022HU0963458,1
2022HU0963459,1
2022HU0963574,1
2022HU0963610,1
2022HU0963699,1
2022HU0963884,1
2022HU0963928,1
2022HU0964163,1
2022HU0964190,1
2022HU0964347,1
2022HU0964432,1
2022HU0964448,1
2022HU0964600,1
2022HU0964795,1
2022HU0964833,1
2022HU0964955,1
2022HU0965017,1
2022HU0965033,1
2022HU0965074,1
2022HU0965351,1
2022HU0965364,1
2022HU0965369,1
2022HU0965423,1
2022HU0965535,1
2022HU0965542,1
2022HU0965593,1
2022HU0965599,1
2022HU0965835,1
2022HU0965849,1
2022HU0965901,1
2022HU0966027,1
2022HU0966076,1
2022HU0966140,1
2022HU0966220,1
2022HU0966296,1
2022HU0966328,1
2022HU0966343,1
2022HU0966439,1
2022HU0966524,1
2022HU0966684,1
2022HU0966712,1
2022HU0966730,1
2022HU0966759,1
2022HU0966768,1
2022HU0966868,1
2022HU0967048,1
2022HU0967208,1
2022HU0967384,1
2022HU0967388,1
2022HU0967470,1
2022HU0967537,1
2022HU0967604,1
2022HU0967780,1
2022HU0967874,1
2022HU0967885,1
2022HU0967915,1
2022HU0968157,1
2022HU0968253,1
2022HU0968259,1
2022HU0968294,1
2022HU0968296,1
2022HU0968340,1
2022HU0968377,1
2022HU0968389,1
2022HU0968396,1
2022HU0968519,1
2022HU0968610,1
2022HU0968642,1
2022HU0968673,1
2022HU0968750,1
2022HU0968760,1
2022HU0968787,1
2022HU0969080,1
2022HU0969265,1
2022HU0969275,1
2022HU0969355,1
2022HU0969495,1
2022HU0969641,1
2022HU0969709,1
2022HU0969766,1
2022HU0969862,1
2022HU0969920,1
2022HU0969943,1
2022HU0970197,1
2022HU0970300,1
2022HU0970443,1
2022HU0970448,1
2022HU0970524,1
2022HU0970571,1
2022HU0970592,1
2022HU0970623,1
2022HU0970638,1
2022HU0970754,1
2022HU0970771,1
2022HU0970825,1
2022HU0970884,1
2022HU0970904,1
2022HU0971042,1
2022HU0971074,1
2022HU0971094,1
2022HU0971145,1
2022HU0971163,1
2022HU0971296,1
2022HU0971450,1
2022HU0971462,1
2022HU0971534,1
2022HU0971638,1
2022HU0971645,1
2022HU0971648,1
2022HU0971709,1
2022HU0971752,1
2022HU0971887,1
2022HU0971926,1
2022HU0972029,1
2022HU0972073,1
2022HU0972198,1
2022HU0972303,1
2022HU0972414,1
2022HU0972439,1
2022HU0972547,1
2022HU0972700,1
2022HU0972800,1
2022HU0972873,1
2022HU0972885,1
2022HU0972944,1
2022HU0973224,1
2022HU0973466,1
2022HU0973502,1
2022HU0973512,1
2022HU0973521,1
2022HU0973685,1
2022HU0973729,1
2022HU0973756,1
2022HU0973894,1
2022HU0973949,1
2022HU0974076,1
2022HU0974152,1
2022HU0974215,1
2022HU0974297,1
2022HU0974365,1
2022HU0974422,1
2022HU0974432,1
2022HU0974435,1
2022HU0974507,1
2022HU0974538,1
2022HU0974548,1
2022HU0974623,1
2022HU0974883,1
2022HU0974945,1
2022HU0975194,1
2022HU0975204,1
2022HU0975309,1
2022HU0975363,1
2022HU0975370,1
2022HU0975378,1
2022HU0975425,1
2022HU0975437,1
2022HU0975535,1
2022HU0975552,1
2022HU0975587,1
2022HU0975652,1
2022HU0975693,1
2022HU0975719,1
2022HU0975812,1
2022HU0975825,1
2022HU0975873,1
2022HU0975935,1
2022HU0975957,1
2022HU0976112,1
2022HU0976146,1
2022HU0976268,1
2022HU0976399,1
2022HU0976448,1
2022HU0976596,1
2022HU0976676,1
2022HU0976705,1
2022HU0976762,1
2022HU0977082,1
2022HU0977085,1
2022HU0977090,1
2022HU0977254,1
2022HU0977276,1
2022HU0977381,1
2022HU0977547,1
2022HU0977585,1
2022HU0977606,1
2022HU0977628,1
2022HU0977631,1
2022HU0977669,1
2022HU0977694,1
2022HU0977715,1
2022HU0977748,1
2022HU0977804,1
2022HU0977852,1
2022HU0977906,1
2022HU0977944,1
2022HU0978051,1
2022HU0978120,1
2022HU0978123,1
2022HU0978235,1
2022HU0978500,1
2022HU0978658,1
2022HU0978743,1
2022HU0978794,1
2022HU0978818,1
2022HU0978858,1
2022HU0978862,1
2022HU0978863,1
2022HU0978953,1
2022HU0979107,1
2022HU0979136,1
2022HU0979146,1
2022HU0979491,1
2022HU0979668,1
2022HU0979726,1
2022HU0979783,1
2022HU0979969,1
2022HU0980275,1
2022HU0980290,1
2022HU0980511,1
2022HU0980610,1
2022HU0980773,1
2022HU0980812,1
2022HU0980985,1
2022HU0981098,1
2022HU0981212,1
2022HU0981303,1
2022HU0981416,1
2022HU0981622,1
2022HU0981646,1
2022HU0981708,1
2022HU0981733,1
2022HU0982027,1
2022HU0982132,1
2022HU0982214,1
2022HU0982382,1
2022HU0982535,1
2022HU0982740,1
2022HU0982760,1
2022HU0982777,1
2022HU0982831,1
2022HU0982870,1
2022HU0982922,1
2022HU0983134,1
2022HU0983180,1
2022HU0983265,1
2022HU0983351,1
2022HU0983601,1
2022HU0983618,1
2022HU0983630,1
2022HU0983730,1
2022HU0983794,1
2022HU0984029,1
2022HU0984110,1
2022HU0984230,1
2022HU0984262,1
2022HU0984368,1
2022HU0984496,1
2022HU0984499,1
2022HU0984509,1
2022HU0984547,1
2022HU0984612,1
2022HU0984687,1
2022HU0984763,1
2022HU0984816,1
2022HU0984889,1
2022HU0985001,1
2022HU0985102,1
2022HU0985275,1
2022HU0985303,1
2022HU0985482,1
2022HU0985560,1
2022HU0985566,1
2022HU0985571,1
2022HU0985607,1
2022HU0985764,1
2022HU0986039,1
2022HU0986049,1
2022HU0986131,1
2022HU0986214,1
2022HU0986232,1
2022HU0986308,1
2022HU0986384,1
2022HU0986421,1
2022HU0986495,1
2022HU0986505,1
2022HU0986563,1
2022HU0986795,1
2022HU0986797,1
2022HU0986826,1
2022HU0986863,1
2022HU0986865,1
2022HU0986881,1
2022HU0987035,1
2022HU0987076,1
2022HU0987174,1
2022HU0987388,1
2022HU0987423,1
2022HU0987424,1
2022HU0987565,1
2022HU0987574,1
2022HU0987603,1
2022HU0987617,1
2022HU0987630,1
2022HU0987651,1
2022HU0987655,1
2022HU0987878,1
2022HU0987980,1
2022HU0987988,1
2022HU0988035,1
2022HU0988092,1
2022HU0988234,1
2022HU0988246,1
2022HU0988335,1
2022HU0988403,1
2022HU0988532,1
2022HU0988583,1
2022HU0988627,1
2022HU0988645,1
2022HU0988707,1
2022HU0988750,1
2022HU0988770,1
2022HU0988962,1
2022HU0989023,1
2022HU0989026,1
2022HU0989076,1
2022HU0989128,1
2022HU0989151,1
2022HU0989161,1
2022HU0989282,1
2022HU0989395,1
2022HU0989553,1
2022HU0989700,1
2022HU0989941,1
2022HU0989964,1
2022HU0990075,1
2022HU0990131,1
2022HU0990144,1
2022HU0990189,1
2022HU0990228,1
2022HU0990235,1
2022HU0990377,1
2022HU0990439,1
2022HU0990451,1
2022HU0990725,1
2022HU0990888,1
2022HU0990932,1
2022HU0990995,1
2022HU0990998,1
2022HU0991009,1
2022HU0991039,1
2022HU0991147,1
2022HU0991159,1
2022HU0991337,1
2022HU0991358,1
2022HU0991415,1
2022HU0991423,1
2022HU0991430,1
2022HU0991574,1
2022HU0991591,1
2022HU0991651,1
2022HU0991755,1
2022HU0991790,1
2022HU0991792,1
2022HU0991943,1
2022HU0992065,1
2022HU0992075,1
2022HU0992218,1
2022HU0992377,1
2022HU0992555,1
2022HU0992689,1
2022HU0992714,1
2022HU0992726,1
2022HU0992782,1
2022HU0992938,1
2022HU0993032,1
2022HU0993172,1
2022HU0993189,1
2022HU0993212,1
2022HU0993221,1
2022HU0993234,1
2022HU0993243,1
2022HU0993406,1
2022HU0993424,1
2022HU0993462,1
2022HU0993525,1
2022HU0993527,1
2022HU0993574,1
2022HU0993584,1
2022HU0993657,1
2022HU0993681,1
2022HU0993694,1
2022HU0993761,1
2022HU0993949,1
2022HU0994191,1
2022HU0994255,1
2022HU0994330,1
2022HU0994392,1
2022HU0994412,1
2022HU0994530,1
2022HU0994581,1
2022HU0994627,1
2022HU0994693,1
2022HU0994799,1
2022HU0994871,1
2022HU0994922,1
2022HU0994931,1
2022HU0994994,1
2022HU0995022,1
2022HU0995073,1
2022HU0995111,1
2022HU0995114,1
2022HU0995186,1
2022HU0995211,1
2022HU0995265,1
2022HU0995304,1
2022HU0995359,1
2022HU0995423,1
2022HU0995481,1
2022HU0995620,1
2022HU0995772,1
2022HU0995832,1
2022HU0996093,1
2022HU0996355,1
2022HU0996402,1
2022HU0996485,1
2022HU0996682,1
2022HU0996706,1
2022HU0996788,1
2022HU0996794,1
2022HU0996803,1
2022HU0996806,1
2022HU0996851,1
2022HU0996859,1
2022HU0996866,1
2022HU0996876,1
2022HU0996920,1
2022HU0996951,1
2022HU0997028,1
2022HU0997043,1
2022HU0997228,1
2022HU0997381,1
2022HU0997388,1
2022HU0997407,1
2022HU0997579,1
2022HU0997601,1
2022HU0997672,1
2022HU0997799,1
2022HU0998046,1
2022HU0998101,1
2022HU0998221,1
2022HU0998256,1
2022HU0998371,1
2022HU0998530,1
2022HU0998651,1
2022HU0998718,1
2022HU0998730,1
2022HU0998750,1
2022HU0998777,1
2022HU0998809,1
2022HU0998903,1
2022HU0998933,1
2022HU0998991,1
2022HU0999023,1
2022HU0999121,1
2022HU0999141,1
2022HU0999186,1
2022HU0999199,1
2022HU0999226,1
2022HU0999296,1
2022HU0999371,1
2022HU0999434,1
2022HU0999437,1
2022HU0999465,1
2022HU0999524,1
2022HU0999972,1
2022HU1000037,1
2022HU1000105,1
2022HU1000161,1
2022HU1000268,1
2022HU1000445,1
2022HU1000488,1
2022HU1000625,1
2022HU1000649,1
2022HU1000650,1
2022HU1000724,1
2022HU1000812,1
2022HU1000958,1
2022HU1001023,1
2022HU1001064,1
2022HU1001093,1
2022HU1001097,1
2022HU1001140,1
2022HU1001338,1
2022HU1001444,1
2022HU1001552,1
2022HU1001564,1
2022HU1001572,1
2022HU1001604,1
2022HU1001796,1
2022HU1001816,1
2022HU1001857,1
2022HU1001917,1
2022HU1001998,1
2022HU1002103,1
2022HU1002273,1
2022HU1002320,1
2022HU1002371,1
2022HU1002381,1
2022HU1002478,1
2022HU1002502,1
2022HU1002510,1
2022HU1002585,1
2022HU1002718,1
2022HU1002738,1
2022HU1002747,1
2022HU1002776,1
2022HU1002788,1
2022HU1002816,1
2022HU1002873,1
2022HU1002960,1
2022HU1003156,1
2022HU1003178,1
2022HU1003286,1
2022HU1003301,1
2022HU1003447,1
2022HU1003534,1
2022HU1003563,1
2022HU1003605,1
2022HU1003655,1
2022HU1003673,1
2022HU1003850,1
2022HU1004020,1
2022HU1004058,1
2022HU1004113,1
2022HU1004211,1
2022HU1004325,1
2022HU1004410,1
2022HU1004504,1
2022HU1004575,1
2022HU1004723,1
2022HU1004845,1
2022HU1004895,1
2022HU1004927,1
2022HU1005078,1
2022HU1005088,1
2022HU1005243,1
2022HU1005251,1
2022HU1005260,1
2022HU1005288,1
2022HU1005290,1
2022HU1005458,1
2022HU1005460,1
2022HU1005524,1
2022HU1005532,1
2022HU1005564,1
2022HU1005574,1
2022HU1005683,1
2022HU1005690,1
2022HU1005794,1
2022HU1005857,1
2022HU1005931,1
2022HU1005959,1
2022HU1006036,1
2022HU1006121,1
2022HU1006134,1
2022HU1006181,1
2022HU1006198,1
2022HU1006295,1
2022HU1006406,1
2022HU1006561,1
2022HU1006595,1
2022HU1006623,1
2022HU1006756,1
2022HU1006780,1
2022HU1006897,1
2022HU1006929,1
2022HU1007001,1
2022HU1007014,1
2022HU1007129,1
2022HU1007145,1
2022HU1007290,1
2022HU1007313,1
2022HU1007324,1
2022HU1007347,1
2022HU1007354,1
2022HU1007632,1
2022HU1007727,1
2022HU1007827,1
2022HU1007941,1
2022HU1007965,1
2022HU1008143,1
2022HU1008144,1
2022HU1008188,1
2022HU1008198,1
2022HU1008207,1
2022HU1008250,1
2022HU1008382,1
2022HU1008388,1
2022HU1008394,1
2022HU1008457,1
2022HU1008580,1
2022HU1008612,1
2022HU1008655,1
2022HU1008722,1
2022HU1008772,1
2022HU1008823,1
2022HU1008855,1
2022HU1008937,1
2022HU1008982,1
2022HU1009013,1
2022HU1009027,1
2022HU1009113,1
2022HU1009132,1
2022HU1009149,1
2022HU1009210,1
2022HU1009214,1
2022HU1009217,1
2022HU1009233,1
2022HU1009246,1
2022HU1009350,1
2022HU1009529,1
2022HU1009565,1
2022HU1009632,1
2022HU1009647,1
2022HU1009653,1
2022HU1009758,1
2022HU1009784,1
2022HU1010052,1
2022HU1010058,1
2022HU1010171,1
2022HU1010198,1
2022HU1010203,1
2022HU1010312,1
2022HU1010353,1
2022HU1010388,1
2022HU1010474,1
2022HU1010487,1
2022HU1010503,1
2022HU1010517,1
2022HU1010627,1
2022HU1010878,1
2022HU1010935,1
2022HU1011077,1
2022HU1011364,1
2022HU1011446,1
2022HU1011571,1
2022HU1011579,1
2022HU1011640,1
2022HU1011861,1
2022HU1011869,1
2022HU1011943,1
2022HU1011983,1
2022HU1012015,1
2022HU1012027,1
2022HU1012086,1
2022HU1012089,1
2022HU1012124,1
2022HU1012211,1
2022HU1012346,1
2022HU1012352,1
2022HU1012415,1
2022HU1012624,1
2022HU1012651,1
2022HU1012695,1
2022HU1012700,1
2022HU1012732,1
2022HU1012840,1
2022HU1012850,1
2022HU1013047,1
2022HU1013198,1
2022HU1013218,1
2022HU1013316,1
2022HU1013578,1
2022HU1013735,1
2022HU1013776,1
2022HU1013852,1
2022HU1013886,1
2022HU1013954,1
2022HU1013969,1
2022HU1013996,1
2022HU1014057,1
2022HU1014120,1
2022HU1014150,1
2022HU1014251,1
2022HU1014304,1
2022HU1014430,1
2022HU1014532,1
2022HU1014602,1
2022HU1014617,1
2022HU1014705,1
2022HU1014800,1
2022HU1014837,1
2022HU1014899,1
2022HU1014954,1
2022HU1015018,1
2022HU1015071,1
2022HU1015124,1
2022HU1015187,1
2022HU1015233,1
2022HU1015373,1
2022HU1015490,1
2022HU1015496,1
2022HU1015512,1
2022HU1015603,1
2022HU1015621,1
2022HU1015622,1
2022HU1015641,1
2022HU1015773,1
2022HU1015792,1
2022HU1015926,1
2022HU1015974,1
2022HU1016028,1
2022HU1016146,1
2022HU1016283,1
2022HU1016335,1
2022HU1016363,1
2022HU1016379,1
2022HU1016478,1
2022HU1016485,1
2022HU1016519,1
2022HU1016601,1
2022HU1016744,1
2022HU1016757,1
2022HU1016791,1
2022HU1016808,1
2022HU1016836,1
2022HU1016846,1
2022HU1017053,1
2022HU1017183,1
2022HU1017275,1
2022HU1017289,1
2022HU1017296,1
2022HU1017365,1
2022HU1017508,1
2022HU1017618,1
2022HU1017751,1
2022HU1017755,1
2022HU1017781,1
2022HU1017796,1
2022HU1017891,1
2022HU1017931,1
2022HU1018232,1
2022HU1018242,1
2022HU1018255,1
2022HU1018273,1
2022HU1018322,1
2022HU1018429,1
2022HU1018432,1
2022HU1018660,1
2022HU1018803,1
2022HU1018845,1
2022HU1018997,1
2022HU1019001,1
2022HU1019083,1
2022HU1019198,1
2022HU1019271,1
2022HU1019350,1
2022HU1019491,1
2022HU1019552,1
2022HU1019566,1
2022HU1019630,1
2022HU1019713,1
2022HU1019874,1
2022HU1019979,1
2022HU1020106,1
2022HU1020116,1
2022HU1020165,1
2022HU1020284,1
2022HU1020403,1
2022HU1020522,1
2022HU1020558,1
2022HU1020695,1
2022HU1020944,1
2022HU1020997,1
2022HU1021185,1
2022HU1021190,1
2022HU1021739,1
2022HU1021770,1
2022HU1021858,1
2022HU1021926,1
2022HU1021956,1
2022HU1022033,1
2022HU1022050,1
2022HU1022091,1
2022HU1022203,1
2022HU1022257,1
2022HU1022325,1
2022HU1022343,1
2022HU1022386,1
2022HU1022401,1
2022HU1022515,1
2022HU1022520,1
2022HU1022733,1
2022HU1022794,1
2022HU1022871,1
2022HU1022875,1
2022HU1022889,1
2022HU1023104,1
2022HU1023120,1
2022HU1023146,1
2022HU1023188,1
2022HU1023288,1
2022HU1023324,1
2022HU1023362,1
2022HU1023378,1
2022HU1023383,1
2022HU1023477,1
2022HU1023550,1
2022HU1023696,1
2022HU1023748,1
2022HU1023761,1
2022HU1023811,1
2022HU1023881,1
2022HU1023947,1
2022HU1023954,1
2022HU1023957,1
2022HU1024155,1
2022HU1024197,1
2022HU1024199,1
2022HU1024291,1
2022HU1024360,1
2022HU1024437,1
2022HU1024466,1
2022HU1024566,1
2022HU1024586,1
2022HU1024634,1
2022HU1024706,1
2022HU1024724,1
2022HU1024760,1
2022HU1024766,1
2022HU1024780,1
2022HU1024802,1
2022HU1024804,1
2022HU1024828,1
2022HU1024860,1
2022HU1024949,1
2022HU1025056,1
2022HU1025290,1
2022HU1025336,1
2022HU1025435,1
2022HU1025453,1
2022HU1025488,1
2022HU1025552,1
2022HU1025673,1
2022HU1025721,1
2022HU1025734,1
2022HU1025832,1
2022HU1025975,1
2022HU1026076,1
2022HU1026091,1
2022HU1026184,1
2022HU1026294,1
2022HU1026408,1
2022HU1026533,1
2022HU1026598,1
2022HU1026627,1
2022HU1026750,1
2022HU1026785,1
2022HU1026805,1
2022HU1026819,1
2022HU1027056,1
2022HU1027086,1
2022HU1027103,1
2022HU1027121,1
2022HU1027198,1
2022HU1027349,1
2022HU1027370,1
2022HU1027442,1
2022HU1027551,1
2022HU1027562,1
2022HU1027601,1
2022HU1027612,1
2022HU1027656,1
2022HU1027690,1
2022HU1027701,1
2022HU1027715,1
2022HU1027868,1
2022HU1027876,1
2022HU1027881,1
2022HU1028048,1
2022HU1028073,1
2022HU1028081,1
2022HU1028180,1
2022HU1028269,1
2022HU1028297,1
2022HU1028489,1
2022HU1028662,1
2022HU1028759,1
2022HU1028802,1
2022HU1028842,1
2022HU1028849,1
2022HU1028944,1
2022HU1028990,1
2022HU1028997,1
2022HU1029133,1
2022HU1029189,1
2022HU1029244,1
2022HU1029273,1
2022HU1029354,1
2022HU1029376,1
2022HU1029411,1
2022HU1029534,1
2022HU1029646,1
2022HU1029878,1
2022HU1029909,1
2022HU1030014,1
2022HU1030068,1
2022HU1030084,1
2022HU1030154,1
2022HU1030164,1
2022HU1030178,1
2022HU1030192,1
2022HU1030318,1
2022HU1030342,1
2022HU1030367,1
2022HU1030423,1
2022HU1030458,1
2022HU1030493,1
2022HU1030565,1
2022HU1030633,1
2022HU1030923,1
2022HU1031062,1
2022HU1031102,1
2022HU1031104,1
2022HU1031140,1
2022HU1031177,1
2022HU1031187,1
2022HU1031280,1
2022HU1031494,1
2022HU1031558,1
2022HU1031562,1
2022HU1031711,1
2022HU1031762,1
2022HU1031831,1
2022HU1031874,1
2022HU1031890,1
2022HU1032003,1
2022HU1032021,1
2022HU1032213,1
2022HU1032246,1
2022HU1032617,1
2022HU1032695,1
2022HU1032751,1
2022HU1032753,1
2022HU1032811,1
2022HU1032863,1
2022HU1032876,1
2022HU1032996,1
2022HU1033061,1
2022HU1033087,1
2022HU1033100,1
2022HU1033146,1
2022HU1033208,1
2022HU1033244,1
2022HU1033252,1
2022HU1033257,1
2022HU1033277,1
2022HU1033438,1
2022HU1033454,1
2022HU1033565,1
2022HU1033566,1
2022HU1033591,1
2022HU1033619,1
2022HU1033833,1
2022HU1034096,1
2022HU1034109,1
2022HU1034115,1
2022HU1034123,1
2022HU1034154,1
2022HU1034203,1
2022HU1034239,1
2022HU1034385,1
2022HU1034453,1
2022HU1034570,1
2022HU1034701,1
2022HU1034708,1
2022HU1034872,1
2022HU1034893,1
2022HU1035009,1
2022HU1035071,1
2022HU1035119,1
2022HU1035155,1
2022HU1035253,1
2022HU1035259,1
2022HU1035260,1
2022HU1035300,1
2022HU1035387,1
2022HU1035414,1
2022HU1035441,1
2022HU1035532,1
2022HU1035640,1
2022HU1035688,1
2022HU1035843,1
2022HU1035898,1
2022HU1035901,1
2022HU1035947,1
2022HU1035971,1
2022HU1036130,1
2022HU1036243,1
2022HU1036296,1
2022HU1036321,1
2022HU1036423,1
2022HU1036510,1
2022HU1036531,1
2022HU1036546,1
2022HU1036721,1
2022HU1036728,1
2022HU1037002,1
2022HU1037299,1
2022HU1037394,1
2022HU1037409,1
2022HU1037445,1
2022HU1037519,1
2022HU1037536,1
2022HU1037607,1
2022HU1037608,1
2022HU1037657,1
2022HU1037763,1
2022HU1037870,1
2022HU1037964,1
2022HU1038056,1
2022HU1038211,1
2022HU1038392,1
2022HU1038399,1
2022HU1038400,1
2022HU1038547,1
2022HU1038554,1
2022HU1038669,1
2022HU1038760,1
2022HU1038774,1
2022HU1038968,1
2022HU1039041,1
2022HU1039094,1
2022HU1039109,1
2022HU1039224,1
2022HU1039324,1
2022HU1039365,1
2022HU1039521,1
2022HU1039546,1
2022HU1039613,1
2022HU1039686,1
2022HU1039724,1
2022HU1039727,1
2022HU1039892,1
2022HU1040050,1
2022HU1040158,1
2022HU1040190,1
2022HU1040191,1
2022HU1040265,1
2022HU1040454,1
2022HU1040586,1
2022HU1040710,1
2022HU1040789,1
2022HU1040858,1
2022HU1040892,1
2022HU1041030,1
2022HU1041064,1
2022HU1041104,1
2022HU1041146,1
2022HU1041203,1
2022HU1041215,1
2022HU1041234,1
2022HU1041247,1
2022HU1041359,1
2022HU1041423,1
2022HU1041585,1
2022HU1041602,1
2022HU1041658,1
2022HU1041721,1
2022HU1041725,1
2022HU1041775,1
2022HU1041928,1
2022HU1042087,1
2022HU1042190,1
2022HU1042242,1
2022HU1042248,1
2022HU1042261,1
2022HU1042330,1
2022HU1042359,1
2022HU1042481,1
2022HU1042543,1
2022HU1042590,1
2022HU1042657,1
2022HU1042797,1
2022HU1042799,1
2022HU1042985,1
2022HU1043061,1
2022HU1043162,1
2022HU1043180,1
2022HU1043189,1
2022HU1043207,1
2022HU1043328,1
2022HU1043332,1
2022HU1043361,1
2022HU1043374,1
2022HU1043496,1
2022HU1043551,1
2022HU1043560,1
2022HU1043668,1
2022HU1043728,1
2022HU1043872,1
2022HU1044028,1
2022HU1044141,1
2022HU1044202,1
2022HU1044251,1
2022HU1044271,1
2022HU1044278,1
2022HU1044440,1
2022HU1044482,1
2022HU1044499,1
2022HU1044570,1
2022HU1044641,1
2022HU1044663,1
2022HU1044675,1
2022HU1044686,1
2022HU1044713,1
2022HU1044733,1
2022HU1044819,1
2022HU1044966,1
2022HU1045079,1
2022HU1045149,1
2022HU1045163,1
2022HU1045167,1
2022HU1045170,1
2022HU1045186,1
2022HU1045200,1
2022HU1045309,1
2022HU1045347,1
2022HU1045453,1
2022HU1045456,1
2022HU1045482,1
2022HU1045559,1
2022HU1045585,1
2022HU1045650,1
2022HU1045761,1
2022HU1045839,1
2022HU1045876,1
2022HU1045925,1
2022HU1045965,1
2022HU1046061,1
2022HU1046062,1
2022HU1046095,1
2022HU1046157,1
2022HU1046410,1
2022HU1046444,1
2022HU1046451,1
2022HU1046490,1
2022HU1046588,1
2022HU1046607,1
2022HU1046608,1
2022HU1046672,1
2022HU1046757,1
2022HU1046814,1
2022HU1046932,1
2022HU1046955,1
2022HU1046973,1
2022HU1046987,1
2022HU1047076,1
2022HU1047093,1
2022HU1047134,1
2022HU1047302,1
2022HU1047341,1
2022HU1047418,1
2022HU1047489,1
2022HU1047696,1
2022HU1047760,1
2022HU1047788,1
2022HU1047791,1
2022HU1047883,1
2022HU1047897,1
2022HU1047903,1
2022HU1048033,1
2022HU1048114,1
2022HU1048116,1
2022HU1048135,1
2022HU1048236,1
2022HU1048452,1
2022HU1048605,1
2022HU1048608,1
2022HU1048618,1
2022HU1048653,1
2022HU1048750,1
2022HU1048801,1
2022HU1048818,1
2022HU1049028,1
2022HU1049106,1
2022HU1049161,1
2022HU1049270,1
2022HU1049285,1
2022HU1049375,1
2022HU1049394,1
2022HU1049399,1
2022HU1049496,1
2022HU1049553,1
2022HU1049557,1
2022HU1049693,1
2022HU1049755,1
2022HU1049776,1
2022HU1049840,1
2022HU1049909,1
2022HU1049942,1
2022HU1050094,1
2022HU1050159,1
2022HU1050282,1
2022HU1050350,1
2022HU1050439,1
2022HU1050468,1
2022HU1050520,1
2022HU1050530,1
2022HU1050646,1
2022HU1050721,1
2022HU1050826,1
2022HU1050865,1
2022HU1050894,1
2022HU1050940,1
2022HU1051013,1
2022HU1051096,1
2022HU1051135,1
2022HU1051147,1
2022HU1051407,1
2022HU1051489,1
2022HU1051505,1
2022HU1051510,1
2022HU1051596,1
2022HU1051714,1
2022HU1051808,1
2022HU1051843,1
2022HU1052155,1
2022HU1052177,1
2022HU1052209,1
2022HU1052405,1
2022HU1052472,1
2022HU1052626,1
2022HU1052746,1
2022HU1052839,1
2022HU1052872,1
2022HU1052907,1
2022HU1053064,1
2022HU1053152,1
2022HU1053185,1
2022HU1053189,1
2022HU1053276,1
2022HU1053306,1
2022HU1053440,1
2022HU1053478,1
2022HU1053537,1
2022HU1053551,1
2022HU1053668,1
2022HU1053705,1
2022HU1053738,1
2022HU1053739,1
2022HU1053741,1
2022HU1053757,1
2022HU1053846,1
2022HU1053861,1
2022HU1053969,1
2022HU1054051,1
2022HU1054120,1
2022HU1054161,1
2022HU1054177,1
2022HU1054186,1
2022HU1054266,1
2022HU1054282,1
2022HU1054339,1
2022HU1054450,1
2022HU1054462,1
2022HU1054557,1
2022HU1054673,1
2022HU1054707,1
2022HU1054757,1
2022HU1054808,1
2022HU1054866,1
2022HU1054949,1
2022HU1054992,1
2022HU1055007,1
2022HU1055066,1
2022HU1055120,1
2022HU1055280,1
2022HU1055309,1
2022HU1055371,1
2022HU1055388,1
2022HU1055604,1
2022HU1055795,1
2022HU1055933,1
2022HU1055952,1
2022HU1055977,1
2022HU1056020,1
2022HU1056238,1
2022HU1056343,1
2022HU1056472,1
2022HU1056512,1
2022HU1056613,1
2022HU1056615,1
2022HU1056689,1
2022HU1056711,1
2022HU1056761,1
2022HU1056799,1
2022HU1056804,1
2022HU1056833,1
2022HU1056937,1
2022HU1057053,1
2022HU1057081,1
2022HU1057197,1
2022HU1057289,1
2022HU1057425,1
2022HU1057435,1
2022HU1057765,1
2022HU1057817,1
2022HU1057828,1
2022HU1057864,1
2022HU1057941,1
2022HU1057952,1
2022HU1058045,1
2022HU1058062,1
2022HU1058132,1
2022HU1058256,1
2022HU1058373,1
2022HU1058434,1
2022HU1058457,1
2022HU1058458,1
2022HU1058500,1
2022HU1058505,1
2022HU1058708,1
2022HU1058881,1
2022HU1058927,1
2022HU1058995,1
2022HU1059352,1
2022HU1059449,1
2022HU1059523,1
2022HU1059596,1
2022HU1059604,1
2022HU1059631,1
2022HU1059672,1
2022HU1059684,1
2022HU1059746,1
2022HU1059756,1
2022HU1059757,1
2022HU1059801,1
2022HU1059852,1
2022HU1059900,1
2022HU1059987,1
2022HU1060017,1
2022HU1060068,1
2022HU1060072,1
2022HU1060096,1
2022HU1060113,1
2022HU1060230,1
2022HU1060282,1
2022HU1060334,1
2022HU1060409,1
2022HU1060669,1
2022HU1060682,1
2022HU1060821,1
2022HU1060926,1
2022HU1061187,1
2022HU1061209,1
2022HU1061241,1
2022HU1061280,1
2022HU1061400,1
2022HU1061443,1
2022HU1061590,1
2022HU1061683,1
2022HU1061825,1
2022HU1061884,1
2022HU1061912,1
2022HU1062020,1
2022HU1062086,1
2022HU1062138,1
2022HU1062276,1
2022HU1062312,1
2022HU1062333,1
2022HU1062363,1
2022HU1062471,1
2022HU1062499,1
2022HU1063027,1
2022HU1063094,1
2022HU1063139,1
2022HU1063217,1
2022HU1063454,1
2022HU1063469,1
2022HU1063505,1
2022HU1063547,1
2022HU1063603,1
2022HU1063873,1
2022HU1063930,1
2022HU1063966,1
2022HU1064028,1
2022HU1064068,1
2022HU1064179,1
2022HU1064202,1
2022HU1064283,1
2022HU1064346,1
2022HU1064453,1
2022HU1064524,1
2022HU1064534,1
2022HU1064566,1
2022HU1064767,1
2022HU1065122,1
2022HU1065177,1
2022HU1065234,1
2022HU1065334,1
2022HU1065424,1
2022HU1065431,1
2022HU1065458,1
2022HU1065535,1
2022HU1065652,1
2022HU1065688,1
2022HU1065797,1
2022HU1065984,1
2022HU1066056,1
2022HU1066166,1
2022HU1066226,1
2022HU1066260,1
2022HU1066366,1
2022HU1066376,1
2022HU1066409,1
2022HU1066441,1
2022HU1066509,1
2022HU1066517,1
2022HU1066626,1
2022HU1066722,1
2022HU1066749,1
2022HU1066845,1
2022HU1066917,1
2022HU1067005,1
2022HU1067015,1
2022HU1067035,1
2022HU1067233,1
2022HU1067591,1
2022HU1067759,1
2022HU1067931,1
2022HU1067998,1
2022HU1068011,1
2022HU1068041,1
2022HU1068049,1
2022HU1068343,1
2022HU1068376,1
2022HU1068410,1
2022HU1068424,1
2022HU1068494,1
2022HU1068558,1
2022HU1068563,1
2022HU1068834,1
2022HU1069000,1
2022HU1069040,1
2022HU1069080,1
2022HU1069091,1
2022HU1069144,1
2022HU1069200,1
2022HU1069207,1
2022HU1069327,1
2022HU1069398,1
2022HU1069483,1
2022HU1069615,1
2022HU1069702,1
2022HU1069712,1
2022HU1069720,1
2022HU1069834,1
2022HU1069878,1
2022HU1069902,1
2022HU1070109,1
2022HU1070225,1
2022HU1070279,1
2022HU1070454,1
2022HU1070466,1
2022HU1070497,1
2022HU1070619,1
2022HU1070643,1
2022HU1070829,1
2022HU1070941,1
2022HU1070948,1
2022HU1070955,1
2022HU1071008,1
2022HU1071352,1
2022HU1071470,1
2022HU1071479,1
2022HU1071573,1
2022HU1071583,1
2022HU1071597,1
2022HU1071637,1
2022HU1071666,1
2022HU1071782,1
2022HU1071826,1
2022HU1071853,1
2022HU1072045,1
2022HU1072192,1
2022HU1072206,1
2022HU1072284,1
2022HU1072292,1
2022HU1072303,1
2022HU1072382,1
2022HU1072399,1
2022HU1072404,1
2022HU1072429,1
2022HU1072441,1
2022HU1072458,1
2022HU1072482,1
2022HU1072487,1
2022HU1072489,1
2022HU1072504,1
2022HU1072542,1
2022HU1072672,1
2022HU1072812,1
2022HU1072979,1
2022HU1073030,1
2022HU1073034,1
2022HU1073113,1
2022HU1073114,1
2022HU1073144,1
2022HU1073209,1
2022HU1073305,1
2022HU1073341,1
2022HU1073363,1
2022HU1073519,1
2022HU1073557,1
2022HU1073570,1
2022HU1073707,1
2022HU1073738,1
2022HU1073829,1
2022HU1073848,1
2022HU1073968,1
2022HU1073985,1
2022HU1074024,1
2022HU1074027,1
2022HU1074065,1
2022HU1074132,1
2022HU1074189,1
2022HU1074447,1
2022HU1074591,1
2022HU1074631,1
2022HU1074707,1
2022HU1074774,1
2022HU1074840,1
2022HU1074872,1
2022HU1074885,1
2022HU1075047,1
2022HU1075103,1
2022HU1075148,1
2022HU1075211,1
2022HU1075269,1
2022HU1075405,1
2022HU1075449,1
2022HU1075559,1
2022HU1075660,1
2022HU1075731,1
2022HU1075749,1
2022HU1075769,1
2022HU1075897,1
2022HU1076143,1
2022HU1076185,1
2022HU1076271,1
2022HU1076291,1
2022HU1076332,1
2022HU1076338,1
2022HU1076489,1
2022HU1076516,1
2022HU1076612,1
2022HU1076649,1
2022HU1076656,1
2022HU1076704,1
2022HU1076707,1
2022HU1076730,1
2022HU1076765,1
2022HU1076820,1
2022HU1076856,1
2022HU1076990,1
2022HU1077026,1
2022HU1077055,1
2022HU1077078,1
2022HU1077095,1
2022HU1077111,1
2022HU1077132,1
2022HU1077148,1
2022HU1077243,1
2022HU1077380,1
2022HU1077426,1
2022HU1077526,1
2022HU1077614,1
2022HU1077684,1
2022HU1077689,1
2022HU1077753,1
2022HU1077831,1
2022HU1077833,1
2022HU1077867,1
2022HU1077945,1
2022HU1078041,1
2022HU1078073,1
2022HU1078101,1
2022HU1078144,1
2022HU1078172,1
2022HU1078304,1
2022HU1078395,1
2022HU1078567,1
2022HU1078725,1
2022HU1078751,1
2022HU1078753,1
2022HU1078780,1
2022HU1078801,1
2022HU1078880,1
2022HU1079044,1
2022HU1079074,1
2022HU1079080,1
2022HU1079259,1
2022HU1079292,1
2022HU1079394,1
2022HU1079430,1
2022HU1079502,1
2022HU1079517,1
2022HU1079544,1
2022HU1079687,1
2022HU1079719,1
2022HU1079781,1
2022HU1079797,1
2022HU1079817,1
2022HU1079819,1
2022HU1079830,1
2022HU1079999,1
2022HU1080002,1
2022HU1080052,1
2022HU1080118,1
2022HU1080301,1
2022HU1080345,1
2022HU1080403,1
2022HU1080501,1
2022HU1080578,1
2022HU1080662,1
2022HU1080775,1
2022HU1080783,1
2022HU1080850,1
2022HU1080904,1
2022HU1080916,1
2022HU1080966,1
2022HU1081006,1
2022HU1081048,1
2022HU1081237,1
2022HU1081241,1
2022HU1081322,1
2022HU1081489,1
2022HU1081506,1
2022HU1081741,1
2022HU1081744,1
2022HU1081753,1
2022HU1081857,1
2022HU1081885,1
2022HU1081927,1
2022HU1082148,1
2022HU1082276,1
2022HU1082316,1
2022HU1082377,1
2022HU1082427,1
2022HU1082575,1
2022HU1082596,1
2022HU1082686,1
2022HU1082711,1
2022HU1082723,1
2022HU1082800,1
2022HU1083005,1
2022HU1083025,1
2022HU1083105,1
2022HU1083201,1
2022HU1083302,1
2022HU1083318,1
2022HU1083439,1
2022HU1083445,1
2022HU1083497,1
2022HU1083533,1
2022HU1083559,1
2022HU1083674,1
2022HU1083684,1
2022HU1083699,1
2022HU1083788,1
2022HU1083852,1
2022HU1083932,1
2022HU1083967,1
2022HU1084079,1
2022HU1084138,1
2022HU1084163,1
2022HU1084323,1
2022HU1084482,1
2022HU1084498,1
2022HU1084532,1
2022HU1084602,1
2022HU1084607,1
2022HU1084631,1
2022HU1084637,1
2022HU1084698,1
2022HU1084702,1
2022HU1084764,1
2022HU1084784,1
2022HU1084824,1
2022HU1084861,1
2022HU1084882,1
2022HU1084918,1
2022HU1084923,1
2022HU1084956,1
2022HU1085047,1
2022HU1085175,1
2022HU1085184,1
2022HU1085255,1
2022HU1085274,1
2022HU1085452,1
2022HU1085471,1
2022HU1085480,1
2022HU1085602,1
2022HU1085612,1
2022HU1086151,1
2022HU1086156,1
2022HU1086203,1
2022HU1086215,1
2022HU1086374,1
2022HU1086439,1
2022HU1086573,1
2022HU1086585,1
2022HU1086621,1
2022HU1086637,1
2022HU1086656,1
2022HU1086795,1
2022HU1086871,1
2022HU1086911,1
2022HU1087072,1
2022HU1087096,1
2022HU1087231,1
2022HU1087232,1
2022HU1087308,1
2022HU1087328,1
2022HU1087343,1
2022HU1087457,1
2022HU1087502,1
2022HU1087510,1
2022HU1087546,1
2022HU1087594,1
2022HU1087653,1
2022HU1087668,1
2022HU1087681,1
2022HU1087684,1
2022HU1087685,1
2022HU1087689,1
2022HU1087760,1
2022HU1087801,1
2022HU1087842,1
2022HU1087852,1
2022HU1087889,1
2022HU1087895,1
2022HU1087905,1
2022HU1088080,1
2022HU1088207,1
2022HU1088329,1
2022HU1088356,1
2022HU1088521,1
2022HU1088620,1
2022HU1088645,1
2022HU1088740,1
2022HU1088748,1
2022HU1088777,1
2022HU1088907,1
2022HU1088914,1
2022HU1088943,1
2022HU1088980,1
2022HU1089014,1
2022HU1089050,1
2022HU1089063,1
2022HU1089090,1
2022HU1089184,1
2022HU1089196,1
2022HU1089200,1
2022HU1089225,1
2022HU1089309,1
2022HU1089324,1
2022HU1089392,1
2022HU1089410,1
2022HU1089502,1
2022HU1089539,1
2022HU1089589,1
2022HU1089630,1
2022HU1089850,1
2022HU1089869,1
2022HU1089882,1
2022HU1089897,1
2022HU1089947,1
2022HU1090148,1
2022HU1090328,1
2022HU1090461,1
2022HU1090498,1
2022HU1090527,1
2022HU1090753,1
2022HU1090826,1
2022HU1091035,1
2022HU1091083,1
2022HU1091115,1
2022HU1091121,1
2022HU1091172,1
2022HU1091185,1
2022HU1091206,1
2022HU1091231,1
2022HU1091325,1
2022HU1091391,1
2022HU1091406,1
2022HU1091496,1
2022HU1091604,1
2022HU1091756,1
2022HU1091856,1
2022HU1091864,1
2022HU1092021,1
2022HU1092095,1
2022HU1092108,1
2022HU1092126,1
2022HU1092154,1
2022HU1092300,1
2022HU1092305,1
2022HU1092403,1
2022HU1092486,1
2022HU1092558,1
2022HU1092565,1
2022HU1092699,1
2022HU1093003,1
2022HU1093026,1
2022HU1093140,1
2022HU1093329,1
2022HU1093343,1
2022HU1093543,1
2022HU1093598,1
2022HU1093636,1
2022HU1093717,1
2022HU1093830,1
2022HU1093922,1
2022HU1094040,1
2022HU1094096,1
2022HU1094213,1
2022HU1094291,1
2022HU1094302,1
2022HU1094552,1
2022HU1094616,1
2022HU1094636,1
2022HU1094807,1
2022HU1094855,1
2022HU1094886,1
2022HU1094910,1
2022HU1094914,1
2022HU1094937,1
2022HU1094953,1
2022HU1094999,1
2022HU1095087,1
2022HU1095091,1
2022HU1095117,1
2022HU1095193,1
2022HU1095209,1
2022HU1095236,1
2022HU1095366,1
2022HU1095383,1
2022HU1095387,1
2022HU1095463,1
2022HU1095472,1
2022HU1095568,1
2022HU1095613,1
2022HU1095794,1
2022HU1095862,1
2022HU1095914,1
2022HU1095979,1
2022HU1095995,1
2022HU1096002,1
2022HU1096040,1
2022HU1096052,1
2022HU1096081,1
2022HU1096115,1
2022HU1096148,1
2022HU1096257,1
2022HU1096317,1
2022HU1096550,1
2022HU1096697,1
2022HU1096749,1
2022HU1096832,1
2022HU1097031,1
2022HU1097277,1
2022HU1097359,1
2022HU1097428,1
2022HU1097486,1
2022HU1097619,1
2022HU1097736,1
2022HU1097815,1
2022HU1097816,1
2022HU1097898,1
2022HU1097988,1
2022HU1098097,1
2022HU1098162,1
2022HU1098361,1
2022HU1098376,1
2022HU1098382,1
2022HU1098470,1
2022HU1098501,1
2022HU1098540,1
2022HU1098914,1
2022HU1098999,1
2022HU1099340,1
2022HU1099464,1
2022HU1099518,1
2022HU1099541,1
2022HU1099621,1
2022HU1099636,1
2022HU1099739,1
2022HU1099867,1
2022HU1099932,1
2022HU1099936,1
2022HU1100042,1
2022HU1100236,1
2022HU1100334,1
2022HU1100402,1
2022HU1100472,1
2022HU1100499,1
2022HU1100633,1
2022HU1100754,1
2022HU1100778,1
2022HU1100801,1
2022HU1100867,1
2022HU1101066,1
2022HU1101105,1
2022HU1101201,1
2022HU1101214,1
2022HU1101379,1
2022HU1101502,1
2022HU1101771,1
2022HU1101780,1
2022HU1101875,1
2022HU1101914,1
2022HU1102042,1
2022HU1102236,1
2022HU1102293,1
2022HU1102317,1
2022HU1102424,1
2022HU1102444,1
2022HU1102461,1
2022HU1102605,1
2022HU1102614,1
2022HU1102795,1
2022HU1102867,1
2022HU1102910,1
2022HU1103051,1
2022HU1103073,1
2022HU1103155,1
2022HU1103195,1
2022HU1103199,1
2022HU1103209,1
2022HU1103259,1
2022HU1103274,1
2022HU1103489,1
2022HU1103520,1
2022HU1103940,1
2022HU1103942,1
2022HU1104085,1
2022HU1104235,1
2022HU1104273,1
2022HU1104409,1
2022HU1104422,1
2022HU1104495,1
2022HU1104504,1
2022HU1104576,1
2022HU1104660,1
2022HU1104686,1
2022HU1104702,1
2022HU1104789,1
2022HU1104791,1
2022HU1104834,1
2022HU1104851,1
2022HU1104984,1
2022HU1105081,1
2022HU1105154,1
2022HU1105260,1
2022HU1105275,1
2022HU1105276,1
2022HU1105340,1
2022HU1105955,1
2022HU1106067,1
2022HU1106286,1
2022HU1106304,1
2022HU1106454,1
2022HU1106544,1
2022HU1106601,1
2022HU1106793,1
2022HU1106891,1
2022HU1106955,1
2022HU1106967,1
2022HU1107068,1
2022HU1107074,1
2022HU1107276,1
2022HU1107348,1
2022HU1107408,1
2022HU1107455,1
2022HU1107460,1
2022HU1107580,1
2022HU1107582,1
2022HU1107987,1
2022HU1108010,1
2022HU1108045,1
2022HU1108298,1
2022HU1108503,1
2022HU1108687,1
2022HU1108797,1
2022HU1108825,1
2022HU1108876,1
2022HU1108953,1
2022HU1109092,1
2022HU1109111,1
2022HU1109334,1
2022HU1109351,1
2022HU1109357,1
2022HU1109365,1
2022HU1109432,1
2022HU1109534,1
2022HU1109597,1
2022HU1109652,1
2022HU1109701,1
2022HU1109717,1
2022HU1109752,1
2022HU1109986,1
2022HU1110170,1
2022HU1110268,1
2022HU1110362,1
2022HU1110392,1
2022HU1110542,1
2022HU1110601,1
2022HU1110654,1
2022HU1110719,1
2022HU1110787,1
2022HU1110793,1
2022HU1111139,1
2022HU1111284,1
2022HU1111344,1
2022HU1111363,1
2022HU1111442,1
2022HU1111507,1
2022HU1111514,1
2022HU1111529,1
2022HU1111535,1
2022HU1111783,1
2022HU1111827,1
2022HU1111851,1
2022HU1111891,1
2022HU1112097,1
2022HU1112396,1
2022HU1112437,1
2022HU1112759,1
2022HU1112777,1
2022HU1112823,1
2022HU1113041,1
2022HU1113058,1
2022HU1113064,1
2022HU1113069,1
2022HU1113124,1
2022HU1113298,1
2022HU1113334,1
2022HU1113367,1
2022HU1113438,1
2022HU1113449,1
2022HU1113656,1
2022HU1113662,1
2022HU1113925,1
2022HU1113969,1
2022HU1113987,1
2022HU1114034,1
2022HU1114068,1
2022HU1114171,1
2022HU1114172,1
2022HU1114303,1
2022HU1114341,1
2022HU1114434,1
2022HU1114530,1
2022HU1114577,1
2022HU1114914,1
2022HU1114920,1
2022HU1114937,1
2022HU1114986,1
2022HU1115036,1
2022HU1115226,1
2022HU1115236,1
2022HU1115258,1
2022HU1115337,1
2022HU1115350,1
2022HU1115381,1
2022HU1115430,1
2022HU1115528,1
2022HU1115550,1
2022HU1115659,1
2022HU1115683,1
2022HU1115709,1
2022HU1115724,1
2022HU1115778,1
2022HU1116045,1
2022HU1116093,1
2022HU1116597,1
2022HU1116665,1
2022HU1116668,1
2022HU1116746,1
2022HU1117001,1
2022HU1117044,1
2022HU1117053,1
2022HU1117408,1
2022HU1117533,1
2022HU1117561,1
2022HU1117633,1
2022HU1117766,1
2022HU1117843,1
2022HU1117845,1
2022HU1117946,1
2022HU1118085,1
2022HU1118185,1
2022HU1118202,1
2022HU1118230,1
2022HU1118260,1
2022HU1118269,1
2022HU1118409,1
2022HU1118421,1
2022HU1118568,1
2022HU1118577,1
2022HU1118603,1
2022HU1118657,1
2022HU1118684,1
2022HU1118718,1
2022HU1118858,1
2022HU1118901,1
2022HU1118936,1
2022HU1118945,1
2022HU1119132,1
2022HU1119287,1
2022HU1119333,1
2022HU1119384,1
2022HU1119504,1
2022HU1119741,1
2022HU1119872,1
2022HU1119915,1
2022HU1119921,1
2022HU1119981,1
2022HU1120082,1
2022HU1120283,1
2022HU1120336,1
2022HU1120446,1
2022HU1120500,1
2022HU1120514,1
2022HU1120578,1
2022HU1120587,1
2022HU1120616,1
2022HU1120661,1
2022HU1120730,1
2022HU1120777,1
2022HU1120872,1
2022HU1120942,1
2022HU1120949,1
2022HU1120965,1
2022HU1120968,1
2022HU1121020,1
2022HU1121021,1
2022HU1121273,1
2022HU1121446,1
2022HU1121459,1
2022HU1121472,1
2022HU1121492,1
2022HU1121646,1
2022HU1121668,1
2022HU1121709,1
2022HU1121732,1
2022HU1121949,1
2022HU1121991,1
2022HU1122004,1
2022HU1122111,1
2022HU1122307,1
2022HU1122655,1
2022HU1122704,1
2022HU1122777,1
2022HU1122961,1
2022HU1123039,1
2022HU1123077,1
2022HU1123244,1
2022HU1123278,1
2022HU1123364,1
2022HU1123379,1
2022HU1123567,1
2022HU1123590,1
2022HU1123907,1
2022HU1123920,1
2022HU1124048,1
2022HU1124082,1
2022HU1124099,1
2022HU1124161,1
2022HU1124194,1
2022HU1124222,1
2022HU1124289,1
2022HU1124292,1
2022HU1124378,1
2022HU1124532,1
2022HU1124580,1
2022HU1124649,1
2022HU1124850,1
2022HU1124914,1
2022HU1124944,1
2022HU1124954,1
2022HU1125068,1
2022HU1125253,1
2022HU1125374,1
2022HU1125381,1
2022HU1125440,1
2022HU1125520,1
2022HU1125613,1
2022HU1125884,1
2022HU1125901,1
2022HU1125902,1
2022HU1125943,1
2022HU1125950,1
2022HU1126001,1
2022HU1126108,1
2022HU1126109,1
2022HU1126137,1
2022HU1126164,1
2022HU1126251,1
2022HU1126271,1
2022HU1126397,1
2022HU1126462,1
2022HU1126682,1
2022HU1126698,1
2022HU1126769,1
2022HU1126785,1
2022HU1126787,1
2022HU1126808,1
2022HU1126927,1
2022HU1126965,1
2022HU1126977,1
2022HU1127027,1
2022HU1127069,1
2022HU1127093,1
2022HU1127102,1
2022HU1127139,1
2022HU1127245,1
2022HU1127274,1
2022HU1127346,1
2022HU1127448,1
2022HU1127466,1
2022HU1127558,1
2022HU1127582,1
2022HU1127628,1
2022HU1127647,1
2022HU1127656,1
2022HU1127682,1
2022HU1127727,1
2022HU1127937,1
2022HU1127944,1
2022HU1128070,1
2022HU1128113,1
2022HU1128191,1
2022HU1128218,1
2022HU1128483,1
2022HU1128507,1
2022HU1128561,1
2022HU1128590,1
2022HU1128616,1
2022HU1128621,1
2022HU1128647,1
2022HU1128715,1
2022HU1128843,1
2022HU1129034,1
2022HU1129155,1
2022HU1129177,1
2022HU1129303,1
2022HU1129311,1
2022HU1129404,1
2022HU1129503,1
2022HU1129634,1
2022HU1129695,1
2022HU1129736,1
2022HU1129763,1
2022HU1129795,1
2022HU1129810,1
2022HU1129817,1
2022HU1129991,1
2022HU1130169,1
2022HU1130184,1
2022HU1130232,1
2022HU1130327,1
2022HU1130342,1
2022HU1130385,1
2022HU1130388,1
2022HU1130394,1
2022HU1130412,1
2022HU1130576,1
2022HU1130603,1
2022HU1130612,1
2022HU1130659,1
2022HU1130696,1
2022HU1130958,1
2022HU1130959,1
2022HU1131034,1
2022HU1131117,1
2022HU1131144,1
2022HU1131208,1
2022HU1131216,1
2022HU1131270,1
2022HU1131394,1
2022HU1131400,1
2022HU1131578,1
2022HU1131624,1
2022HU1131626,1
2022HU1131759,1
2022HU1131809,1
2022HU1131818,1
2022HU1131850,1
2022HU1131903,1
2022HU1131911,1
2022HU1132092,1
2022HU1132117,1
2022HU1132161,1
2022HU1132173,1
2022HU1132182,1
2022HU1132404,1
2022HU1132421,1
2022HU1132439,1
2022HU1132647,1
2022HU1132697,1
2022HU1132718,1
2022HU1132743,1
2022HU1132822,1
2022HU1132993,1
2022HU1133045,1
2022HU1133091,1
2022HU1133133,1
2022HU1133134,1
2022HU1133264,1
2022HU1133389,1
2022HU1133441,1
2022HU1133470,1
2022HU1133485,1
2022HU1133544,1
2022HU1133566,1
2022HU1133675,1
2022HU1133753,1
2022HU1133755,1
2022HU1133761,1
2022HU1133813,1
2022HU1133876,1
2022HU1134065,1
2022HU1134170,1
2022HU1134365,1
2022HU1134394,1
2022HU1134421,1
2022HU1134487,1
2022HU1134514,1
2022HU1134611,1
2022HU1134635,1
2022HU1134679,1
2022HU1134925,1
2022HU1134927,1
2022HU1134928,1
2022HU1134982,1
2022HU1135109,1
2022HU1135243,1
2022HU1135373,1
2022HU1135395,1
2022HU1135422,1
2022HU1135441,1
2022HU1135459,1
2022HU1135501,1
2022HU1135519,1
2022HU1135598,1
2022HU1135627,1
2022HU1135644,1
2022HU1135687,1
2022HU1135802,1
2022HU1136004,1
2022HU1136129,1
2022HU1136162,1
2022HU1136333,1
2022HU1136536,1
2022HU1136562,1
2022HU1136603,1
2022HU1136620,1
2022HU1136640,1
2022HU1136704,1
2022HU1136956,1
2022HU1137007,1
2022HU1137133,1
2022HU1137144,1
2022HU1137162,1
2022HU1137482,1
2022HU1137542,1
2022HU1137628,1
2022HU1137666,1
2022HU1137694,1
2022HU1137719,1
2022HU1137739,1
2022HU1137806,1
2022HU1137905,1
2022HU1138002,1
2022HU1138040,1
2022HU1138044,1
2022HU1138175,1
2022HU1138201,1
2022HU1138207,1
2022HU1138289,1
2022HU1138677,1
2022HU1138741,1
2022HU1138847,1
2022HU1138866,1
2022HU1138907,1
2022HU1138983,1
2022HU1139075,1
2022HU1139166,1
2022HU1139210,1
2022HU1139318,1
2022HU1139348,1
2022HU1139642,1
2022HU1139955,1
2022HU1139973,1
2022HU1139975,1
2022HU1140004,1
2022HU1140019,1
2022HU1140061,1
2022HU1140102,1
2022HU1140133,1
2022HU1140146,1
2022HU1140169,1
2022HU1140273,1
2022HU1140405,1
2022HU1140684,1
2022HU1140720,1
2022HU1141339,1
2022HU1141483,1
2022HU1141552,1
2022HU1141557,1
2022HU1141571,1
2022HU1141675,1
2022HU1141727,1
2022HU1141799,1
2022HU1141884,1
2022HU1142000,1
2022HU1142021,1
2022HU1142056,1
2022HU1142089,1
2022HU1142096,1
2022HU1142150,1
2022HU1142266,1
2022HU1142271,1
2022HU1142352,1
2022HU1142408,1
2022HU1142604,1
2022HU1142785,1
2022HU1142802,1
2022HU1142823,1
2022HU1142871,1
2022HU1142906,1
2022HU1142991,1
2022HU1143022,1
2022HU1143041,1
2022HU1143077,1
2022HU1143106,1
2022HU1143200,1
2022HU1143212,1
2022HU1143278,1
2022HU1143297,1
2022HU1143343,1
2022HU1143428,1
2022HU1143466,1
2022HU1143563,1
2022HU1143611,1
2022HU1143667,1
2022HU1143805,1
2022HU1143830,1
2022HU1143860,1
2022HU1143937,1
2022HU1143962,1
2022HU1143975,1
2022HU1143982,1
2022HU1144113,1
2022HU1144209,1
2022HU1144280,1
2022HU1144445,1
2022HU1144573,1
2022HU1144594,1
2022HU1144616,1
2022HU1144640,1
2022HU1144642,1
2022HU1144687,1
2022HU1144720,1
2022HU1144842,1
2022HU1144988,1
2022HU1145061,1
2022HU1145077,1
2022HU1145143,1
2022HU1145193,1
2022HU1145418,1
2022HU1145480,1
2022HU1145490,1
2022HU1145526,1
2022HU1145683,1
2022HU1145866,1
2022HU1145922,1
2022HU1145975,1
2022HU1145998,1
2022HU1146002,1
2022HU1146150,1
2022HU1146159,1
2022HU1146298,1
2022HU1146324,1
2022HU1146344,1
2022HU1146345,1
2022HU1146349,1
2022HU1146426,1
2022HU1146474,1
2022HU1146513,1
2022HU1146588,1
2022HU1146681,1
2022HU1146730,1
2022HU1146812,1
2022HU1146846,1
2022HU1146862,1
2022HU1146920,1
2022HU1147019,1
2022HU1147070,1
2022HU1147080,1
2022HU1147095,1
2022HU1147135,1
2022HU1147145,1
2022HU1147196,1
2022HU1147337,1
2022HU1147344,1
2022HU1147386,1
2022HU1147483,1
2022HU1147537,1
2022HU1147667,1
2022HU1147834,1
2022HU1147889,1
2022HU1147913,1
2022HU1147937,1
2022HU1147989,1
2022HU1148059,1
2022HU1148091,1
2022HU1148127,1
2022HU1148189,1
2022HU1148283,1
2022HU1148409,1
2022HU1148415,1
2022HU1148578,1
2022HU1148788,1
2022HU1148926,1
2022HU1149080,1
2022HU1149082,1
2022HU1149085,1
2022HU1149324,1
2022HU1149395,1
2022HU1149508,1
2022HU1149548,1
2022HU1149649,1
2022HU1149724,1
2022HU1149757,1
2022HU1149822,1
2022HU1149850,1
2022HU1149885,1
2022HU1149913,1
2022HU1149944,1
2022HU1150069,1
2022HU1150205,1
2022HU1150359,1
2022HU1150361,1
2022HU1150428,1
2022HU1150511,1
2022HU1150602,1
2022HU1150652,1
2022HU1150669,1
2022HU1150678,1
2022HU1150717,1
2022HU1150907,1
2022HU1150999,1
2022HU1151387,1
2022HU1151455,1
2022HU1151517,1
2022HU1151539,1
2022HU1151580,1
2022HU1151682,1
2022HU1151710,1
2022HU1151722,1
2022HU1151805,1
2022HU1151828,1
2022HU1151847,1
2022HU1151901,1
2022HU1152084,1
2022HU1152133,1
2022HU1152285,1
2022HU1152332,1
2022HU1152555,1
2022HU1152685,1
2022HU1152830,1
2022HU1152838,1
2022HU1152848,1
2022HU1152877,1
2022HU1152974,1
2022HU1153350,1
2022HU1153365,1
2022HU1153403,1
2022HU1153420,1
2022HU1153431,1
2022HU1153511,1
2022HU1153558,1
2022HU1153560,1
2022HU1153572,1
2022HU1153584,1
2022HU1153620,1
2022HU1153635,1
2022HU1153691,1
2022HU1153730,1
2022HU1153732,1
2022HU1154044,1
2022HU1154095,1
2022HU1154140,1
2022HU1154208,1
2022HU1154245,1
2022HU1154377,1
2022HU1154405,1
2022HU1154425,1
2022HU1154510,1
2022HU1154585,1
2022HU1154655,1
2022HU1154731,1
2022HU1154749,1
2022HU1154835,1
2022HU1155039,1
2022HU1155065,1
2022HU1155089,1
2022HU1155114,1
2022HU1155118,1
2022HU1155227,1
2022HU1155313,1
2022HU1155379,1
2022HU1155436,1
2022HU1155446,1
2022HU1155484,1
2022HU1155715,1
2022HU1155749,1
2022HU1155770,1
2022HU1155817,1
2022HU1155950,1
2022HU1155975,1
2022HU1156039,1
2022HU1156331,1
2022HU1156368,1
2022HU1156477,1
2022HU1156634,1
2022HU1156709,1
2022HU1156761,1
2022HU1156765,1
2022HU1156810,1
2022HU1156849,1
2022HU1156856,1
2022HU1156977,1
2022HU1157043,1
2022HU1157067,1
2022HU1157152,1
2022HU1157185,1
2022HU1157281,1
2022HU1157312,1
2022HU1157418,1
2022HU1157428,1
2022HU1157461,1
2022HU1157465,1
2022HU1157540,1
2022HU1157545,1
2022HU1157630,1
2022HU1157661,1
2022HU1157687,1
2022HU1157719,1
2022HU1157741,1
2022HU1157753,1
2022HU1157895,1
2022HU1158031,1
2022HU1158145,1
2022HU1158215,1
2022HU1158220,1
2022HU1158565,1
2022HU1158635,1
2022HU1158675,1
2022HU1158713,1
2022HU1158767,1
2022HU1158885,1
2022HU1158913,1
2022HU1159090,1
2022HU1159101,1
2022HU1159103,1
2022HU1159107,1
2022HU1159117,1
2022HU1159317,1
2022HU1159318,1
2022HU1159320,1
2022HU1159350,1
2022HU1159351,1
2022HU1159428,1
2022HU1159510,1
2022HU1159517,1
2022HU1159534,1
2022HU1159561,1
2022HU1159582,1
2022HU1159587,1
2022HU1159619,1
2022HU1159710,1
2022HU1159796,1
2022HU1159853,1
2022HU1159881,1
2022HU1159883,1
2022HU1159888,1
2022HU1159994,1
2022HU1160025,1
2022HU1160074,1
2022HU1160367,1
2022HU1160580,1
2022HU1160692,1
2022HU1160745,1
2022HU1160846,1
2022HU1160931,1
2022HU1160941,1
2022HU1161048,1
2022HU1161070,1
2022HU1161136,1
2022HU1161142,1
2022HU1161181,1
2022HU1161283,1
2022HU1161435,1
2022HU1161767,1
2022HU1162112,1
2022HU1162211,1
2022HU1162220,1
2022HU1162241,1
2022HU1162262,1
2022HU1162357,1
2022HU1162372,1
2022HU1162388,1
2022HU1162610,1
2022HU1162637,1
2022HU1162700,1
2022HU1162710,1
2022HU1162739,1
2022HU1162835,1
2022HU1162849,1
2022HU1163220,1
2022HU1163340,1
2022HU1163864,1
2022HU1163976,1
2022HU1164006,1
2022HU1164019,1
2022HU1164092,1
2022HU1164207,1
2022HU1164231,1
2022HU1164294,1
2022HU1164407,1
2022HU1164439,1
2022HU1164518,1
2022HU1164591,1
2022HU1164634,1
2022HU1164725,1
2022HU1164777,1
2022HU1164796,1
2022HU1164949,1
2022HU1164982,1
2022HU1165108,1
2022HU1165245,1
2022HU1165374,1
2022HU1165398,1
2022HU1165503,1
2022HU1165619,1
2022HU1165800,1
2022HU1165923,1
2022HU1165969,1
2022HU1165991,1
2022HU1166062,1
2022HU1166115,1
2022HU1166118,1
2022HU1166174,1
2022HU1166196,1
2022HU1166280,1
2022HU1166371,1
2022HU1166549,1
2022HU1166603,1
2022HU1166742,1
2022HU1166760,1
2022HU1166835,1
2022HU1166882,1
2022HU1166926,1
2022HU1166935,1
2022HU1166965,1
2022HU1167110,1
2022HU1167180,1
2022HU1167248,1
2022HU1167494,1
2022HU1167775,1
2022HU1167777,1
2022HU1167793,1
2022HU1167827,1
2022HU1167839,1
2022HU1167894,1
2022HU1167955,1
2022HU1168003,1
2022HU1168150,1
2022HU1168212,1
2022HU1168238,1
2022HU1168264,1
2022HU1168356,1
2022HU1168377,1
2022HU1168406,1
2022HU1168615,1
2022HU1168720,1
2022HU1168798,1
2022HU1168850,1
2022HU1168925,1
2022HU1168996,1
2022HU1168999,1
2022HU1169006,1
2022HU1169087,1
2022HU1169201,1
2022HU1169214,1
2022HU1169316,1
2022HU1169537,1
2022HU1169577,1
2022HU1169691,1
2022HU1169700,1
2022HU1169856,1
2022HU1169899,1
2022HU1169924,1
2022HU1169990,1
2022HU1170067,1
2022HU1170137,1
2022HU1170177,1
2022HU1170207,1
2022HU1170381,1
2022HU1170405,1
2022HU1170426,1
2022HU1170442,1
2022HU1170455,1
2022HU1170515,1
2022HU1170549,1
2022HU1170558,1
2022HU1170585,1
2022HU1170614,1
2022HU1170662,1
2022HU1170676,1
2022HU1170702,1
2022HU1170736,1
2022HU1170847,1
2022HU1170858,1
2022HU1170883,1
2022HU1170890,1
2022HU1170899,1
2022HU1170905,1
2022HU1171010,1
2022HU1171056,1
2022HU1171165,1
2022HU1171188,1
2022HU1171243,1
2022HU1171314,1
2022HU1171351,1
2022HU1171358,1
2022HU1171359,1
2022HU1171396,1
2022HU1171508,1
2022HU1171556,1
2022HU1171640,1
2022HU1171675,1
2022HU1171769,1
2022HU1171873,1
2022HU1171931,1
2022HU1171934,1
2022HU1172025,1
2022HU1172106,1
2022HU1172124,1
2022HU1172206,1
2022HU1172279,1
2022HU1172285,1
2022HU1172381,1
2022HU1172533,1
2022HU1172633,1
2022HU1172657,1
2022HU1172670,1
2022HU1172707,1
2022HU1172759,1
2022HU1172806,1
2022HU1172960,1
2022HU1172991,1
2022HU1172995,1
2022HU1173207,1
2022HU1173300,1
2022HU1173431,1
2022HU1173537,1
2022HU1173542,1
2022HU1173650,1
2022HU1173659,1
2022HU1173855,1
2022HU1173858,1
2022HU1173895,1
2022HU1173936,1
2022HU1173944,1
2022HU1174009,1
2022HU1174037,1
2022HU1174088,1
2022HU1174104,1
2022HU1174142,1
2022HU1174198,1
2022HU1174279,1
2022HU1174314,1
2022HU1174386,1
2022HU1174433,1
2022HU1174500,1
2022HU1174553,1
2022HU1174579,1
2022HU1174650,1
2022HU1174731,1
2022HU1174894,1
2022HU1174936,1
2022HU1175084,1
2022HU1175113,1
2022HU1175121,1
2022HU1175172,1
2022HU1175215,1
2022HU1175237,1
2022HU1175378,1
2022HU1175474,1
2022HU1175496,1
2022HU1175530,1
2022HU1175617,1
2022HU1175660,1
2022HU1175728,1
2022HU1176020,1
2022HU1176055,1
2022HU1176076,1
2022HU1176228,1
2022HU1176296,1
2022HU1176369,1
2022HU1176402,1
2022HU1176643,1
2022HU1176837,1
2022HU1176941,1
2022HU1176958,1
2022HU1177015,1
2022HU1177019,1
2022HU1177081,1
2022HU1177143,1
2022HU1177158,1
2022HU1177208,1
2022HU1177250,1
2022HU1177283,1
2022HU1177336,1
2022HU1177371,1
2022HU1177406,1
2022HU1177415,1
2022HU1177551,1
2022HU1177555,1
2022HU1177617,1
2022HU1177680,1
2022HU1177906,1
2022HU1177944,1
2022HU1178067,1
2022HU1178087,1
2022HU1178230,1
2022HU1178232,1
2022HU1178414,1
2022HU1178432,1
2022HU1178461,1
2022HU1178548,1
2022HU1178660,1
2022HU1178744,1
2022HU1178783,1
2022HU1178957,1
2022HU1178999,1
2022HU1179294,1
2022HU1179381,1
2022HU1179669,1
2022HU1179812,1
2022HU1179881,1
2022HU1179892,1
2022HU1179978,1
2022HU1180002,1
2022HU1180020,1
2022HU1180028,1
2022HU1180053,1
2022HU1180056,1
2022HU1180085,1
2022HU1180159,1
2022HU1180223,1
2022HU1180297,1
2022HU1180323,1
2022HU1180358,1
2022HU1180408,1
2022HU1180445,1
2022HU1180726,1
2022HU1180757,1
2022HU1180758,1
2022HU1180810,1
2022HU1180812,1
2022HU1180910,1
2022HU1181022,1
2022HU1181046,1
2022HU1181062,1
2022HU1181184,1
2022HU1181293,1
2022HU1181479,1
2022HU1181534,1
2022HU1181626,1
2022HU1181635,1
2022HU1181656,1
2022HU1181718,1
2022HU1181735,1
2022HU1181753,1
2022HU1181785,1
2022HU1181815,1
2022HU1181882,1
2022HU1181967,1
2022HU1182050,1
2022HU1182062,1
2022HU1182071,1
2022HU1182123,1
2022HU1182309,1
2022HU1182369,1
2022HU1182393,1
2022HU1182479,1
2022HU1182523,1
2022HU1182551,1
2022HU1182735,1
2022HU1182820,1
2022HU1183157,1
2022HU1183377,1
2022HU1183642,1
2022HU1183706,1
2022HU1183713,1
2022HU1183735,1
2022HU1184255,1
2022HU1184531,1
2022HU1184537,1
2022HU1184635,1
2022HU1184640,1
2022HU1184686,1
2022HU1184820,1
2022HU1184861,1
2022HU1184970,1
2022HU1185102,1
2022HU1185138,1
2022HU1185192,1
2022HU1185262,1
2022HU1185273,1
2022HU1185377,1
2022HU1185506,1
2022HU1185557,1
2022HU1185564,1
2022HU1185592,1
2022HU1185649,1
2022HU1185675,1
2022HU1185735,1
2022HU1186030,1
2022HU1186034,1
2022HU1186066,1
2022HU1186126,1
2022HU1186144,1
2022HU1186170,1
2022HU1186187,1
2022HU1186213,1
2022HU1186227,1
2022HU1186252,1
2022HU1186264,1
2022HU1186290,1
2022HU1186437,1
2022HU1186467,1
2022HU1186498,1
2022HU1186517,1
2022HU1186548,1
2022HU1186549,1
2022HU1186707,1
2022HU1186732,1
2022HU1186734,1
2022HU1186880,1
2022HU1186990,1
2022HU1187050,1
2022HU1187167,1
2022HU1187302,1
2022HU1187519,1
2022HU1187552,1
2022HU1187854,1
2022HU1187904,1
2022HU1187945,1
2022HU1187961,1
2022HU1188016,1
2022HU1188095,1
2022HU1188230,1
2022HU1188285,1
2022HU1188378,1
2022HU1188467,1
2022HU1188910,1
2022HU1189002,1
2022HU1189103,1
2022HU1189107,1
2022HU1189191,1
2022HU1189227,1
2022HU1189300,1
2022HU1189364,1
2022HU1189403,1
2022HU1189460,1
2022HU1189573,1
2022HU1189688,1
2022HU1189958,1
2022HU1189997,1
2022HU1190027,1
2022HU1190077,1
2022HU1190093,1
2022HU1190114,1
2022HU1190249,1
2022HU1190290,1
2022HU1190336,1
2022HU1190563,1
2022HU1190861,1
2022HU1191115,1
2022HU1191151,1
2022HU1191297,1
2022HU1191310,1
2022HU1191337,1
2022HU1191387,1
2022HU1191412,1
2022HU1191420,1
2022HU1191453,1
2022HU1191485,1
2022HU1191567,1
2022HU1191572,1
2022HU1191714,1
2022HU1192029,1
2022HU1192056,1
2022HU1192080,1
2022HU1192112,1
2022HU1192152,1
2022HU1192414,1
2022HU1192511,1
2022HU1192603,1
2022HU1192657,1
2022HU1192666,1
2022HU1192688,1
2022HU1192701,1
2022HU1192755,1
2022HU1193016,1
2022HU1193030,1
2022HU1193110,1
2022HU1193135,1
2022HU1193164,1
2022HU1193259,1
2022HU1193276,1
2022HU1193684,1
2022HU1193916,1
2022HU1193923,1
2022HU1193935,1
2022HU1194000,1
2022HU1194092,1
2022HU1194140,1
2022HU1194260,1
2022HU1194415,1
2022HU1194426,1
2022HU1194442,1
2022HU1194496,1
2022HU1194670,1
2022HU1194746,1
2022HU1194781,1
2022HU1194842,1
2022HU1195064,1
2022HU1195069,1
2022HU1195071,1
2022HU1195236,1
2022HU1195348,1
2022HU1195367,1
2022HU1195407,1
2022HU1195561,1
2022HU1195567,1
2022HU1195687,1
2022HU1195689,1
2022HU1195722,1
2022HU1195967,1
2022HU1196076,1
2022HU1196086,1
2022HU1196191,1
2022HU1196238,1
2022HU1196276,1
2022HU1196315,1
2022HU1196473,1
2022HU1196592,1
2022HU1196824,1
2022HU1196894,1
2022HU1196972,1
2022HU1197051,1
2022HU1197052,1
2022HU1197162,1
2022HU1197207,1
2022HU1197270,1
2022HU1197314,1
2022HU1197332,1
2022HU1197415,1
2022HU1197495,1
2022HU1197707,1
2022HU1197869,1
2022HU1198008,1
2022HU1198081,1
2022HU1198090,1
2022HU1198240,1
2022HU1198459,1
2022HU1198469,1
2022HU1198520,1
2022HU1198567,1
2022HU1198661,1
2022HU1198909,1
2022HU1198929,1
2022HU1198961,1
2022HU1199093,1
2022HU1199120,1
2022HU1199166,1
2022HU1199435,1
2022HU1199631,1
2022HU1199681,1
2022HU1199720,1
2022HU1199748,1
2022HU1199887,1
2022HU1199909,1
2022HU1199961,1
2022HU1200019,1
2022HU1200102,1
2022HU1200466,1
2022HU1200556,1
2022HU1200563,1
2022HU1200578,1
2022HU1200612,1
2022HU1200627,1
2022HU1200858,1
2022HU1200865,1
2022HU1200935,1
2022HU1200990,1
2022HU1201025,1
2022HU1201036,1
2022HU1201127,1
2022HU1201130,1
2022HU1201143,1
2022HU1201182,1
2022HU1201186,1
2022HU1201189,1
2022HU1201232,1
2022HU1201356,1
2022HU1201392,1
2022HU1201403,1
2022HU1201573,1
2022HU1201583,1
2022HU1201647,1
2022HU1201732,1
2022HU1201766,1
2022HU1201855,1
2022HU1201903,1
2022HU1202005,1
2022HU1202040,1
2022HU1202077,1
2022HU1202098,1
2022HU1202213,1
2022HU1202351,1
2022HU1202451,1
2022HU1202515,1
2022HU1202556,1
2022HU1202573,1
2022HU1202606,1
2022HU1202819,1
2022HU1202895,1
2022HU1202928,1
2022HU1203059,1
2022HU1203155,1
2022HU1203191,1
2022HU1203353,1
2022HU1203496,1
2022HU1203510,1
2022HU1203534,1
2022HU1203555,1
2022HU1203733,1
2022HU1203767,1
2022HU1203973,1
2022HU1203980,1
2022HU1204020,1
2022HU1204038,1
2022HU1204043,1
2022HU1204264,1
2022HU1204587,1
2022HU1204631,1
2022HU1204641,1
2022HU1204726,1
2022HU1204822,1
2022HU1204996,1
2022HU1205045,1
2022HU1205105,1
2022HU1205110,1
2022HU1205131,1
2022HU1205163,1
2022HU1205293,1
2022HU1205354,1
2022HU1205374,1
2022HU1205459,1
2022HU1205483,1
2022HU1205556,1
2022HU1205610,1
2022HU1205617,1
2022HU1205656,1
2022HU1205740,1
2022HU1205820,1
2022HU1205925,1
2022HU1206057,1
2022HU1206125,1
2022HU1206212,1
2022HU1206248,1
2022HU1206361,1
2022HU1206383,1
2022HU1206386,1
2022HU1206428,1
2022HU1206515,1
2022HU1206539,1
2022HU1206572,1
2022HU1206654,1
2022HU1206907,1
2022HU1207311,1
2022HU1207342,1
2022HU1207681,1
2022HU1207722,1
2022HU1207728,1
2022HU1207823,1
2022HU1207917,1
2022HU1208003,1
2022HU1208017,1
2022HU1208027,1
2022HU1208028,1
2022HU1208076,1
2022HU1208313,1
2022HU1208314,1
2022HU1208430,1
2022HU1208461,1
2022HU1208500,1
2022HU1208634,1
2022HU1208663,1
2022HU1208667,1
2022HU1208672,1
2022HU1208815,1
2022HU1208821,1
2022HU1208825,1
2022HU1208860,1
2022HU1208895,1
2022HU1208918,1
2022HU1208967,1
2022HU1208971,1
2022HU1208986,1
2022HU1209140,1
2022HU1209151,1
2022HU1209231,1
2022HU1209341,1
2022HU1209586,1
2022HU1209676,1
2022HU1209682,1
2022HU1209725,1
2022HU1209740,1
2022HU1209764,1
2022HU1209790,1
2022HU1209793,1
2022HU1209901,1
2022HU1209926,1
2022HU1210061,1
2022HU1210062,1
2022HU1210206,1
2022HU1210271,1
2022HU1210340,1
2022HU1210375,1
2022HU1210390,1
2022HU1210394,1
2022HU1210699,1
2022HU1210735,1
2022HU1210763,1
2022HU1210780,1
2022HU1210895,1
2022HU1210922,1
2022HU1211075,1
2022HU1211095,1
2022HU1211206,1
2022HU1211227,1
2022HU1211284,1
2022HU1211331,1
2022HU1211372,1
2022HU1211394,1
2022HU1211409,1
2022HU1211520,1
2022HU1211522,1
2022HU1211600,1
2022HU1211625,1
2022HU1211627,1
2022HU1211638,1
2022HU1211665,1
2022HU1211858,1
2022HU1211986,1
2022HU1212247,1
2022HU1212423,1
2022HU1212428,1
2022HU1212498,1
2022HU1212570,1
2022HU1212579,1
2022HU1212627,1
2022HU1212742,1
2022HU1212958,1
2022HU1213098,1
2022HU1213167,1
2022HU1213175,1
2022HU1213261,1
2022HU1213278,1
2022HU1213293,1
2022HU1213348,1
2022HU1213388,1
2022HU1213425,1
2022HU1213515,1
2022HU1213644,1
2022HU1213744,1
2022HU1213777,1
2022HU1214009,1
2022HU1214031,1
2022HU1214074,1
2022HU1214222,1
2022HU1214326,1
2022HU1214327,1
2022HU1214366,1
2022HU1214402,1
2022HU1214458,1
2022HU1214586,1
2022HU1214597,1
2022HU1214601,1
2022HU1214744,1
2022HU1214836,1
2022HU1214917,1
2022HU1214945,1
2022HU1214972,1
2022HU1214992,1
2022HU1215039,1
2022HU1215073,1
2022HU1215139,1
2022HU1215220,1
2022HU1215227,1
2022HU1215443,1
2022HU1215505,1
2022HU1215554,1
2022HU1215570,1
2022HU1215594,1
2022HU1215646,1
2022HU1215692,1
2022HU1215716,1
2022HU1215783,1
2022HU1215984,1
2022HU1216045,1
2022HU1216097,1
2022HU1216242,1
2022HU1216268,1
2022HU1216289,1
2022HU1216435,1
2022HU1216561,1
2022HU1216636,1
2022HU1216758,1
2022HU1216821,1
2022HU1216827,1
2022HU1216845,1
2022HU1217075,1
2022HU1217157,1
2022HU1217171,1
2022HU1217211,1
2022HU1217271,1
2022HU1217316,1
2022HU1217350,1
2022HU1217416,1
2022HU1217680,1
2022HU1217766,1
2022HU1217869,1
2022HU1218061,1
2022HU1218101,1
2022HU1218168,1
2022HU1218180,1
2022HU1218234,1
2022HU1218376,1
2022HU1218402,1
2022HU1218416,1
2022HU1218530,1
2022HU1218559,1
2022HU1218614,1
2022HU1218669,1
2022HU1218716,1
2022HU1218793,1
2022HU1218866,1
2022HU1218957,1
2022HU1218969,1
2022HU1218979,1
2022HU1219021,1
2022HU1219043,1
2022HU1219156,1
2022HU1219216,1
2022HU1219252,1
2022HU1219379,1
2022HU1219517,1
2022HU1219538,1
2022HU1219613,1
2022HU1219674,1
2022HU1220041,1
2022HU1220130,1
2022HU1220330,1
2022HU1220333,1
2022HU1220392,1
2022HU1220449,1
2022HU1220569,1
2022HU1220741,1
2022HU1220984,1
2022HU1221017,1
2022HU1221022,1
2022HU1221095,1
2022HU1221129,1
2022HU1221145,1
2022HU1221200,1
2022HU1221274,1
2022HU1221310,1
2022HU1221523,1
2022HU1221543,1
2022HU1221556,1
2022HU1221563,1
2022HU1221678,1
2022HU1221682,1
2022HU1221704,1
2022HU1221760,1
2022HU1221915,1
2022HU1222040,1
2022HU1222236,1
2022HU1222383,1
2022HU1222553,1
2022HU1222555,1
2022HU1222571,1
2022HU1222667,1
2022HU1222808,1
2022HU1222819,1
2022HU1222910,1
2022HU1223045,1
2022HU1223107,1
2022HU1223108,1
2022HU1223129,1
2022HU1223175,1
2022HU1223220,1
2022HU1223226,1
2022HU1223253,1
2022HU1223308,1
2022HU1223377,1
2022HU1223473,1
2022HU1223567,1
2022HU1223596,1
2022HU1223606,1
2022HU1223748,1
2022HU1223870,1
2022HU1223874,1
2022HU1223894,1
2022HU1223916,1
2022HU1223921,1
2022HU1223950,1
2022HU1224100,1
2022HU1224341,1
2022HU1224391,1
2022HU1224392,1
2022HU1224489,1
2022HU1224495,1
2022HU1224508,1
2022HU1224535,1
2022HU1224550,1
2022HU1224593,1
2022HU1224743,1
2022HU1225068,1
2022HU1225102,1
2022HU1225145,1
2022HU1225209,1
2022HU1225286,1
2022HU1225431,1
2022HU1225473,1
2022HU1225601,1
2022HU1225611,1
2022HU1225626,1
2022HU1225746,1
2022HU1225934,1
2022HU1226147,1
2022HU1226154,1
2022HU1226206,1
2022HU1226254,1
2022HU1226260,1
2022HU1226289,1
2022HU1226453,1
2022HU1226526,1
2022HU1226678,1
2022HU1226795,1
2022HU1226864,1
2022HU1226869,1
2022HU1226879,1
2022HU1227042,1
2022HU1227089,1
2022HU1227113,1
2022HU1227155,1
2022HU1227294,1
2022HU1227389,1
2022HU1227431,1
2022HU1227461,1
2022HU1227467,1
2022HU1227682,1
2022HU1227686,1
2022HU1227748,1
2022HU1227766,1
2022HU1227887,1
2022HU1227894,1
2022HU1227898,1
2022HU1228016,1
2022HU1228272,1
2022HU1228347,1
2022HU1228501,1
2022HU1228514,1
2022HU1228549,1
2022HU1228561,1
2022HU1228661,1
2022HU1228671,1
2022HU1228681,1
2022HU1228684,1
2022HU1228759,1
2022HU1228803,1
2022HU1229099,1
2022HU1229269,1
2022HU1229326,1
2022HU1229368,1
2022HU1229488,1
2022HU1229589,1
2022HU1229630,1
2022HU1229801,1
2022HU1229851,1
2022HU1230033,1
2022HU1230174,1
2022HU1230278,1
2022HU1230289,1
2022HU1230395,1
2022HU1230475,1
2022HU1230862,1
2022HU1230881,1
2022HU1230981,1
2022HU1231008,1
2022HU1231133,1
2022HU1231227,1
2022HU1231284,1
2022HU1231364,1
2022HU1231446,1
2022HU1231510,1
2022HU1231541,1
2022HU1231780,1
2022HU1231846,1
2022HU1231851,1
2022HU1231935,1
2022HU1231986,1
2022HU1232049,1
2022HU1232125,1
2022HU1232139,1
2022HU1232164,1
2022HU1232338,1
2022HU1232408,1
2022HU1232596,1
2022HU1232613,1
2022HU1232628,1
2022HU1232666,1
2022HU1232689,1
2022HU1232886,1
2022HU1232905,1
2022HU1233024,1
2022HU1233080,1
2022HU1233119,1
2022HU1233152,1
2022HU1233187,1
2022HU1233323,1
2022HU1233379,1
2022HU1233463,1
2022HU1233627,1
2022HU1233700,1
2022HU1233729,1
2022HU1233770,1
2022HU1233876,1
2022HU1234073,1
2022HU1234115,1
2022HU1234147,1
2022HU1234151,1
2022HU1234184,1
2022HU1234392,1
2022HU1234455,1
2022HU1234456,1
2022HU1234579,1
2022HU1234770,1
2022HU1234976,1
2022HU1235008,1
2022HU1235029,1
2022HU1235052,1
2022HU1235104,1
2022HU1235358,1
2022HU1235424,1
2022HU1235673,1
2022HU1235710,1
2022HU1235816,1
2022HU1235887,1
2022HU1236001,1
2022HU1236115,1
2022HU1236117,1
2022HU1236234,1
2022HU1236378,1
2022HU1236498,1
2022HU1236511,1
2022HU1236518,1
2022HU1236554,1
2022HU1236584,1
2022HU1236641,1
2022HU1236668,1
2022HU1236849,1
2022HU1237154,1
2022HU1237358,1
2022HU1237511,1
2022HU1237586,1
2022HU1237602,1
2022HU1237631,1
2022HU1237662,1
2022HU1237729,1
2022HU1237825,1
2022HU1237833,1
2022HU1237837,1
2022HU1237890,1
2022HU1237900,1
2022HU1237963,1
2022HU1237981,1
2022HU1237997,1
2022HU1238090,1
2022HU1238091,1
2022HU1238128,1
2022HU1238136,1
2022HU1238137,1
2022HU1238139,1
2022HU1238180,1
2022HU1238219,1
2022HU1238383,1
2022HU1238429,1
2022HU1238521,1
2022HU1238552,1
2022HU1238557,1
2022HU1238559,1
2022HU1238618,1
2022HU1238690,1
2022HU1238783,1
2022HU1238824,1
2022HU1238865,1
2022HU1238957,1
2022HU1239180,1
2022HU1239227,1
2022HU1239228,1
2022HU1239241,1
2022HU1239369,1
2022HU1239413,1
2022HU1239473,1
2022HU1239479,1
2022HU1239576,1
2022HU1239716,1
2022HU1239736,1
2022HU1239826,1
2022HU1239848,1
2022HU1239891,1
2022HU1240033,1
2022HU1240055,1
2022HU1240069,1
2022HU1240144,1
2022HU1240150,1
2022HU1240239,1
2022HU1240256,1
2022HU1240489,1
2022HU1240500,1
2022HU1240513,1
2022HU1240661,1
2022HU1240695,1
2022HU1240724,1
2022HU1240744,1
2022HU1240754,1
2022HU1240774,1
2022HU1241000,1
2022HU1241099,1
2022HU1241112,1
2022HU1241164,1
2022HU1241173,1
2022HU1241221,1
2022HU1241258,1
2022HU1241390,1
2022HU1241421,1
2022HU1241449,1
2022HU1241453,1
2022HU1241473,1
2022HU1241629,1
2022HU1241645,1
2022HU1241683,1
2022HU1241684,1
2022HU1241743,1
2022HU1241752,1
2022HU1241817,1
2022HU1241859,1
2022HU1241872,1
2022HU1241920,1
2022HU1241999,1
2022HU1242116,1
2022HU1242193,1
2022HU1242279,1
2022HU1242415,1
2022HU1242480,1
2022HU1242552,1
2022HU1242559,1
2022HU1242595,1
2022HU1242671,1
2022HU1242675,1
2022HU1242831,1
2022HU1242896,1
2022HU1242945,1
2022HU1242955,1
2022HU1242957,1
2022HU1243098,1
2022HU1243246,1
2022HU1243594,1
2022HU1243702,1
2022HU1243884,1
2022HU1243912,1
2022HU1244112,1
2022HU1244180,1
2022HU1244189,1
2022HU1244422,1
2022HU1244534,1
2022HU1244729,1
2022HU1244988,1
2022HU1245008,1
2022HU1245015,1
2022HU1245022,1
2022HU1245058,1
2022HU1245168,1
2022HU1245171,1
2022HU1245214,1
2022HU1245237,1
2022HU1245361,1
2022HU1245405,1
2022HU1245475,1
2022HU1245527,1
2022HU1245553,1
2022HU1245655,1
2022HU1245677,1
2022HU1245692,1
2022HU1245835,1
2022HU1245946,1
2022HU1246006,1
2022HU1246047,1
2022HU1246062,1
2022HU1246307,1
2022HU1246315,1
2022HU1246337,1
2022HU1246347,1
2022HU1246471,1
2022HU1246511,1
2022HU1246545,1
2022HU1246568,1
2022HU1246600,1
2022HU1246651,1
2022HU1246718,1
2022HU1246735,1
2022HU1246912,1
2022HU1246986,1
2022HU1247001,1
2022HU1247029,1
2022HU1247137,1
2022HU1247275,1
2022HU1247301,1
2022HU1247401,1
2022HU1247467,1
2022HU1247479,1
2022HU1247536,1
2022HU1247765,1
2022HU1247821,1
2022HU1247822,1
2022HU1247892,1
2022HU1247983,1
2022HU1247984,1
2022HU1248102,1
2022HU1248114,1
2022HU1248147,1
2022HU1248159,1
2022HU1248237,1
2022HU1248240,1
2022HU1248291,1
2022HU1248414,1
2022HU1248517,1
2022HU1248693,1
2022HU1248733,1
2022HU1248763,1
2022HU1248813,1
2022HU1248817,1
2022HU1248863,1
2022HU1249007,1
2022HU1249011,1
2022HU1249022,1
2022HU1249114,1
2022HU1249147,1
2022HU1249230,1
2022HU1249302,1
2022HU1249362,1
2022HU1249476,1
2022HU1249793,1
2022HU1249828,1
2022HU1249942,1
2022HU1250077,1
2022HU1250121,1
2022HU1250126,1
2022HU1250266,1
2022HU1250535,1
2022HU1250557,1
2022HU1250870,1
2022HU1250878,1
2022HU1250890,1
2022HU1250983,1
2022HU1251030,1
2022HU1251410,1
2022HU1251499,1
2022HU1251504,1
2022HU1251516,1
2022HU1251622,1
2022HU1251625,1
2022HU1251732,1
2022HU1251751,1
2022HU1251758,1
2022HU1251839,1
2022HU1251842,1
2022HU1251849,1
2022HU1251852,1
2022HU1251878,1
2022HU1251992,1
2022HU1252095,1
2022HU1252103,1
2022HU1252107,1
2022HU1252221,1
2022HU1252322,1
2022HU1252401,1
2022HU1252470,1
2022HU1252560,1
2022HU1252637,1
2022HU1253051,1
2022HU1253133,1
2022HU1253216,1
2022HU1253389,1
2022HU1253409,1
2022HU1253540,1
2022HU1253577,1
2022HU1253675,1
2022HU1253838,1
2022HU1254105,1
2022HU1254123,1
2022HU1254179,1
2022HU1254358,1
2022HU1254383,1
2022HU1254495,1
2022HU1254678,1
2022HU1254783,1
2022HU1254888,1
2022HU1254913,1
2022HU1254973,1
2022HU1255048,1
2022HU1255297,1
2022HU1255328,1
2022HU1255342,1
2022HU1255369,1
2022HU1255378,1
2022HU1255419,1
2022HU1255433,1
2022HU1255439,1
2022HU1255467,1
2022HU1255515,1
2022HU1255707,1
2022HU1255740,1
2022HU1255812,1
2022HU1255867,1
2022HU1256021,1
2022HU1256101,1
2022HU1256171,1
2022HU1256210,1
2022HU1256216,1
2022HU1256308,1
2022HU1256419,1
2022HU1256446,1
2022HU1256510,1
2022HU1256634,1
2022HU1256676,1
2022HU1256708,1
2022HU1256738,1
2022HU1256763,1
2022HU1256898,1
2022HU1256970,1
2022HU1257032,1
2022HU1257119,1
2022HU1257151,1
2022HU1257162,1
2022HU1257229,1
2022HU1257261,1
2022HU1257369,1
2022HU1257487,1
2022HU1257491,1
2022HU1257537,1
2022HU1257692,1
2022HU1257745,1
2022HU1257803,1
2022HU1257865,1
2022HU1257949,1
2022HU1257992,1
2022HU1258006,1
2022HU1258194,1
2022HU1258307,1
2022HU1258435,1
2022HU1258513,1
2022HU1258579,1
2022HU1258694,1
2022HU1259041,1
2022HU1259084,1
2022HU1259152,1
2022HU1259252,1
2022HU1259319,1
2022HU1259393,1
2022HU1259421,1
2022HU1259442,1
2022HU1259455,1
2022HU1259500,1
2022HU1259504,1
2022HU1259562,1
2022HU1259719,1
2022HU1259847,1
2022HU1259912,1
2022HU1259925,1
2022HU1260155,1
2022HU1260195,1
2022HU1260234,1
2022HU1260245,1
2022HU1260329,1
2022HU1260451,1
2022HU1260560,1
2022HU1260613,1
2022HU1260677,1
2022HU1260723,1
2022HU1260767,1
2022HU1261090,1
2022HU1261161,1
2022HU1261266,1
2022HU1261457,1
2022HU1261541,1
2022HU1261609,1
2022HU1261956,1
2022HU1261973,1
2022HU1262080,1
2022HU1262094,1
2022HU1262103,1
2022HU1262155,1
2022HU1262274,1
2022HU1262403,1
2022HU1262427,1
2022HU1262451,1
2022HU1262455,1
2022HU1262565,1
2022HU1262620,1
2022HU1262864,1
2022HU1262925,1
2022HU1262959,1
2022HU1263005,1
2022HU1263012,1
2022HU1263439,1
2022HU1263520,1
2022HU1263622,1
2022HU1263859,1
2022HU1263910,1
2022HU1263930,1
2022HU1264010,1
2022HU1264153,1
2022HU1264168,1
2022HU1264345,1
2022HU1264438,1
2022HU1264520,1
2022HU1264537,1
2022HU1264558,1
2022HU1264566,1
2022HU1264803,1
2022HU1264946,1
2022HU1264960,1
2022HU1265033,1
2022HU1265102,1
2022HU1265140,1
2022HU1265170,1
2022HU1265241,1
2022HU1265315,1
2022HU1265327,1
2022HU1265417,1
2022HU1265598,1
2022HU1265605,1
2022HU1265616,1
2022HU1265770,1
2022HU1265835,1
2022HU1265842,1
2022HU1265852,1
2022HU1266040,1
2022HU1266105,1
2022HU1266188,1
2022HU1266203,1
2022HU1266240,1
2022HU1266267,1
2022HU1266347,1
2022HU1266430,1
2022HU1266449,1
2022HU1266556,1
2022HU1266661,1
2022HU1266671,1
2022HU1266845,1
2022HU1267099,1
2022HU1267101,1
2022HU1267154,1
2022HU1267292,1
2022HU1267337,1
2022HU1267536,1
2022HU1267540,1
2022HU1267600,1
2022HU1267645,1
2022HU1267676,1
2022HU1267722,1
2022HU1267733,1
2022HU1267785,1
2022HU1267837,1
2022HU1267990,1
2022HU1268063,1
2022HU1268112,1
2022HU1268291,1
2022HU1268365,1
2022HU1268404,1
2022HU1268451,1
2022HU1268549,1
2022HU1268585,1
2022HU1268677,1
2022HU1268733,1
2022HU1268756,1
2022HU1268763,1
2022HU1268789,1
2022HU1268872,1
2022HU1268963,1
2022HU1269005,1
2022HU1269014,1
2022HU1269108,1
2022HU1269444,1
2022HU1269473,1
2022HU1269491,1
2022HU1269493,1
2022HU1269626,1
2022HU1269723,1
2022HU1269797,1
2022HU1269859,1
2022HU1269923,1
2022HU1269958,1
2022HU1269990,1
2022HU1270057,1
2022HU1270226,1
2022HU1270228,1
2022HU1270305,1
2022HU1270477,1
2022HU1270604,1
2022HU1270628,1
2022HU1270686,1
2022HU1270851,1
2022HU1270881,1
2022HU1270900,1
2022HU1271064,1
2022HU1271147,1
2022HU1271338,1
2022HU1271340,1
2022HU1271369,1
2022HU1271518,1
2022HU1271672,1
2022HU1271740,1
2022HU1271759,1
2022HU1271851,1
2022HU1271864,1
2022HU1271887,1
2022HU1272015,1
2022HU1272018,1
2022HU1272045,1
2022HU1272159,1
2022HU1272206,1
2022HU1272221,1
2022HU1272271,1
2022HU1272332,1
2022HU1272495,1
2022HU1272629,1
2022HU1272646,1
2022HU1272692,1
2022HU1272778,1
2022HU1272841,1
2022HU1272923,1
2022HU1272982,1
2022HU1273016,1
2022HU1273050,1
2022HU1273060,1
2022HU1273082,1
2022HU1273280,1
2022HU1273423,1
2022HU1273489,1
2022HU1273504,1
2022HU1273508,1
2022HU1273565,1
2022HU1273605,1
2022HU1273745,1
2022HU1273770,1
2022HU1273788,1
2022HU1273836,1
2022HU1273844,1
2022HU1273882,1
2022HU1273896,1
2022HU1274386,1
2022HU1274415,1
2022HU1274436,1
2022HU1274449,1
2022HU1274547,1
2022HU1274594,1
2022HU1274750,1
2022HU1274751,1
2022HU1274784,1
2022HU1274789,1
2022HU1274927,1
2022HU1275058,1
2022HU1275066,1
2022HU1275077,1
2022HU1275142,1
2022HU1275229,1
2022HU1275278,1
2022HU1275333,1
2022HU1275439,1
2022HU1275451,1
2022HU1275482,1
2022HU1275498,1
2022HU1275530,1
2022HU1275531,1
2022HU1275573,1
2022HU1275700,1
2022HU1275752,1
2022HU1275842,1
2022HU1275847,1
2022HU1275867,1
2022HU1276035,1
2022HU1276074,1
2022HU1276098,1
2022HU1276241,1
2022HU1276259,1
2022HU1276306,1
2022HU1276368,1
2022HU1276384,1
2022HU1276396,1
2022HU1276406,1
2022HU1276440,1
2022HU1276468,1
2022HU1276505,1
2022HU1276555,1
2022HU1276791,1
2022HU1276988,1
2022HU1277132,1
2022HU1277330,1
2022HU1277421,1
2022HU1277447,1
2022HU1277463,1
2022HU1277595,1
2022HU1277664,1
2022HU1277686,1
2022HU1277724,1
2022HU1277977,1
2022HU1277999,1
2022HU1278037,1
2022HU1278055,1
2022HU1278075,1
2022HU1278087,1
2022HU1278130,1
2022HU1278154,1
2022HU1278211,1
2022HU1278292,1
2022HU1278391,1
2022HU1278492,1
2022HU1278659,1
2022HU1278705,1
2022HU1278797,1
2022HU1278875,1
2022HU1278888,1
2022HU1278966,1
2022HU1278980,1
2022HU1279014,1
2022HU1279048,1
2022HU1279270,1
2022HU1279284,1
2022HU1279291,1
2022HU1279517,1
2022HU1279813,1
2022HU1279830,1
2022HU1279870,1
2022HU1279936,1
2022HU1279962,1
2022HU1279981,1
2022HU1280076,1
2022HU1280121,1
2022HU1280149,1
2022HU1280185,1
2022HU1280414,1
2022HU1280425,1
2022HU1280544,1
2022HU1280562,1
2022HU1280658,1
2022HU1280664,1
2022HU1280714,1
2022HU1280721,1
2022HU1280835,1
2022HU1280870,1
2022HU1280895,1
2022HU1280941,1
2022HU1280945,1
2022HU1281125,1
2022HU1281230,1
2022HU1281259,1
2022HU1281382,1
2022HU1281564,1
2022HU1281656,1
2022HU1281680,1
2022HU1281821,1
2022HU1281947,1
2022HU1281954,1
2022HU1281976,1
2022HU1282085,1
2022HU1282141,1
2022HU1282288,1
2022HU1282301,1
2022HU1282317,1
2022HU1282343,1
2022HU1282450,1
2022HU1282480,1
2022HU1282498,1
2022HU1282530,1
2022HU1282596,1
2022HU1282760,1
2022HU1282904,1
2022HU1282913,1
2022HU1282922,1
2022HU1282924,1
2022HU1282991,1
2022HU1283006,1
2022HU1283050,1
2022HU1283090,1
2022HU1283315,1
2022HU1283434,1
2022HU1283460,1
2022HU1283480,1
2022HU1283578,1
2022HU1283743,1
2022HU1283793,1
2022HU1283863,1
2022HU1283867,1
2022HU1283908,1
2022HU1284004,1
2022HU1284031,1
2022HU1284063,1
2022HU1284075,1
2022HU1284103,1
2022HU1284112,1
2022HU1284279,1
2022HU1284353,1
2022HU1284396,1
2022HU1284523,1
2022HU1284538,1
2022HU1284680,1
2022HU1284769,1
2022HU1284783,1
2022HU1284861,1
2022HU1285008,1
2022HU1285024,1
2022HU1285200,1
2022HU1285230,1
2022HU1285252,1
2022HU1285256,1
2022HU1285265,1
2022HU1285372,1
2022HU1285429,1
2022HU1285549,1
2022HU1285560,1
2022HU1285636,1
2022HU1285773,1
2022HU1285776,1
2022HU1285802,1
2022HU1285850,1
2022HU1285981,1
2022HU1286006,1
2022HU1286012,1
2022HU1286074,1
2022HU1286079,1
2022HU1286173,1
2022HU1286375,1
2022HU1286417,1
2022HU1286439,1
2022HU1286450,1
2022HU1286527,1
2022HU1286898,1
2022HU1286929,1
2022HU1287000,1
2022HU1287001,1
2022HU1287011,1
2022HU1287074,1
2022HU1287080,1
2022HU1287273,1
2022HU1287315,1
2022HU1287374,1
2022HU1287761,1
2022HU1287797,1
2022HU1287816,1
2022HU1287830,1
2022HU1287895,1
2022HU1288066,1
2022HU1288102,1
2022HU1288237,1
2022HU1288276,1
2022HU1288330,1
2022HU1288355,1
2022HU1288477,1
2022HU1288551,1
2022HU1288582,1
2022HU1288588,1
2022HU1288681,1
2022HU1288731,1
2022HU1288736,1
2022HU1288774,1
2022HU1288803,1
2022HU1288939,1
2022HU1288955,1
2022HU1289060,1
2022HU1289095,1
2022HU1289096,1
2022HU1289194,1
2022HU1289204,1
2022HU1289239,1
2022HU1289291,1
2022HU1289476,1
2022HU1289490,1
2022HU1289699,1
2022HU1289709,1
2022HU1289734,1
2022HU1289755,1
2022HU1289854,1
2022HU1290011,1
2022HU1290055,1
2022HU1290063,1
2022HU1290197,1
2022HU1290226,1
2022HU1290543,1
2022HU1290598,1
2022HU1290632,1
2022HU1290677,1
2022HU1290785,1
2022HU1290877,1
2022HU1290887,1
2022HU1290889,1
2022HU1290954,1
2022HU1291074,1
2022HU1291088,1
2022HU1291097,1
2022HU1291106,1
2022HU1291189,1
2022HU1291220,1
2022HU1291255,1
2022HU1291273,1
2022HU1291373,1
2022HU1291409,1
2022HU1291493,1
2022HU1291540,1
2022HU1291596,1
2022HU1291708,1
2022HU1291717,1
2022HU1291755,1
2022HU1291805,1
2022HU1291834,1
2022HU1291872,1
2022HU1291925,1
2022HU1291966,1
2022HU1292196,1
2022HU1292224,1
2022HU1292240,1
2022HU1292331,1
2022HU1292511,1
2022HU1292656,1
2022HU1292668,1
2022HU1292671,1
2022HU1292723,1
2022HU1292872,1
2022HU1292923,1
2022HU1292967,1
2022HU1293033,1
2022HU1293060,1
2022HU1293132,1
2022HU1293166,1
2022HU1293272,1
2022HU1293334,1
2022HU1293394,1
2022HU1293462,1
2022HU1293504,1
2022HU1293526,1
2022HU1293608,1
2022HU1293611,1
2022HU1293645,1
2022HU1294014,1
2022HU1294054,1
2022HU1294057,1
2022HU1294159,1
2022HU1294307,1
2022HU1294722,1
2022HU1294748,1
2022HU1294836,1
2022HU1294906,1
2022HU1294963,1
2022HU1295113,1
2022HU1295128,1
2022HU1295223,1
2022HU1295320,1
2022HU1295321,1
2022HU1295343,1
2022HU1295375,1
2022HU1295382,1
2022HU1295462,1
2022HU1295523,1
2022HU1295527,1
2022HU1295549,1
2022HU1295557,1
2022HU1295626,1
2022HU1295811,1
2022HU1295892,1
2022HU1295915,1
2022HU1295949,1
2022HU1295974,1
2022HU1296020,1
2022HU1296021,1
2022HU1296198,1
2022HU1296228,1
2022HU1296286,1
2022HU1296292,1
2022HU1296309,1
2022HU1296536,1
2022HU1296671,1
2022HU1296744,1
2022HU1296785,1
2022HU1296922,1
2022HU1296945,1
2022HU1296982,1
2022HU1297086,1
2022HU1297131,1
2022HU1297291,1
2022HU1297386,1
2022HU1297401,1
2022HU1297413,1
2022HU1297448,1
2022HU1297594,1
2022HU1297723,1
2022HU1297741,1
2022HU1297743,1
2022HU1297752,1
2022HU1297897,1
2022HU1298004,1
2022HU1298033,1
2022HU1298167,1
2022HU1298170,1
2022HU1298203,1
2022HU1298240,1
2022HU1298333,1
2022HU1298375,1
2022HU1298468,1
2022HU1298487,1
2022HU1298495,1
2022HU1298505,1
2022HU1298603,1
2022HU1298669,1
2022HU1298687,1
2022HU1298813,1
2022HU1298908,1
2022HU1298910,1
2022HU1298945,1
2022HU1298981,1
2022HU1299226,1
2022HU1299259,1
2022HU1299263,1
2022HU1299377,1
2022HU1299387,1
2022HU1299389,1
2022HU1299538,1
2022HU1299610,1
2022HU1299630,1
2022HU1299699,1
2022HU1299707,1
2022HU1299925,1
2022HU1299964,1
2022HU1300133,1
2022HU1300151,1
2022HU1300257,1
2022HU1300315,1
2022HU1300359,1
2022HU1300433,1
2022HU1300441,1
2022HU1300492,1
2022HU1300497,1
2022HU1300504,1
2022HU1300516,1
2022HU1300688,1
2022HU1300714,1
2022HU1300715,1
2022HU1300719,1
2022HU1300805,1
2022HU1301034,1
2022HU1301040,1
2022HU1301053,1
2022HU1301281,1
2022HU1301296,1
2022HU1301364,1
2022HU1301434,1
2022HU1301452,1
2022HU1301492,1
2022HU1301524,1
2022HU1301533,1
2022HU1301607,1
2022HU1301618,1
2022HU1301682,1
2022HU1301836,1
2022HU1301877,1
2022HU1301930,1
2022HU1301952,1
2022HU1302132,1
2022HU1302244,1
2022HU1302363,1
2022HU1302531,1
2022HU1302562,1
2022HU1302689,1
2022HU1302818,1
2022HU1302935,1
2022HU1303060,1
2022HU1303239,1
2022HU1303247,1
2022HU1303436,1
2022HU1303447,1
2022HU1303534,1
2022HU1303615,1
2022HU1303617,1
2022HU1303674,1
2022HU1303765,1
2022HU1303776,1
2022HU1303894,1
2022HU1304119,1
2022HU1304420,1
2022HU1304431,1
2022HU1304498,1
2022HU1304529,1
2022HU1304633,1
2022HU1304650,1
2022HU1304893,1
2022HU1304921,1
2022HU1304935,1
2022HU1305240,1
2022HU1305277,1
2022HU1305304,1
2022HU1305332,1
2022HU1305415,1
2022HU1305587,1
2022HU1305595,1
2022HU1305696,1
2022HU1305749,1
2022HU1305813,1
2022HU1305862,1
2022HU1305868,1
2022HU1305916,1
2022HU1305951,1
2022HU1306102,1
2022HU1306136,1
2022HU1306308,1
2022HU1306310,1
2022HU1306373,1
2022HU1306462,1
2022HU1306474,1
2022HU1306529,1
2022HU1306542,1
2022HU1306579,1
2022HU1306614,1
2022HU1306762,1
2022HU1306778,1
2022HU1306779,1
2022HU1306785,1
2022HU1307079,1
2022HU1307124,1
2022HU1307160,1
2022HU1307161,1
2022HU1307163,1
2022HU1307214,1
2022HU1307320,1
2022HU1307333,1
2022HU1307348,1
2022HU1307357,1
2022HU1307362,1
2022HU1307386,1
2022HU1307593,1
2022HU1307598,1
2022HU1307622,1
2022HU1307627,1
2022HU1307638,1
2022HU1307693,1
2022HU1307776,1
2022HU1307782,1
2022HU1307785,1
2022HU1307980,1
2022HU1307987,1
2022HU1308081,1
2022HU1308097,1
2022HU1308217,1
2022HU1308300,1
2022HU1308392,1
2022HU1308402,1
2022HU1308507,1
2022HU1308576,1
2022HU1308596,1
2022HU1308747,1
2022HU1308899,1
2022HU1308904,1
2022HU1308938,1
2022HU1309012,1
2022HU1309027,1
2022HU1309074,1
2022HU1309135,1
2022HU1309145,1
2022HU1309167,1
2022HU1309225,1
2022HU1309439,1
2022HU1309626,1
2022HU1309734,1
2022HU1309820,1
2022HU1309841,1
2022HU1309860,1
2022HU1309905,1
2022HU1310090,1
2022HU1310272,1
2022HU1310447,1
2022HU1310576,1
2022HU1310597,1
2022HU1310910,1
2022HU1310977,1
2022HU1310979,1
2022HU1311220,1
2022HU1311634,1
2022HU1311640,1
2022HU1311732,1
2022HU1311734,1
2022HU1311748,1
2022HU1311780,1
2022HU1311802,1
2022HU1311950,1
2022HU1312075,1
2022HU1312092,1
2022HU1312131,1
2022HU1312164,1
2022HU1312200,1
2022HU1312211,1
2022HU1312244,1
2022HU1312291,1
2022HU1312436,1
2022HU1312515,1
2022HU1312545,1
2022HU1312883,1
2022HU1312945,1
2022HU1312983,1
2022HU1313144,1
2022HU1313232,1
2022HU1313274,1
2022HU1313336,1
2022HU1313493,1
2022HU1313495,1
2022HU1313590,1
2022HU1313599,1
2022HU1313843,1
2022HU1313975,1
2022HU1313996,1
2022HU1314145,1
2022HU1314209,1
2022HU1314272,1
2022HU1314307,1
2022HU1314311,1
2022HU1314416,1
2022HU1314444,1
2022HU1314557,1
2022HU1314590,1
2022HU1314776,1
2022HU1314800,1
2022HU1314853,1
2022HU1314937,1
2022HU1314954,1
2022HU1315024,1
2022HU1315098,1
2022HU1315191,1
2022HU1315218,1
2022HU1315287,1
2022HU1315300,1
2022HU1315308,1
2022HU1315405,1
2022HU1315474,1
2022HU1315475,1
2022HU1315497,1
2022HU1315509,1
2022HU1315556,1
2022HU1315574,1
2022HU1315633,1
2022HU1315660,1
2022HU1315725,1
2022HU1315762,1
2022HU1315770,1
2022HU1315879,1
2022HU1315895,1
2022HU1315932,1
2022HU1316008,1
2022HU1316178,1
2022HU1316223,1
2022HU1316263,1
2022HU1316364,1
2022HU1316486,1
2022HU1316503,1
2022HU1316572,1
2022HU1316704,1
2022HU1316757,1
2022HU1316853,1
2022HU1316869,1
2022HU1316979,1
2022HU1317142,1
2022HU1317185,1
2022HU1317216,1
2022HU1317318,1
2022HU1317360,1
2022HU1317513,1
2022HU1317568,1
2022HU1317593,1
2022HU1317740,1
2022HU1317760,1
2022HU1317787,1
2022HU1317896,1
2022HU1317916,1
2022HU1317940,1
2022HU1317951,1
2022HU1317974,1
2022HU1318082,1
2022HU1318104,1
2022HU1318187,1
2022HU1318194,1
2022HU1318328,1
2022HU1318443,1
2022HU1318508,1
2022HU1318760,1
2022HU1318833,1
2022HU1318856,1
2022HU1318879,1
2022HU1318951,1
2022HU1318992,1
2022HU1318995,1
2022HU1319030,1
2022HU1319182,1
2022HU1319202,1
2022HU1319218,1
2022HU1319255,1
2022HU1319448,1
2022HU1319533,1
2022HU1319621,1
2022HU1319677,1
2022HU1319710,1
2022HU1319742,1
2022HU1319782,1
2022HU1319785,1
2022HU1319794,1
2022HU1319844,1
2022HU1319869,1
2022HU1320065,1
2022HU1320121,1
2022HU1320148,1
2022HU1320154,1
2022HU1320270,1
2022HU1320317,1
2022HU1320386,1
2022HU1320517,1
2022HU1320634,1
2022HU1320661,1
2022HU1320687,1
2022HU1321062,1
2022HU1321078,1
2022HU1321133,1
2022HU1321173,1
2022HU1321177,1
2022HU1321311,1
2022HU1321339,1
2022HU1321340,1
2022HU1321425,1
2022HU1321465,1
2022HU1321546,1
2022HU1321551,1
2022HU1321595,1
2022HU1321604,1
2022HU1321823,1
2022HU1321878,1
2022HU1322070,1
2022HU1322095,1
2022HU1322120,1
2022HU1322140,1
2022HU1322144,1
2022HU1322219,1
2022HU1322336,1
2022HU1322476,1
2022HU1322505,1
2022HU1322522,1
2022HU1322655,1
2022HU1322703,1
2022HU1322712,1
2022HU1322785,1
2022HU1322832,1
2022HU1322857,1
2022HU1322970,1
2022HU1322978,1
2022HU1323069,1
2022HU1323101,1
2022HU1323229,1
2022HU1323248,1
2022HU1323253,1
2022HU1323256,1
2022HU1323279,1
2022HU1323351,1
2022HU1323379,1
2022HU1323441,1
2022HU1323567,1
2022HU1323620,1
2022HU1323644,1
2022HU1323683,1
2022HU1323789,1
2022HU1323865,1
2022HU1323901,1
2022HU1323974,1
2022HU1324065,1
2022HU1324145,1
2022HU1324212,1
2022HU1324446,1
2022HU1324595,1
2022HU1324623,1
2022HU1324647,1
2022HU1324905,1
2022HU1325054,1
2022HU1325068,1
2022HU1325098,1
2022HU1325127,1
2022HU1325194,1
2022HU1325196,1
2022HU1325216,1
2022HU1325269,1
2022HU1325360,1
2022HU1325488,1
2022HU1325500,1
2022HU1325545,1
2022HU1325600,1
2022HU1325616,1
2022HU1325627,1
2022HU1325776,1
2022HU1325821,1
2022HU1326051,1
2022HU1326471,1
2022HU1326472,1
2022HU1326553,1
2022HU1326566,1
2022HU1326619,1
2022HU1326746,1
2022HU1326837,1
2022HU1326965,1
2022HU1327140,1
2022HU1327202,1
2022HU1327203,1
2022HU1327395,1
2022HU1327463,1
2022HU1327609,1
2022HU1327719,1
2022HU1327801,1
2022HU1327820,1
2022HU1327959,1
2022HU1328023,1
2022HU1328038,1
2022HU1328068,1
2022HU1328133,1
2022HU1328172,1
2022HU1328177,1
2022HU1328229,1
2022HU1328234,1
2022HU1328310,1
2022HU1328345,1
2022HU1328549,1
2022HU1328581,1
2022HU1328583,1
2022HU1328589,1
2022HU1328602,1
2022HU1328721,1
2022HU1328797,1
2022HU1328983,1
2022HU1328985,1
2022HU1329169,1
2022HU1329205,1
2022HU1329231,1
2022HU1329235,1
2022HU1329312,1
2022HU1329366,1
2022HU1329400,1
2022HU1329433,1
2022HU1329475,1
2022HU1329518,1
2022HU1329614,1
2022HU1329634,1
2022HU1329660,1
2022HU1329792,1
2022HU1329807,1
2022HU1329905,1
2022HU1329940,1
2022HU1329960,1
2022HU1330023,1
2022HU1330069,1
2022HU1330078,1
2022HU1330138,1
2022HU1330454,1
2022HU1330471,1
2022HU1330558,1
2022HU1330636,1
2022HU1330637,1
2022HU1330982,1
2022HU1331142,1
2022HU1331170,1
2022HU1331314,1
2022HU1331323,1
2022HU1331352,1
2022HU1331356,1
2022HU1331483,1
2022HU1331493,1
2022HU1331507,1
2022HU1331563,1
2022HU1331721,1
2022HU1331823,1
2022HU1331828,1
2022HU1331904,1
2022HU1331961,1
2022HU1332103,1
2022HU1332168,1
2022HU1332196,1
2022HU1332239,1
2022HU1332251,1
2022HU1332465,1
2022HU1332473,1
2022HU1332481,1
2022HU1332514,1
2022HU1332746,1
2022HU1332804,1
2022HU1332892,1
2022HU1332925,1
2022HU1333079,1
2022HU1333083,1
2022HU1333130,1
2022HU1333150,1
2022HU1333211,1
2022HU1333488,1
2022HU1333569,1
2022HU1333625,1
2022HU1333697,1
2022HU1333777,1
2022HU1333849,1
2022HU1333862,1
2022HU1333888,1
2022HU1333895,1
2022HU1334077,1
2022HU1334124,1
2022HU1334134,1
2022HU1334147,1
2022HU1334283,1
2022HU1334306,1
2022HU1334458,1
2022HU1334488,1
2022HU1334515,1
2022HU1334517,1
2022HU1334522,1
2022HU1334560,1
2022HU1334640,1
2022HU1334660,1
2022HU1334775,1
2022HU1334783,1
2022HU1334787,1
2022HU1335187,1
2022HU1335293,1
2022HU1335345,1
2022HU1335522,1
2022HU1335569,1
2022HU1335728,1
2022HU1335791,1
2022HU1335802,1
2022HU1335809,1
2022HU1335966,1
2022HU1336039,1
2022HU1336083,1
2022HU1336096,1
2022HU1336151,1
2022HU1336261,1
2022HU1336275,1
2022HU1336627,1
2022HU1336639,1
2022HU1336698,1
2022HU1336844,1
2022HU1336940,1
2022HU1336942,1
2022HU1336943,1
2022HU1337051,1
2022HU1337154,1
2022HU1337225,1
2022HU1337229,1
2022HU1337278,1
2022HU1337312,1
2022HU1337355,1
2022HU1337407,1
2022HU1337460,1
2022HU1337488,1
2022HU1337492,1
2022HU1337692,1
2022HU1337761,1
2022HU1337824,1
2022HU1337903,1
2022HU1337961,1
2022HU1338023,1
2022HU1338090,1
2022HU1338238,1
2022HU1338361,1
2022HU1338397,1
2022HU1338505,1
2022HU1338533,1
2022HU1338549,1
2022HU1338577,1
2022HU1338601,1
2022HU1338694,1
2022HU1338771,1
2022HU1338978,1
2022HU1338993,1
2022HU1339003,1
2022HU1339030,1
2022HU1339051,1
2022HU1339090,1
2022HU1339125,1
2022HU1339203,1
2022HU1339254,1
2022HU1339674,1
2022HU1339827,1
2022HU1339844,1
2022HU1339899,1
2022HU1339920,1
2022HU1340067,1
2022HU1340195,1
2022HU1340406,1
2022HU1340748,1
2022HU1340778,1
2022HU1340783,1
2022HU1340941,1
2022HU1340977,1
2022HU1340988,1
2022HU1341021,1
2022HU1341075,1
2022HU1341124,1
2022HU1341395,1
2022HU1341436,1
2022HU1341455,1
2022HU1341596,1
2022HU1341603,1
2022HU1341697,1
2022HU1341728,1
2022HU1341762,1
2022HU1341902,1
2022HU1341920,1
2022HU1341987,1
2022HU1342081,1
2022HU1342132,1
2022HU1342211,1
2022HU1342214,1
2022HU1342231,1
2022HU1342254,1
2022HU1342274,1
2022HU1342434,1
2022HU1342470,1
2022HU1342630,1
2022HU1342645,1
2022HU1342670,1
2022HU1342700,1
2022HU1342818,1
2022HU1342916,1
2022HU1342937,1
2022HU1342942,1
2022HU1343319,1
2022HU1343543,1
2022HU1343549,1
2022HU1343647,1
2022HU1343723,1
2022HU1343767,1
2022HU1343777,1
2022HU1343835,1
2022HU1343976,1
2022HU1344016,1
2022HU1344122,1
2022HU1344288,1
2022HU1344302,1
2022HU1344409,1
2022HU1344421,1
2022HU1344461,1
2022HU1344473,1
2022HU1344538,1
2022HU1344556,1
2022HU1344559,1
2022HU1344642,1
2022HU1344672,1
2022HU1344724,1
2022HU1345061,1
2022HU1345101,1
2022HU1345113,1
2022HU1345228,1
2022HU1345390,1
2022HU1345653,1
2022HU1345798,1
2022HU1345870,1
2022HU1346167,1
2022HU1346237,1
2022HU1346427,1
2022HU1346489,1
2022HU1346631,1
2022HU1346636,1
2022HU1346688,1
2022HU1346723,1
2022HU1346753,1
2022HU1347121,1
2022HU1347284,1
2022HU1347319,1
2022HU1347464,1
2022HU1347561,1
2022HU1347585,1
2022HU1347648,1
2022HU1347692,1
2022HU1347851,1
2022HU1347889,1
2022HU1347955,1
2022HU1347963,1
2022HU1348114,1
2022HU1348218,1
2022HU1348371,1
2022HU1348432,1
2022HU1348500,1
2022HU1348508,1
2022HU1348600,1
2022HU1348654,1
2022HU1348736,1
2022HU1348828,1
2022HU1348857,1
2022HU1348899,1
2022HU1348914,1
2022HU1349089,1
2022HU1349110,1
2022HU1349112,1
2022HU1349119,1
2022HU1349164,1
2022HU1349221,1
2022HU1349320,1
2022HU1349351,1
2022HU1349409,1
2022HU1349429,1
2022HU1349555,1
2022HU1349564,1
2022HU1349624,1
2022HU1349733,1
2022HU1349749,1
2022HU1349967,1
2022HU1349983,1
2022HU1350059,1
2022HU1350099,1
2022HU1350112,1
2022HU1350129,1
2022HU1350131,1
2022HU1350136,1
2022HU1350198,1
2022HU1350220,1
2022HU1350243,1
2022HU1350251,1
2022HU1350410,1
2022HU1350466,1
2022HU1350608,1
2022HU1350852,1
2022HU1350880,1
2022HU1350881,1
2022HU1350954,1
2022HU1350985,1
2022HU1351057,1
2022HU1351117,1
2022HU1351125,1
2022HU1351191,1
2022HU1351422,1
2022HU1351512,1
2022HU1351528,1
2022HU1351541,1
2022HU1351568,1
2022HU1351609,1
2022HU1351643,1
2022HU1351667,1
2022HU1351697,1
2022HU1351721,1
2022HU1351870,1
2022HU1352006,1
2022HU1352061,1
2022HU1352099,1
2022HU1352136,1
2022HU1352139,1
2022HU1352161,1
2022HU1352238,1
2022HU1352429,1
2022HU1352469,1
2022HU1352505,1
2022HU1352548,1
2022HU1352623,1
2022HU1352737,1
2022HU1352745,1
2022HU1352810,1
2022HU1352947,1
2022HU1353197,1
2022HU1353341,1
2022HU1353377,1
2022HU1353421,1
2022HU1353526,1
2022HU1353546,1
2022HU1353566,1
2022HU1353665,1
2022HU1353742,1
2022HU1353796,1
2022HU1354021,1
2022HU1354074,1
2022HU1354100,1
2022HU1354112,1
2022HU1354126,1
2022HU1354214,1
2022HU1354319,1
2022HU1354541,1
2022HU1354666,1
2022HU1354876,1
2022HU1354954,1
2022HU1354959,1
2022HU1354961,1
2022HU1355016,1
2022HU1355038,1
2022HU1355068,1
2022HU1355083,1
2022HU1355231,1
2022HU1355319,1
2022HU1355366,1
2022HU1355504,1
2022HU1355778,1
2022HU1355935,1
2022HU1355965,1
2022HU1356037,1
2022HU1356091,1
2022HU1356240,1
2022HU1356373,1
2022HU1356376,1
2022HU1356524,1
2022HU1356525,1
2022HU1356706,1
2022HU1356734,1
2022HU1356766,1
2022HU1356800,1
2022HU1356829,1
2022HU1356898,1
2022HU1356965,1
2022HU1356973,1
2022HU1356981,1
2022HU1357008,1
2022HU1357014,1
2022HU1357052,1
2022HU1357084,1
2022HU1357139,1
2022HU1357150,1
2022HU1357151,1
2022HU1357270,1
2022HU1357311,1
2022HU1357325,1
2022HU1357485,1
2022HU1357532,1
2022HU1357705,1
2022HU1357763,1
2022HU1357849,1
2022HU1357895,1
2022HU1358041,1
2022HU1358099,1
2022HU1358118,1
2022HU1358127,1
2022HU1358211,1
2022HU1358270,1
2022HU1358287,1
2022HU1358490,1
2022HU1358742,1
2022HU1358897,1
2022HU1358905,1
2022HU1358977,1
2022HU1359033,1
2022HU1359105,1
2022HU1359106,1
2022HU1359161,1
2022HU1359258,1
2022HU1359349,1
2022HU1359358,1
2022HU1359428,1
2022HU1359463,1
2022HU1359495,1
2022HU1359533,1
2022HU1359562,1
2022HU1359694,1
2022HU1359720,1
2022HU1359806,1
2022HU1359849,1
2022HU1359882,1
2022HU1359895,1
2022HU1359928,1
2022HU1359939,1
2022HU1359944,1
2022HU1360295,1
2022HU1360361,1
2022HU1360373,1
2022HU1360435,1
2022HU1360632,1
2022HU1360653,1
2022HU1360654,1
2022HU1360733,1
2022HU1360768,1
2022HU1360771,1
2022HU1360811,1
2022HU1360939,1
2022HU1360950,1
2022HU1361005,1
2022HU1361312,1
2022HU1361384,1
2022HU1361437,1
2022HU1361459,1
2022HU1361482,1
2022HU1361535,1
2022HU1361571,1
2022HU1361592,1
2022HU1361705,1
2022HU1361737,1
2022HU1361872,1
2022HU1361897,1
2022HU1361974,1
2022HU1361989,1
2022HU1362020,1
2022HU1362093,1
2022HU1362389,1
2022HU1362768,1
2022HU1362781,1
2022HU1362822,1
2022HU1362919,1
2022HU1363109,1
2022HU1363206,1
2022HU1363219,1
2022HU1363307,1
2022HU1363317,1
2022HU1363368,1
2022HU1363370,1
2022HU1363478,1
2022HU1363503,1
2022HU1363592,1
2022HU1363656,1
2022HU1363795,1
2022HU1363844,1
2022HU1364141,1
2022HU1364213,1
2022HU1364322,1
2022HU1364330,1
2022HU1364343,1
2022HU1364440,1
2022HU1364531,1
2022HU1364591,1
2022HU1364626,1
2022HU1364677,1
2022HU1364683,1
2022HU1364794,1
2022HU1364799,1
2022HU1364859,1
2022HU1364869,1
2022HU1364889,1
2022HU1364902,1
2022HU1364947,1
2022HU1364962,1
2022HU1365001,1
2022HU1365099,1
2022HU1365250,1
2022HU1365257,1
2022HU1365408,1
2022HU1365432,1
2022HU1365683,1
2022HU1365794,1
2022HU1365921,1
2022HU1365943,1
2022HU1366069,1
2022HU1366201,1
2022HU1366305,1
2022HU1366325,1
2022HU1366350,1
2022HU1366447,1
2022HU1366504,1
2022HU1366614,1
2022HU1366642,1
2022HU1366662,1
2022HU1366717,1
2022HU1366874,1
2022HU1367023,1
2022HU1367302,1
2022HU1367325,1
2022HU1367532,1
2022HU1367658,1
2022HU1367667,1
2022HU1367690,1
2022HU1367784,1
2022HU1367848,1
2022HU1367867,1
2022HU1367955,1
2022HU1368250,1
2022HU1368385,1
2022HU1368398,1
2022HU1368407,1
2022HU1368537,1
2022HU1368592,1
2022HU1368594,1
2022HU1368630,1
2022HU1368634,1
2022HU1368666,1
2022HU1368670,1
2022HU1368888,1
2022HU1368952,1
2022HU1368996,1
2022HU1369031,1
2022HU1369208,1
2022HU1369305,1
2022HU1369501,1
2022HU1369561,1
2022HU1369612,1
2022HU1369617,1
2022HU1369644,1
2022HU1369754,1
2022HU1369815,1
2022HU1369855,1
2022HU1369861,1
2022HU1369997,1
2022HU1370040,1
2022HU1370146,1
2022HU1370174,1
2022HU1370196,1
2022HU1370258,1
2022HU1370263,1
2022HU1370293,1
2022HU1370339,1
2022HU1370419,1
2022HU1370684,1
2022HU1371011,1
2022HU1371179,1
2022HU1371183,1
2022HU1371316,1
2022HU1371326,1
2022HU1371371,1
2022HU1371439,1
2022HU1371566,1
2022HU1371627,1
2022HU1371697,1
2022HU1371774,1
2022HU1371775,1
2022HU1371780,1
2022HU1371788,1
2022HU1371805,1
2022HU1371870,1
2022HU1371945,1
2022HU1372108,1
2022HU1372138,1
2022HU1372180,1
2022HU1372182,1
2022HU1372236,1
2022HU1372385,1
2022HU1372429,1
2022HU1372719,1
2022HU1372745,1
2022HU1372845,1
2022HU1373050,1
2022HU1373060,1
2022HU1373153,1
2022HU1373171,1
2022HU1373316,1
2022HU1373420,1
2022HU1373541,1
2022HU1373591,1
2022HU1373761,1
2022HU1373763,1
2022HU1373772,1
2022HU1373876,1
2022HU1374073,1
2022HU1374114,1
2022HU1374116,1
2022HU1374191,1
2022HU1374296,1
2022HU1374346,1
2022HU1374430,1
2022HU1374448,1
2022HU1374463,1
2022HU1374510,1
2022HU1374559,1
2022HU1374577,1
2022HU1374695,1
2022HU1374699,1
2022HU1374718,1
2022HU1374744,1
2022HU1374803,1
2022HU1374806,1
2022HU1374942,1
2022HU1374963,1
2022HU1374993,1
2022HU1375076,1
2022HU1375087,1
2022HU1375130,1
2022HU1375177,1
2022HU1375201,1
2022HU1375323,1
2022HU1375417,1
2022HU1375425,1
2022HU1375551,1
2022HU1375590,1
2022HU1375610,1
2022HU1375615,1
2022HU1375683,1
2022HU1375796,1
2022HU1375803,1
2022HU1375804,1
2022HU1375809,1
2022HU1375876,1
2022HU1375938,1
2022HU1376081,1
2022HU1376116,1
2022HU1376160,1
2022HU1376343,1
2022HU1376449,1
2022HU1376687,1
2022HU1376744,1
2022HU1376826,1
2022HU1376846,1
2022HU1377106,1
2022HU1377530,1
2022HU1377532,1
2022HU1377652,1
2022HU1377738,1
2022HU1377977,1
2022HU1378079,1
2022HU1378255,1
2022HU1378370,1
2022HU1378387,1
2022HU1378392,1
2022HU1378394,1
2022HU1378448,1
2022HU1378515,1
2022HU1378617,1
2022HU1378635,1
2022HU1378786,1
2022HU1378791,1
2022HU1378843,1
2022HU1378915,1
2022HU1379050,1
2022HU1379158,1
2022HU1379186,1
2022HU1379234,1
2022HU1379256,1
2022HU1379327,1
2022HU1379372,1
2022HU1379475,1
2022HU1379536,1
2022HU1379635,1
2022HU1379638,1
2022HU1379738,1
2022HU1379805,1
2022HU1379807,1
2022HU1379816,1
2022HU1379943,1
2022HU1379944,1
2022HU1380166,1
2022HU1380188,1
2022HU1380387,1
2022HU1380543,1
2022HU1380585,1
2022HU1380587,1
2022HU1380618,1
2022HU1380668,1
2022HU1380797,1
2022HU1380811,1
2022HU1380833,1
2022HU1380840,1
2022HU1380847,1
2022HU1380878,1
2022HU1381031,1
2022HU1381052,1
2022HU1381110,1
2022HU1381418,1
2022HU1381485,1
2022HU1381526,1
2022HU1381633,1
2022HU1381761,1
2022HU1381906,1
2022HU1381924,1
2022HU1381974,1
2022HU1382034,1
2022HU1382092,1
2022HU1382111,1
2022HU1382145,1
2022HU1382236,1
2022HU1382272,1
2022HU1382280,1
2022HU1382313,1
2022HU1382314,1
2022HU1382447,1
2022HU1382483,1
2022HU1382514,1
2022HU1382557,1
2022HU1382580,1
2022HU1382582,1
2022HU1382691,1
2022HU1382706,1
2022HU1382993,1
2022HU1383083,1
2022HU1383127,1
2022HU1383141,1
2022HU1383197,1
2022HU1383232,1
2022HU1383602,1
2022HU1383629,1
2022HU1383710,1
2022HU1383728,1
2022HU1383863,1
2022HU1383870,1
2022HU1383900,1
2022HU1383966,1
2022HU1384056,1
2022HU1384092,1
2022HU1384167,1
2022HU1384447,1
2022HU1384516,1
2022HU1384540,1
2022HU1384562,1
2022HU1384919,1
2022HU1384949,1
2022HU1384950,1
2022HU1384996,1
2022HU1385019,1
2022HU1385078,1
2022HU1385163,1
2022HU1385247,1
2022HU1385315,1
2022HU1385340,1
2022HU1385524,1
2022HU1385627,1
2022HU1385697,1
2022HU1385712,1
2022HU1385822,1
2022HU1385845,1
2022HU1386153,1
2022HU1386213,1
2022HU1386232,1
2022HU1386306,1
2022HU1386323,1
2022HU1386508,1
2022HU1386586,1
2022HU1386596,1
2022HU1386687,1
2022HU1386738,1
2022HU1386743,1
2022HU1386847,1
2022HU1386857,1
2022HU1386922,1
2022HU1387030,1
2022HU1387050,1
2022HU1387325,1
2022HU1387361,1
2022HU1387365,1
2022HU1387396,1
2022HU1387447,1
2022HU1387519,1
2022HU1387613,1
2022HU1387709,1
2022HU1387777,1
2022HU1387893,1
2022HU1387974,1
2022HU1388010,1
2022HU1388027,1
2022HU1388072,1
2022HU1388225,1
2022HU1388268,1
2022HU1388604,1
2022HU1388634,1
2022HU1388681,1
2022HU1388756,1
2022HU1388783,1
2022HU1388881,1
2022HU1388907,1
2022HU1389172,1
2022HU1389236,1
2022HU1389254,1
2022HU1389306,1
2022HU1389337,1
2022HU1389477,1
2022HU1389525,1
2022HU1389659,1
2022HU1389752,1
2022HU1389915,1
2022HU1389999,1
2022HU1390053,1
2022HU1390084,1
2022HU1390179,1
2022HU1390313,1
2022HU1390326,1
2022HU1390340,1
2022HU1390507,1
2022HU1390547,1
2022HU1390591,1
2022HU1390670,1
2022HU1390867,1
2022HU1390872,1
2022HU1390971,1
2022HU1391031,1
2022HU1391072,1
2022HU1391133,1
2022HU1391174,1
2022HU1391386,1
2022HU1391407,1
2022HU1391516,1
2022HU1391528,1
2022HU1391538,1
2022HU1391567,1
2022HU1391578,1
2022HU1391603,1
2022HU1391696,1
2022HU1391972,1
2022HU1391995,1
2022HU1392032,1
2022HU1392239,1
2022HU1392346,1
2022HU1392354,1
2022HU1392602,1
2022HU1392622,1
2022HU1392686,1
2022HU1392704,1
2022HU1392768,1
2022HU1392868,1
2022HU1393093,1
2022HU1393180,1
2022HU1393233,1
2022HU1393245,1
2022HU1393409,1
2022HU1393465,1
2022HU1393489,1
2022HU1393768,1
2022HU1393794,1
2022HU1394051,1
2022HU1394091,1
2022HU1394166,1
2022HU1394263,1
2022HU1394430,1
2022HU1394480,1
2022HU1394525,1
2022HU1394649,1
2022HU1394710,1
2022HU1394758,1
2022HU1394806,1
2022HU1394822,1
2022HU1394858,1
2022HU1394939,1
2022HU1395040,1
2022HU1395062,1
2022HU1395073,1
2022HU1395218,1
2022HU1395295,1
2022HU1395464,1
2022HU1395471,1
2022HU1395472,1
2022HU1395759,1
2022HU1395821,1
2022HU1395829,1
2022HU1395839,1
2022HU1395894,1
2022HU1395946,1
2022HU1395966,1
2022HU1396102,1
2022HU1396105,1
2022HU1396214,1
2022HU1396256,1
2022HU1396257,1
2022HU1396390,1
2022HU1396407,1
2022HU1396534,1
2022HU1396632,1
2022HU1396644,1
2022HU1396717,1
2022HU1396749,1
2022HU1396842,1
2022HU1396875,1
2022HU1396956,1
2022HU1397024,1
2022HU1397038,1
2022HU1397077,1
2022HU1397125,1
2022HU1397140,1
2022HU1397244,1
2022HU1397320,1
2022HU1397415,1
2022HU1397419,1
2022HU1397443,1
2022HU1397466,1
2022HU1397505,1
2022HU1397584,1
2022HU1397674,1
2022HU1397801,1
2022HU1397810,1
2022HU1397811,1
2022HU1397815,1
2022HU1398094,1
2022HU1398151,1
2022HU1398159,1
2022HU1398216,1
2022HU1398220,1
2022HU1398427,1
2022HU1398508,1
2022HU1398527,1
2022HU1398572,1
2022HU1398781,1
2022HU1398848,1
2022HU1398873,1
2022HU1398891,1
2022HU1398894,1
2022HU1399126,1
2022HU1399154,1
2022HU1399175,1
2022HU1399194,1
2022HU1399206,1
2022HU1399372,1
2022HU1399508,1
2022HU1399627,1
2022HU1399706,1
2022HU1399772,1
2022HU1399779,1
2022HU1399805,1
2022HU1399815,1
2022HU1399956,1
2022HU1400239,1
2022HU1400434,1
2022HU1400450,1
2022HU1400473,1
2022HU1400561,1
2022HU1400666,1
2022HU1400712,1
2022HU1400838,1
2022HU1400899,1
2022HU1401035,1
2022HU1401048,1
2022HU1401072,1
2022HU1401162,1
2022HU1401168,1
2022HU1401260,1
2022HU1401328,1
2022HU1401406,1
2022HU1401433,1
2022HU1401469,1
2022HU1401545,1
2022HU1401635,1
2022HU1401809,1
2022HU1401868,1
2022HU1401910,1
2022HU1401941,1
2022HU1402090,1
2022HU1402197,1
2022HU1402237,1
2022HU1402287,1
2022HU1402292,1
2022HU1402421,1
2022HU1402471,1
2022HU1402600,1
2022HU1402643,1
2022HU1402659,1
2022HU1402813,1
2022HU1402950,1
2022HU1403089,1
2022HU1403123,1
2022HU1403173,1
2022HU1403231,1
2022HU1403282,1
2022HU1403312,1
2022HU1403320,1
2022HU1403327,1
2022HU1403377,1
2022HU1403466,1
2022HU1403524,1
2022HU1403563,1
2022HU1403669,1
2022HU1403683,1
2022HU1403807,1
2022HU1403819,1
2022HU1403869,1
2022HU1403894,1
2022HU1403958,1
2022HU1404018,1
2022HU1404046,1
2022HU1404084,1
2022HU1404151,1
2022HU1404251,1
2022HU1404373,1
2022HU1404411,1
2022HU1404499,1
2022HU1404540,1
2022HU1404592,1
2022HU1404746,1
2022HU1404844,1
2022HU1404893,1
2022HU1405003,1
2022HU1405066,1
2022HU1405116,1
2022HU1405174,1
2022HU1405291,1
2022HU1405372,1
2022HU1405388,1
2022HU1405395,1
2022HU1405467,1
2022HU1405544,1
2022HU1405546,1
2022HU1405606,1
2022HU1405639,1
2022HU1405846,1
2022HU1406080,1
2022HU1406121,1
2022HU1406280,1
2022HU1406282,1
2022HU1406286,1
2022HU1406309,1
2022HU1406337,1
2022HU1406364,1
2022HU1406562,1
2022HU1406605,1
2022HU1406623,1
2022HU1406629,1
2022HU1406664,1
2022HU1406741,1
2022HU1406742,1
2022HU1406770,1
2022HU1406963,1
2022HU1406988,1
2022HU1407000,1
2022HU1407009,1
2022HU1407263,1
2022HU1407344,1
2022HU1407359,1
2022HU1407428,1
2022HU1407521,1
2022HU1407649,1
2022HU1407674,1
2022HU1407716,1
2022HU1407726,1
2022HU1407727,1
2022HU1407838,1
2022HU1407888,1
2022HU1408082,1
2022HU1408212,1
2022HU1408239,1
2022HU1408315,1
2022HU1408394,1
2022HU1408428,1
2022HU1408448,1
2022HU1408470,1
2022HU1408543,1
2022HU1408662,1
2022HU1408740,1
2022HU1408749,1
2022HU1408867,1
2022HU1408959,1
2022HU1409098,1
2022HU1409122,1
2022HU1409192,1
2022HU1409200,1
2022HU1409273,1
2022HU1409323,1
2022HU1409475,1
2022HU1409652,1
2022HU1409660,1
2022HU1409694,1
2022HU1409717,1
2022HU1409815,1
2022HU1409849,1
2022HU1409991,1
2022HU1409996,1
2022HU1410033,1
2022HU1410084,1
2022HU1410100,1
2022HU1410140,1
2022HU1410213,1
2022HU1410241,1
2022HU1410424,1
2022HU1410623,1
2022HU1410653,1
2022HU1410703,1
2022HU1410796,1
2022HU1410883,1
2022HU1410931,1
2022HU1410933,1
2022HU1411109,1
2022HU1411147,1
2022HU1411249,1
2022HU1411298,1
2022HU1411326,1
2022HU1411397,1
2022HU1411486,1
2022HU1411509,1
2022HU1411627,1
2022HU1411668,1
2022HU1411677,1
2022HU1411701,1
2022HU1411721,1
2022HU1411732,1
2022HU1411781,1
2022HU1411821,1
2022HU1411862,1
2022HU1411934,1
2022HU1411982,1
2022HU1412122,1
2022HU1412170,1
2022HU1412176,1
2022HU1412188,1
2022HU1412308,1
2022HU1412375,1
2022HU1412407,1
2022HU1412516,1
2022HU1412543,1
2022HU1412597,1
2022HU1412658,1
2022HU1412678,1
2022HU1412691,1
2022HU1412736,1
2022HU1412809,1
2022HU1412931,1
2022HU1413081,1
2022HU1413149,1
2022HU1413250,1
2022HU1413303,1
2022HU1413360,1
2022HU1413375,1
2022HU1413467,1
2022HU1413579,1
2022HU1413593,1
2022HU1413647,1
2022HU1413846,1
2022HU1413926,1
2022HU1413927,1
2022HU1413951,1
2022HU1413977,1
2022HU1414091,1
2022HU1414230,1
2022HU1414301,1
2022HU1414445,1
2022HU1414517,1
2022HU1414531,1
2022HU1414802,1
2022HU1414926,1
2022HU1414943,1
2022HU1414955,1
2022HU1415039,1
2022HU1415057,1
2022HU1415178,1
2022HU1415193,1
2022HU1415198,1
2022HU1415488,1
2022HU1415546,1
2022HU1415658,1
2022HU1415924,1
2022HU1416010,1
2022HU1416083,1
2022HU1416145,1
2022HU1416201,1
2022HU1416245,1
2022HU1416475,1
2022HU1416501,1
2022HU1416547,1
2022HU1416625,1
2022HU1416779,1
2022HU1416780,1
2022HU1416805,1
2022HU1416859,1
2022HU1416884,1
2022HU1416945,1
2022HU1416955,1
2022HU1417041,1
2022HU1417054,1
2022HU1417142,1
2022HU1417331,1
2022HU1417337,1
2022HU1417550,1
2022HU1417615,1
2022HU1417658,1
2022HU1417663,1
2022HU1417700,1
2022HU1417720,1
2022HU1417732,1
2022HU1417770,1
2022HU1417781,1
2022HU1417875,1
2022HU1417940,1
2022HU1418213,1
2022HU1418220,1
2022HU1418233,1
2022HU1418254,1
2022HU1418361,1
2022HU1418391,1
2022HU1418413,1
2022HU1418686,1
2022HU1418743,1
2022HU1418852,1
2022HU1418918,1
2022HU1418949,1
2022HU1418957,1
2022HU1419031,1
2022HU1419042,1
2022HU1419124,1
2022HU1419311,1
2022HU1419357,1
2022HU1419378,1
2022HU1419409,1
2022HU1419476,1
2022HU1419486,1
2022HU1419546,1
2022HU1419557,1
2022HU1419598,1
2022HU1419683,1
2022HU1419779,1
2022HU1420066,1
2022HU1420093,1
2022HU1420217,1
2022HU1420244,1
2022HU1420464,1
2022HU1420475,1
2022HU1420500,1
2022HU1420538,1
2022HU1420601,1
2022HU1420711,1
2022HU1420757,1
2022HU1420777,1
2022HU1420854,1
2022HU1420920,1
2022HU1420990,1
2022HU1421212,1
2022HU1421227,1
2022HU1421298,1
2022HU1421323,1
2022HU1421364,1
2022HU1421405,1
2022HU1421440,1
2022HU1421459,1
2022HU1421619,1
2022HU1421673,1
2022HU1421708,1
2022HU1421797,1
2022HU1421864,1
2022HU1421876,1
2022HU1422080,1
2022HU1422128,1
2022HU1422133,1
2022HU1422240,1
2022HU1422266,1
2022HU1422271,1
2022HU1422299,1
2022HU1422372,1
2022HU1422396,1
2022HU1422567,1
2022HU1422782,1
2022HU1422926,1
2022HU1422980,1
2022HU1422984,1
2022HU1422989,1
2022HU1423064,1
2022HU1423088,1
2022HU1423131,1
2022HU1423209,1
2022HU1423376,1
2022HU1423497,1
2022HU1423557,1
2022HU1423627,1
2022HU1423709,1
2022HU1423893,1
2022HU1423936,1
2022HU1423946,1
2022HU1423973,1
2022HU1424005,1
2022HU1424156,1
2022HU1424180,1
2022HU1424202,1
2022HU1424314,1
2022HU1424385,1
2022HU1424426,1
2022HU1424593,1
2022HU1424601,1
2022HU1424647,1
2022HU1424839,1
2022HU1424845,1
2022HU1424846,1
2022HU1424901,1
2022HU1424914,1
2022HU1424946,1
2022HU1424975,1
2022HU1425119,1
2022HU1425136,1
2022HU1425227,1
2022HU1425228,1
2022HU1425330,1
2022HU1425479,1
2022HU1425489,1
2022HU1425500,1
2022HU1425723,1
2022HU1425734,1
2022HU1425952,1
2022HU1425955,1
2022HU1425959,1
2022HU1426163,1
2022HU1426209,1
2022HU1426220,1
2022HU1426266,1
2022HU1426336,1
2022HU1426570,1
2022HU1426602,1
2022HU1426693,1
2022HU1426696,1
2022HU1426765,1
2022HU1426947,1
2022HU1426956,1
2022HU1427277,1
2022HU1427315,1
2022HU1427316,1
2022HU1427388,1
2022HU1427436,1
2022HU1427468,1
2022HU1427555,1
2022HU1427665,1
2022HU1427670,1
2022HU1427701,1
2022HU1427760,1
2022HU1427820,1
2022HU1427823,1
2022HU1427950,1
2022HU1427959,1
2022HU1427998,1
2022HU1428015,1
2022HU1428017,1
2022HU1428034,1
2022HU1428052,1
2022HU1428090,1
2022HU1428136,1
2022HU1428156,1
2022HU1428287,1
2022HU1428317,1
2022HU1428373,1
2022HU1428379,1
2022HU1428428,1
2022HU1428440,1
2022HU1428572,1
2022HU1428573,1
2022HU1428663,1
2022HU1428682,1
2022HU1428686,1
2022HU1428909,1
2022HU1428919,1
2022HU1428935,1
2022HU1428955,1
2022HU1428958,1
2022HU1428960,1
2022HU1428974,1
2022HU1428991,1
2022HU1428996,1
2022HU1428998,1
2022HU1429006,1
2022HU1429231,1
2022HU1429253,1
2022HU1429279,1
2022HU1429445,1
2022HU1429453,1
2022HU1429554,1
2022HU1429591,1
2022HU1429698,1
2022HU1429804,1
2022HU1430008,1
2022HU1430031,1
2022HU1430094,1
2022HU1430232,1
2022HU1430249,1
2022HU1430253,1
2022HU1430291,1
2022HU1430361,1
2022HU1430370,1
2022HU1430428,1
2022HU1430463,1
2022HU1430528,1
2022HU1430547,1
2022HU1430584,1
2022HU1430647,1
2022HU1430737,1
2022HU1430793,1
2022HU1430844,1
2022HU1430892,1
2022HU1430924,1
2022HU1430944,1
2022HU1430995,1
2022HU1431005,1
2022HU1431007,1
2022HU1431011,1
2022HU1431134,1
2022HU1431179,1
2022HU1431357,1
2022HU1431483,1
2022HU1431536,1
2022HU1431598,1
2022HU1431635,1
2022HU1431778,1
2022HU1431807,1
2022HU1431867,1
2022HU1431903,1
2022HU1431922,1
2022HU1432013,1
2022HU1432113,1
2022HU1432276,1
2022HU1432338,1
2022HU1432357,1
2022HU1432402,1
2022HU1432563,1
2022HU1432654,1
2022HU1432736,1
2022HU1432801,1
2022HU1432819,1
2022HU1433019,1
2022HU1433217,1
2022HU1433245,1
2022HU1433279,1
2022HU1433289,1
2022HU1433523,1
2022HU1433556,1
2022HU1433559,1
2022HU1433604,1
2022HU1433644,1
2022HU1433666,1
2022HU1433756,1
2022HU1433823,1
2022HU1433872,1
2022HU1433912,1
2022HU1434004,1
2022HU1434020,1
2022HU1434038,1
2022HU1434103,1
2022HU1434106,1
2022HU1434317,1
2022HU1434367,1
2022HU1434933,1
2022HU1434943,1
2022HU1434993,1
2022HU1435070,1
2022HU1435120,1
2022HU1435170,1
2022HU1435258,1
2022HU1435261,1
2022HU1435318,1
2022HU1435344,1
2022HU1435392,1
2022HU1435441,1
2022HU1435519,1
2022HU1435522,1
2022HU1435832,1
2022HU1435890,1
2022HU1436006,1
2022HU1436008,1
2022HU1436207,1
2022HU1436248,1
2022HU1436399,1
2022HU1436709,1
2022HU1436714,1
2022HU1436720,1
2022HU1436786,1
2022HU1436884,1
2022HU1436996,1
2022HU1437009,1
2022HU1437040,1
2022HU1437064,1
2022HU1437317,1
2022HU1437489,1
2022HU1437577,1
2022HU1437592,1
2022HU1437620,1
2022HU1437624,1
2022HU1437759,1
2022HU1437792,1
2022HU1437824,1
2022HU1437858,1
2022HU1437861,1
2022HU1437958,1
2022HU1437981,1
2022HU1437993,1
2022HU1438099,1
2022HU1438213,1
2022HU1438302,1
2022HU1438631,1
2022HU1438812,1
2022HU1438894,1
2022HU1438914,1
2022HU1438942,1
2022HU1438970,1
2022HU1438996,1
2022HU1439082,1
2022HU1439387,1
2022HU1439403,1
2022HU1439503,1
2022HU1439581,1
2022HU1439642,1
2022HU1439743,1
2022HU1439766,1
2022HU1439776,1
2022HU1439780,1
2022HU1439893,1
2022HU1439922,1
2022HU1439995,1
2022HU1440002,1
2022HU1440045,1
2022HU1440090,1
2022HU1440195,1
2022HU1440196,1
2022HU1440256,1
2022HU1440451,1
2022HU1440469,1
2022HU1440543,1
2022HU1440677,1
2022HU1440709,1
2022HU1440843,1
2022HU1440990,1
2022HU1441099,1
2022HU1441137,1
2022HU1441165,1
2022HU1441200,1
2022HU1441379,1
2022HU1441487,1
2022HU1442007,1
2022HU1442035,1
2022HU1442109,1
2022HU1442182,1
2022HU1442183,1
2022HU1442315,1
2022HU1442357,1
2022HU1442412,1
2022HU1442525,1
2022HU1442623,1
2022HU1442625,1
2022HU1442647,1
2022HU1442678,1
2022HU1442823,1
2022HU1442830,1
2022HU1442866,1
2022HU1442927,1
2022HU1442941,1
2022HU1443157,1
2022HU1443175,1
2022HU1443296,1
2022HU1443297,1
2022HU1443363,1
2022HU1443495,1
2022HU1443502,1
2022HU1443641,1
2022HU1443698,1
2022HU1443720,1
2022HU1443863,1
2022HU1444148,1
2022HU1444153,1
2022HU1444197,1
2022HU1444204,1
2022HU1444314,1
2022HU1444453,1
2022HU1444531,1
2022HU1444546,1
2022HU1444584,1
2022HU1444700,1
2022HU1444707,1
2022HU1444787,1
2022HU1444820,1
2022HU1444924,1
2022HU1444926,1
2022HU1444995,1
2022HU1445047,1
2022HU1445055,1
2022HU1445183,1
2022HU1445323,1
2022HU1445339,1
2022HU1445462,1
2022HU1445547,1
2022HU1445731,1
2022HU1445734,1
2022HU1445743,1
2022HU1445752,1
2022HU1445993,1
2022HU1446190,1
2022HU1446229,1
2022HU1446233,1
2022HU1446259,1
2022HU1446392,1
